ISO-10303-21;
HEADER;
/* Generated by software containing ST-Developer
 * from STEP Tools, Inc. (www.steptools.com) 
 */

FILE_DESCRIPTION(
/* description */ (''),
/* implementation_level */ '2;1');

FILE_NAME(
/* name */ 'iphone-16-case.step',
/* time_stamp */ '2026-09-29T22:38:44+04:00',
/* author */ (''),
/* organization */ (''),
/* preprocessor_version */ 'ST-DEVELOPER v20.2',
/* originating_system */ 'Autodesk Translation Framework v15.15.0.0',
/* authorisation */ '');

FILE_SCHEMA (('AUTOMOTIVE_DESIGN { 1 0 10303 214 3 1 1 }'));
ENDSEC;

DATA;
#10=MECHANICAL_DESIGN_GEOMETRIC_PRESENTATION_REPRESENTATION('',(#13,#14),
#4639);
#11=SHAPE_REPRESENTATION_RELATIONSHIP('SRR','None',#4646,#12);
#12=ADVANCED_BREP_SHAPE_REPRESENTATION('',(#15,#16),#4638);
#13=STYLED_ITEM('',(#4655),#15);
#14=STYLED_ITEM('',(#4655),#16);
#15=MANIFOLD_SOLID_BREP('Body1',#2641);
#16=MANIFOLD_SOLID_BREP('Body2',#2642);
#17=FACE_BOUND('',#780,.T.);
#18=FACE_BOUND('',#781,.T.);
#19=FACE_BOUND('',#782,.T.);
#20=FACE_BOUND('',#828,.T.);
#21=FACE_BOUND('',#829,.T.);
#22=FACE_BOUND('',#844,.T.);
#23=FACE_BOUND('',#845,.T.);
#24=FACE_BOUND('',#846,.T.);
#25=FACE_BOUND('',#850,.T.);
#26=FACE_BOUND('',#851,.T.);
#27=FACE_BOUND('',#874,.T.);
#28=FACE_BOUND('',#875,.T.);
#29=FACE_BOUND('',#876,.T.);
#30=FACE_BOUND('',#879,.T.);
#31=FACE_BOUND('',#890,.T.);
#32=FACE_BOUND('',#901,.T.);
#33=FACE_BOUND('',#902,.T.);
#34=FACE_BOUND('',#910,.T.);
#35=FACE_BOUND('',#918,.T.);
#36=CONICAL_SURFACE('',#2733,2.25,0.785398163397451);
#37=CONICAL_SURFACE('',#2737,2.25,0.785398163397448);
#38=CONICAL_SURFACE('',#2777,2.25,0.785398163397451);
#39=CONICAL_SURFACE('',#2779,2.25,0.785398163397451);
#40=CONICAL_SURFACE('',#2787,2.25,0.78539816339745);
#41=CONICAL_SURFACE('',#2789,2.25,0.785398163397451);
#42=CONICAL_SURFACE('',#2795,2.25,0.785398163397448);
#43=CONICAL_SURFACE('',#2798,2.25,0.785398163397451);
#44=CONICAL_SURFACE('',#2807,2.,0.785398163397444);
#45=CONICAL_SURFACE('',#2811,2.,0.785398163397445);
#46=CONICAL_SURFACE('',#2815,2.,0.785398163397444);
#47=CONICAL_SURFACE('',#2819,2.,0.785398163397443);
#48=PLANE('',#2668);
#49=PLANE('',#2671);
#50=PLANE('',#2672);
#51=PLANE('',#2687);
#52=PLANE('',#2690);
#53=PLANE('',#2691);
#54=PLANE('',#2706);
#55=PLANE('',#2709);
#56=PLANE('',#2710);
#57=PLANE('',#2727);
#58=PLANE('',#2728);
#59=PLANE('',#2731);
#60=PLANE('',#2732);
#61=PLANE('',#2736);
#62=PLANE('',#2742);
#63=PLANE('',#2743);
#64=PLANE('',#2750);
#65=PLANE('',#2778);
#66=PLANE('',#2780);
#67=PLANE('',#2783);
#68=PLANE('',#2786);
#69=PLANE('',#2788);
#70=PLANE('',#2790);
#71=PLANE('',#2793);
#72=PLANE('',#2794);
#73=PLANE('',#2797);
#74=PLANE('',#2802);
#75=PLANE('',#2803);
#76=PLANE('',#2806);
#77=PLANE('',#2810);
#78=PLANE('',#2814);
#79=PLANE('',#2818);
#80=PLANE('',#2824);
#81=PLANE('',#2827);
#82=PLANE('',#2828);
#83=PLANE('',#2829);
#84=PLANE('',#2832);
#85=PLANE('',#2857);
#86=PLANE('',#2858);
#87=PLANE('',#2863);
#88=PLANE('',#2896);
#89=PLANE('',#2920);
#90=PLANE('',#2922);
#91=PLANE('',#2949);
#92=PLANE('',#2952);
#93=PLANE('',#2953);
#94=PLANE('',#2956);
#95=PLANE('',#2961);
#96=PLANE('',#2964);
#97=PLANE('',#2979);
#98=PLANE('',#2980);
#99=PLANE('',#2983);
#100=PLANE('',#2986);
#101=PLANE('',#2989);
#102=PLANE('',#2992);
#103=LINE('',#3886,#306);
#104=LINE('',#3887,#307);
#105=LINE('',#3895,#308);
#106=LINE('',#3896,#309);
#107=LINE('',#3899,#310);
#108=LINE('',#3901,#311);
#109=LINE('',#3902,#312);
#110=LINE('',#3905,#313);
#111=LINE('',#3910,#314);
#112=LINE('',#3911,#315);
#113=LINE('',#3927,#316);
#114=LINE('',#3928,#317);
#115=LINE('',#3936,#318);
#116=LINE('',#3937,#319);
#117=LINE('',#3940,#320);
#118=LINE('',#3942,#321);
#119=LINE('',#3943,#322);
#120=LINE('',#3946,#323);
#121=LINE('',#3951,#324);
#122=LINE('',#3952,#325);
#123=LINE('',#3968,#326);
#124=LINE('',#3969,#327);
#125=LINE('',#3977,#328);
#126=LINE('',#3978,#329);
#127=LINE('',#3981,#330);
#128=LINE('',#3983,#331);
#129=LINE('',#3984,#332);
#130=LINE('',#3987,#333);
#131=LINE('',#3992,#334);
#132=LINE('',#3993,#335);
#133=LINE('',#4001,#336);
#134=LINE('',#4004,#337);
#135=LINE('',#4015,#338);
#136=LINE('',#4016,#339);
#137=LINE('',#4022,#340);
#138=LINE('',#4025,#341);
#139=LINE('',#4028,#342);
#140=LINE('',#4029,#343);
#141=LINE('',#4033,#344);
#142=LINE('',#4036,#345);
#143=LINE('',#4040,#346);
#144=LINE('',#4042,#347);
#145=LINE('',#4044,#348);
#146=LINE('',#4045,#349);
#147=LINE('',#4049,#350);
#148=LINE('',#4055,#351);
#149=LINE('',#4056,#352);
#150=LINE('',#4057,#353);
#151=LINE('',#4063,#354);
#152=LINE('',#4066,#355);
#153=LINE('',#4069,#356);
#154=LINE('',#4070,#357);
#155=LINE('',#4074,#358);
#156=LINE('',#4076,#359);
#157=LINE('',#4078,#360);
#158=LINE('',#4079,#361);
#159=LINE('',#4082,#362);
#160=LINE('',#4086,#363);
#161=LINE('',#4090,#364);
#162=LINE('',#4094,#365);
#163=LINE('',#4098,#366);
#164=LINE('',#4102,#367);
#165=LINE('',#4106,#368);
#166=LINE('',#4107,#369);
#167=LINE('',#4115,#370);
#168=LINE('',#4118,#371);
#169=LINE('',#4127,#372);
#170=LINE('',#4130,#373);
#171=LINE('',#4139,#374);
#172=LINE('',#4142,#375);
#173=LINE('',#4151,#376);
#174=LINE('',#4154,#377);
#175=LINE('',#4159,#378);
#176=LINE('',#4160,#379);
#177=LINE('',#4162,#380);
#178=LINE('',#4164,#381);
#179=LINE('',#4166,#382);
#180=LINE('',#4169,#383);
#181=LINE('',#4172,#384);
#182=LINE('',#4175,#385);
#183=LINE('',#4176,#386);
#184=LINE('',#4179,#387);
#185=LINE('',#4183,#388);
#186=LINE('',#4184,#389);
#187=LINE('',#4186,#390);
#188=LINE('',#4188,#391);
#189=LINE('',#4190,#392);
#190=LINE('',#4194,#393);
#191=LINE('',#4198,#394);
#192=LINE('',#4199,#395);
#193=LINE('',#4202,#396);
#194=LINE('',#4204,#397);
#195=LINE('',#4205,#398);
#196=LINE('',#4208,#399);
#197=LINE('',#4212,#400);
#198=LINE('',#4213,#401);
#199=LINE('',#4218,#402);
#200=LINE('',#4221,#403);
#201=LINE('',#4224,#404);
#202=LINE('',#4225,#405);
#203=LINE('',#4228,#406);
#204=LINE('',#4229,#407);
#205=LINE('',#4235,#408);
#206=LINE('',#4237,#409);
#207=LINE('',#4239,#410);
#208=LINE('',#4240,#411);
#209=LINE('',#4244,#412);
#210=LINE('',#4250,#413);
#211=LINE('',#4251,#414);
#212=LINE('',#4252,#415);
#213=LINE('',#4256,#416);
#214=LINE('',#4262,#417);
#215=LINE('',#4263,#418);
#216=LINE('',#4264,#419);
#217=LINE('',#4268,#420);
#218=LINE('',#4274,#421);
#219=LINE('',#4275,#422);
#220=LINE('',#4276,#423);
#221=LINE('',#4282,#424);
#222=LINE('',#4285,#425);
#223=LINE('',#4288,#426);
#224=LINE('',#4289,#427);
#225=LINE('',#4292,#428);
#226=LINE('',#4296,#429);
#227=LINE('',#4297,#430);
#228=LINE('',#4301,#431);
#229=LINE('',#4303,#432);
#230=LINE('',#4305,#433);
#231=LINE('',#4306,#434);
#232=LINE('',#4309,#435);
#233=LINE('',#4310,#436);
#234=LINE('',#4313,#437);
#235=LINE('',#4317,#438);
#236=LINE('',#4318,#439);
#237=LINE('',#4326,#440);
#238=LINE('',#4334,#441);
#239=LINE('',#4344,#442);
#240=LINE('',#4345,#443);
#241=LINE('',#4353,#444);
#242=LINE('',#4357,#445);
#243=LINE('',#4361,#446);
#244=LINE('',#4363,#447);
#245=LINE('',#4365,#448);
#246=LINE('',#4366,#449);
#247=LINE('',#4377,#450);
#248=LINE('',#4381,#451);
#249=LINE('',#4385,#452);
#250=LINE('',#4389,#453);
#251=LINE('',#4393,#454);
#252=LINE('',#4397,#455);
#253=LINE('',#4401,#456);
#254=LINE('',#4407,#457);
#255=LINE('',#4426,#458);
#256=LINE('',#4433,#459);
#257=LINE('',#4437,#460);
#258=LINE('',#4438,#461);
#259=LINE('',#4443,#462);
#260=LINE('',#4452,#463);
#261=LINE('',#4460,#464);
#262=LINE('',#4471,#465);
#263=LINE('',#4472,#466);
#264=LINE('',#4477,#467);
#265=LINE('',#4479,#468);
#266=LINE('',#4484,#469);
#267=LINE('',#4488,#470);
#268=LINE('',#4492,#471);
#269=LINE('',#4496,#472);
#270=LINE('',#4502,#473);
#271=LINE('',#4511,#474);
#272=LINE('',#4524,#475);
#273=LINE('',#4529,#476);
#274=LINE('',#4533,#477);
#275=LINE('',#4534,#478);
#276=LINE('',#4537,#479);
#277=LINE('',#4541,#480);
#278=LINE('',#4542,#481);
#279=LINE('',#4546,#482);
#280=LINE('',#4547,#483);
#281=LINE('',#4548,#484);
#282=LINE('',#4552,#485);
#283=LINE('',#4555,#486);
#284=LINE('',#4556,#487);
#285=LINE('',#4561,#488);
#286=LINE('',#4565,#489);
#287=LINE('',#4566,#490);
#288=LINE('',#4575,#491);
#289=LINE('',#4578,#492);
#290=LINE('',#4589,#493);
#291=LINE('',#4590,#494);
#292=LINE('',#4596,#495);
#293=LINE('',#4599,#496);
#294=LINE('',#4602,#497);
#295=LINE('',#4603,#498);
#296=LINE('',#4607,#499);
#297=LINE('',#4611,#500);
#298=LINE('',#4616,#501);
#299=LINE('',#4617,#502);
#300=LINE('',#4618,#503);
#301=LINE('',#4622,#504);
#302=LINE('',#4625,#505);
#303=LINE('',#4626,#506);
#304=LINE('',#4631,#507);
#305=LINE('',#4632,#508);
#306=VECTOR('',#3009,10.);
#307=VECTOR('',#3010,10.);
#308=VECTOR('',#3021,10.);
#309=VECTOR('',#3022,10.);
#310=VECTOR('',#3025,10.);
#311=VECTOR('',#3026,10.);
#312=VECTOR('',#3027,10.);
#313=VECTOR('',#3030,10.);
#314=VECTOR('',#3037,10.);
#315=VECTOR('',#3038,10.);
#316=VECTOR('',#3057,10.);
#317=VECTOR('',#3058,10.);
#318=VECTOR('',#3069,10.);
#319=VECTOR('',#3070,10.);
#320=VECTOR('',#3073,10.);
#321=VECTOR('',#3074,10.);
#322=VECTOR('',#3075,10.);
#323=VECTOR('',#3078,10.);
#324=VECTOR('',#3085,10.);
#325=VECTOR('',#3086,10.);
#326=VECTOR('',#3105,10.);
#327=VECTOR('',#3106,10.);
#328=VECTOR('',#3117,10.);
#329=VECTOR('',#3118,10.);
#330=VECTOR('',#3121,10.);
#331=VECTOR('',#3122,10.);
#332=VECTOR('',#3123,10.);
#333=VECTOR('',#3126,10.);
#334=VECTOR('',#3133,10.);
#335=VECTOR('',#3134,10.);
#336=VECTOR('',#3143,10.);
#337=VECTOR('',#3146,10.);
#338=VECTOR('',#3159,10.);
#339=VECTOR('',#3160,10.);
#340=VECTOR('',#3169,10.);
#341=VECTOR('',#3172,10.);
#342=VECTOR('',#3175,10.);
#343=VECTOR('',#3176,10.);
#344=VECTOR('',#3181,10.);
#345=VECTOR('',#3186,10.);
#346=VECTOR('',#3189,10.);
#347=VECTOR('',#3190,10.);
#348=VECTOR('',#3191,10.);
#349=VECTOR('',#3192,10.);
#350=VECTOR('',#3195,10.);
#351=VECTOR('',#3202,10.);
#352=VECTOR('',#3203,10.);
#353=VECTOR('',#3204,10.);
#354=VECTOR('',#3213,10.);
#355=VECTOR('',#3216,10.);
#356=VECTOR('',#3219,10.);
#357=VECTOR('',#3220,10.);
#358=VECTOR('',#3223,10.);
#359=VECTOR('',#3224,10.);
#360=VECTOR('',#3225,10.);
#361=VECTOR('',#3226,10.);
#362=VECTOR('',#3227,10.);
#363=VECTOR('',#3230,10.);
#364=VECTOR('',#3233,10.);
#365=VECTOR('',#3236,10.);
#366=VECTOR('',#3239,10.);
#367=VECTOR('',#3242,10.);
#368=VECTOR('',#3247,10.);
#369=VECTOR('',#3248,10.);
#370=VECTOR('',#3257,10.);
#371=VECTOR('',#3260,10.);
#372=VECTOR('',#3271,10.);
#373=VECTOR('',#3274,10.);
#374=VECTOR('',#3285,10.);
#375=VECTOR('',#3288,10.);
#376=VECTOR('',#3299,10.);
#377=VECTOR('',#3302,10.);
#378=VECTOR('',#3311,10.);
#379=VECTOR('',#3312,10.);
#380=VECTOR('',#3315,10.);
#381=VECTOR('',#3318,10.);
#382=VECTOR('',#3321,10.);
#383=VECTOR('',#3324,10.);
#384=VECTOR('',#3327,10.);
#385=VECTOR('',#3330,10.);
#386=VECTOR('',#3331,10.);
#387=VECTOR('',#3334,10.);
#388=VECTOR('',#3339,10.);
#389=VECTOR('',#3340,10.);
#390=VECTOR('',#3343,10.);
#391=VECTOR('',#3346,10.);
#392=VECTOR('',#3349,10.);
#393=VECTOR('',#3354,10.);
#394=VECTOR('',#3359,10.);
#395=VECTOR('',#3360,10.);
#396=VECTOR('',#3363,10.);
#397=VECTOR('',#3364,10.);
#398=VECTOR('',#3365,10.);
#399=VECTOR('',#3368,10.);
#400=VECTOR('',#3373,10.);
#401=VECTOR('',#3374,10.);
#402=VECTOR('',#3381,10.);
#403=VECTOR('',#3384,10.);
#404=VECTOR('',#3387,10.);
#405=VECTOR('',#3388,10.);
#406=VECTOR('',#3391,10.);
#407=VECTOR('',#3392,10.);
#408=VECTOR('',#3399,10.);
#409=VECTOR('',#3400,10.);
#410=VECTOR('',#3401,10.);
#411=VECTOR('',#3402,10.);
#412=VECTOR('',#3405,10.);
#413=VECTOR('',#3412,10.);
#414=VECTOR('',#3413,10.);
#415=VECTOR('',#3414,10.);
#416=VECTOR('',#3417,10.);
#417=VECTOR('',#3424,10.);
#418=VECTOR('',#3425,10.);
#419=VECTOR('',#3426,10.);
#420=VECTOR('',#3429,10.);
#421=VECTOR('',#3436,10.);
#422=VECTOR('',#3437,10.);
#423=VECTOR('',#3438,10.);
#424=VECTOR('',#3447,10.);
#425=VECTOR('',#3450,10.);
#426=VECTOR('',#3453,10.);
#427=VECTOR('',#3454,10.);
#428=VECTOR('',#3457,10.);
#429=VECTOR('',#3462,10.);
#430=VECTOR('',#3463,10.);
#431=VECTOR('',#3466,10.);
#432=VECTOR('',#3467,10.);
#433=VECTOR('',#3468,10.);
#434=VECTOR('',#3469,10.);
#435=VECTOR('',#3472,10.);
#436=VECTOR('',#3473,10.);
#437=VECTOR('',#3476,10.);
#438=VECTOR('',#3481,10.);
#439=VECTOR('',#3482,10.);
#440=VECTOR('',#3493,10.);
#441=VECTOR('',#3504,10.);
#442=VECTOR('',#3517,10.);
#443=VECTOR('',#3518,10.);
#444=VECTOR('',#3529,10.);
#445=VECTOR('',#3536,10.);
#446=VECTOR('',#3539,10.);
#447=VECTOR('',#3540,10.);
#448=VECTOR('',#3541,10.);
#449=VECTOR('',#3542,10.);
#450=VECTOR('',#3555,10.);
#451=VECTOR('',#3558,10.);
#452=VECTOR('',#3561,10.);
#453=VECTOR('',#3564,10.);
#454=VECTOR('',#3567,10.);
#455=VECTOR('',#3570,10.);
#456=VECTOR('',#3575,3.45);
#457=VECTOR('',#3582,10.);
#458=VECTOR('',#3615,10.);
#459=VECTOR('',#3626,10.);
#460=VECTOR('',#3631,10.);
#461=VECTOR('',#3632,10.);
#462=VECTOR('',#3637,10.);
#463=VECTOR('',#3650,10.);
#464=VECTOR('',#3661,10.);
#465=VECTOR('',#3674,10.);
#466=VECTOR('',#3675,10.);
#467=VECTOR('',#3684,10.);
#468=VECTOR('',#3687,10.);
#469=VECTOR('',#3692,10.);
#470=VECTOR('',#3695,10.);
#471=VECTOR('',#3698,10.);
#472=VECTOR('',#3701,10.);
#473=VECTOR('',#3708,10.);
#474=VECTOR('',#3721,10.);
#475=VECTOR('',#3742,10.);
#476=VECTOR('',#3749,10.);
#477=VECTOR('',#3754,10.);
#478=VECTOR('',#3755,10.);
#479=VECTOR('',#3758,10.);
#480=VECTOR('',#3763,10.);
#481=VECTOR('',#3764,10.);
#482=VECTOR('',#3767,10.);
#483=VECTOR('',#3768,10.);
#484=VECTOR('',#3769,10.);
#485=VECTOR('',#3774,10.);
#486=VECTOR('',#3777,10.);
#487=VECTOR('',#3778,10.);
#488=VECTOR('',#3785,10.);
#489=VECTOR('',#3790,10.);
#490=VECTOR('',#3791,10.);
#491=VECTOR('',#3802,10.);
#492=VECTOR('',#3805,10.);
#493=VECTOR('',#3818,10.);
#494=VECTOR('',#3819,10.);
#495=VECTOR('',#3828,10.);
#496=VECTOR('',#3831,10.);
#497=VECTOR('',#3834,10.);
#498=VECTOR('',#3835,10.);
#499=VECTOR('',#3838,10.);
#500=VECTOR('',#3841,10.);
#501=VECTOR('',#3846,10.);
#502=VECTOR('',#3847,10.);
#503=VECTOR('',#3848,10.);
#504=VECTOR('',#3853,10.);
#505=VECTOR('',#3856,10.);
#506=VECTOR('',#3857,10.);
#507=VECTOR('',#3864,10.);
#508=VECTOR('',#3865,10.);
#509=CYLINDRICAL_SURFACE('',#2661,0.5);
#510=CYLINDRICAL_SURFACE('',#2667,0.5);
#511=CYLINDRICAL_SURFACE('',#2669,1.75);
#512=CYLINDRICAL_SURFACE('',#2673,1.75);
#513=CYLINDRICAL_SURFACE('',#2680,0.5);
#514=CYLINDRICAL_SURFACE('',#2686,0.5);
#515=CYLINDRICAL_SURFACE('',#2688,1.75);
#516=CYLINDRICAL_SURFACE('',#2692,1.75);
#517=CYLINDRICAL_SURFACE('',#2699,0.5);
#518=CYLINDRICAL_SURFACE('',#2705,0.5);
#519=CYLINDRICAL_SURFACE('',#2707,1.75);
#520=CYLINDRICAL_SURFACE('',#2711,1.75);
#521=CYLINDRICAL_SURFACE('',#2713,0.5);
#522=CYLINDRICAL_SURFACE('',#2720,0.5);
#523=CYLINDRICAL_SURFACE('',#2725,2.00000002980232);
#524=CYLINDRICAL_SURFACE('',#2729,2.00000002980232);
#525=CYLINDRICAL_SURFACE('',#2740,2.);
#526=CYLINDRICAL_SURFACE('',#2751,2.);
#527=CYLINDRICAL_SURFACE('',#2753,0.5);
#528=CYLINDRICAL_SURFACE('',#2760,0.5);
#529=CYLINDRICAL_SURFACE('',#2766,0.5);
#530=CYLINDRICAL_SURFACE('',#2772,0.5);
#531=CYLINDRICAL_SURFACE('',#2781,2.);
#532=CYLINDRICAL_SURFACE('',#2784,2.);
#533=CYLINDRICAL_SURFACE('',#2791,2.);
#534=CYLINDRICAL_SURFACE('',#2800,2.);
#535=CYLINDRICAL_SURFACE('',#2804,2.);
#536=CYLINDRICAL_SURFACE('',#2822,1.5);
#537=CYLINDRICAL_SURFACE('',#2825,1.5);
#538=CYLINDRICAL_SURFACE('',#2830,1.5);
#539=CYLINDRICAL_SURFACE('',#2833,1.5);
#540=CYLINDRICAL_SURFACE('',#2835,0.4);
#541=CYLINDRICAL_SURFACE('',#2841,0.4);
#542=CYLINDRICAL_SURFACE('',#2847,0.4);
#543=CYLINDRICAL_SURFACE('',#2852,0.4);
#544=CYLINDRICAL_SURFACE('',#2856,2.);
#545=CYLINDRICAL_SURFACE('',#2870,3.45);
#546=CYLINDRICAL_SURFACE('',#2872,0.8);
#547=CYLINDRICAL_SURFACE('',#2878,0.8);
#548=CYLINDRICAL_SURFACE('',#2883,0.8);
#549=CYLINDRICAL_SURFACE('',#2888,0.8);
#550=CYLINDRICAL_SURFACE('',#2892,12.5);
#551=CYLINDRICAL_SURFACE('',#2894,12.5);
#552=CYLINDRICAL_SURFACE('',#2897,0.8);
#553=CYLINDRICAL_SURFACE('',#2903,0.8);
#554=CYLINDRICAL_SURFACE('',#2908,0.8);
#555=CYLINDRICAL_SURFACE('',#2914,0.8);
#556=CYLINDRICAL_SURFACE('',#2919,12.5);
#557=CYLINDRICAL_SURFACE('',#2921,12.5);
#558=CYLINDRICAL_SURFACE('',#2927,0.5);
#559=CYLINDRICAL_SURFACE('',#2933,0.5);
#560=CYLINDRICAL_SURFACE('',#2938,0.5);
#561=CYLINDRICAL_SURFACE('',#2943,0.5);
#562=CYLINDRICAL_SURFACE('',#2947,11.);
#563=CYLINDRICAL_SURFACE('',#2950,11.);
#564=CYLINDRICAL_SURFACE('',#2954,9.9);
#565=CYLINDRICAL_SURFACE('',#2957,9.9);
#566=CYLINDRICAL_SURFACE('',#2959,11.);
#567=CYLINDRICAL_SURFACE('',#2962,11.);
#568=CYLINDRICAL_SURFACE('',#2965,0.8);
#569=CYLINDRICAL_SURFACE('',#2972,0.8);
#570=CYLINDRICAL_SURFACE('',#2977,11.4);
#571=CYLINDRICAL_SURFACE('',#2984,9.90000000000001);
#572=CYLINDRICAL_SURFACE('',#2987,9.90000000000001);
#573=CYLINDRICAL_SURFACE('',#2990,11.4);
#574=FACE_OUTER_BOUND('',#737,.T.);
#575=FACE_OUTER_BOUND('',#738,.T.);
#576=FACE_OUTER_BOUND('',#739,.T.);
#577=FACE_OUTER_BOUND('',#740,.T.);
#578=FACE_OUTER_BOUND('',#741,.T.);
#579=FACE_OUTER_BOUND('',#742,.T.);
#580=FACE_OUTER_BOUND('',#743,.T.);
#581=FACE_OUTER_BOUND('',#744,.T.);
#582=FACE_OUTER_BOUND('',#745,.T.);
#583=FACE_OUTER_BOUND('',#746,.T.);
#584=FACE_OUTER_BOUND('',#747,.T.);
#585=FACE_OUTER_BOUND('',#748,.T.);
#586=FACE_OUTER_BOUND('',#749,.T.);
#587=FACE_OUTER_BOUND('',#750,.T.);
#588=FACE_OUTER_BOUND('',#751,.T.);
#589=FACE_OUTER_BOUND('',#752,.T.);
#590=FACE_OUTER_BOUND('',#753,.T.);
#591=FACE_OUTER_BOUND('',#754,.T.);
#592=FACE_OUTER_BOUND('',#755,.T.);
#593=FACE_OUTER_BOUND('',#756,.T.);
#594=FACE_OUTER_BOUND('',#757,.T.);
#595=FACE_OUTER_BOUND('',#758,.T.);
#596=FACE_OUTER_BOUND('',#759,.T.);
#597=FACE_OUTER_BOUND('',#760,.T.);
#598=FACE_OUTER_BOUND('',#761,.T.);
#599=FACE_OUTER_BOUND('',#762,.T.);
#600=FACE_OUTER_BOUND('',#763,.T.);
#601=FACE_OUTER_BOUND('',#764,.T.);
#602=FACE_OUTER_BOUND('',#765,.T.);
#603=FACE_OUTER_BOUND('',#766,.T.);
#604=FACE_OUTER_BOUND('',#767,.T.);
#605=FACE_OUTER_BOUND('',#768,.T.);
#606=FACE_OUTER_BOUND('',#769,.T.);
#607=FACE_OUTER_BOUND('',#770,.T.);
#608=FACE_OUTER_BOUND('',#771,.T.);
#609=FACE_OUTER_BOUND('',#772,.T.);
#610=FACE_OUTER_BOUND('',#773,.T.);
#611=FACE_OUTER_BOUND('',#774,.T.);
#612=FACE_OUTER_BOUND('',#775,.T.);
#613=FACE_OUTER_BOUND('',#776,.T.);
#614=FACE_OUTER_BOUND('',#777,.T.);
#615=FACE_OUTER_BOUND('',#778,.T.);
#616=FACE_OUTER_BOUND('',#779,.T.);
#617=FACE_OUTER_BOUND('',#783,.T.);
#618=FACE_OUTER_BOUND('',#784,.T.);
#619=FACE_OUTER_BOUND('',#785,.T.);
#620=FACE_OUTER_BOUND('',#786,.T.);
#621=FACE_OUTER_BOUND('',#787,.T.);
#622=FACE_OUTER_BOUND('',#788,.T.);
#623=FACE_OUTER_BOUND('',#789,.T.);
#624=FACE_OUTER_BOUND('',#790,.T.);
#625=FACE_OUTER_BOUND('',#791,.T.);
#626=FACE_OUTER_BOUND('',#792,.T.);
#627=FACE_OUTER_BOUND('',#793,.T.);
#628=FACE_OUTER_BOUND('',#794,.T.);
#629=FACE_OUTER_BOUND('',#795,.T.);
#630=FACE_OUTER_BOUND('',#796,.T.);
#631=FACE_OUTER_BOUND('',#797,.T.);
#632=FACE_OUTER_BOUND('',#798,.T.);
#633=FACE_OUTER_BOUND('',#799,.T.);
#634=FACE_OUTER_BOUND('',#800,.T.);
#635=FACE_OUTER_BOUND('',#801,.T.);
#636=FACE_OUTER_BOUND('',#802,.T.);
#637=FACE_OUTER_BOUND('',#803,.T.);
#638=FACE_OUTER_BOUND('',#804,.T.);
#639=FACE_OUTER_BOUND('',#805,.T.);
#640=FACE_OUTER_BOUND('',#806,.T.);
#641=FACE_OUTER_BOUND('',#807,.T.);
#642=FACE_OUTER_BOUND('',#808,.T.);
#643=FACE_OUTER_BOUND('',#809,.T.);
#644=FACE_OUTER_BOUND('',#810,.T.);
#645=FACE_OUTER_BOUND('',#811,.T.);
#646=FACE_OUTER_BOUND('',#812,.T.);
#647=FACE_OUTER_BOUND('',#813,.T.);
#648=FACE_OUTER_BOUND('',#814,.T.);
#649=FACE_OUTER_BOUND('',#815,.T.);
#650=FACE_OUTER_BOUND('',#816,.T.);
#651=FACE_OUTER_BOUND('',#817,.T.);
#652=FACE_OUTER_BOUND('',#818,.T.);
#653=FACE_OUTER_BOUND('',#819,.T.);
#654=FACE_OUTER_BOUND('',#820,.T.);
#655=FACE_OUTER_BOUND('',#821,.T.);
#656=FACE_OUTER_BOUND('',#822,.T.);
#657=FACE_OUTER_BOUND('',#823,.T.);
#658=FACE_OUTER_BOUND('',#824,.T.);
#659=FACE_OUTER_BOUND('',#825,.T.);
#660=FACE_OUTER_BOUND('',#826,.T.);
#661=FACE_OUTER_BOUND('',#827,.T.);
#662=FACE_OUTER_BOUND('',#830,.T.);
#663=FACE_OUTER_BOUND('',#831,.T.);
#664=FACE_OUTER_BOUND('',#832,.T.);
#665=FACE_OUTER_BOUND('',#833,.T.);
#666=FACE_OUTER_BOUND('',#834,.T.);
#667=FACE_OUTER_BOUND('',#835,.T.);
#668=FACE_OUTER_BOUND('',#836,.T.);
#669=FACE_OUTER_BOUND('',#837,.T.);
#670=FACE_OUTER_BOUND('',#838,.T.);
#671=FACE_OUTER_BOUND('',#839,.T.);
#672=FACE_OUTER_BOUND('',#840,.T.);
#673=FACE_OUTER_BOUND('',#841,.T.);
#674=FACE_OUTER_BOUND('',#842,.T.);
#675=FACE_OUTER_BOUND('',#843,.T.);
#676=FACE_OUTER_BOUND('',#847,.T.);
#677=FACE_OUTER_BOUND('',#848,.T.);
#678=FACE_OUTER_BOUND('',#849,.T.);
#679=FACE_OUTER_BOUND('',#852,.T.);
#680=FACE_OUTER_BOUND('',#853,.T.);
#681=FACE_OUTER_BOUND('',#854,.T.);
#682=FACE_OUTER_BOUND('',#855,.T.);
#683=FACE_OUTER_BOUND('',#856,.T.);
#684=FACE_OUTER_BOUND('',#857,.T.);
#685=FACE_OUTER_BOUND('',#858,.T.);
#686=FACE_OUTER_BOUND('',#859,.T.);
#687=FACE_OUTER_BOUND('',#860,.T.);
#688=FACE_OUTER_BOUND('',#861,.T.);
#689=FACE_OUTER_BOUND('',#862,.T.);
#690=FACE_OUTER_BOUND('',#863,.T.);
#691=FACE_OUTER_BOUND('',#864,.T.);
#692=FACE_OUTER_BOUND('',#865,.T.);
#693=FACE_OUTER_BOUND('',#866,.T.);
#694=FACE_OUTER_BOUND('',#867,.T.);
#695=FACE_OUTER_BOUND('',#868,.T.);
#696=FACE_OUTER_BOUND('',#869,.T.);
#697=FACE_OUTER_BOUND('',#870,.T.);
#698=FACE_OUTER_BOUND('',#871,.T.);
#699=FACE_OUTER_BOUND('',#872,.T.);
#700=FACE_OUTER_BOUND('',#873,.T.);
#701=FACE_OUTER_BOUND('',#877,.T.);
#702=FACE_OUTER_BOUND('',#878,.T.);
#703=FACE_OUTER_BOUND('',#880,.T.);
#704=FACE_OUTER_BOUND('',#881,.T.);
#705=FACE_OUTER_BOUND('',#882,.T.);
#706=FACE_OUTER_BOUND('',#883,.T.);
#707=FACE_OUTER_BOUND('',#884,.T.);
#708=FACE_OUTER_BOUND('',#885,.T.);
#709=FACE_OUTER_BOUND('',#886,.T.);
#710=FACE_OUTER_BOUND('',#887,.T.);
#711=FACE_OUTER_BOUND('',#888,.T.);
#712=FACE_OUTER_BOUND('',#889,.T.);
#713=FACE_OUTER_BOUND('',#891,.T.);
#714=FACE_OUTER_BOUND('',#892,.T.);
#715=FACE_OUTER_BOUND('',#893,.T.);
#716=FACE_OUTER_BOUND('',#894,.T.);
#717=FACE_OUTER_BOUND('',#895,.T.);
#718=FACE_OUTER_BOUND('',#896,.T.);
#719=FACE_OUTER_BOUND('',#897,.T.);
#720=FACE_OUTER_BOUND('',#898,.T.);
#721=FACE_OUTER_BOUND('',#899,.T.);
#722=FACE_OUTER_BOUND('',#900,.T.);
#723=FACE_OUTER_BOUND('',#903,.T.);
#724=FACE_OUTER_BOUND('',#904,.T.);
#725=FACE_OUTER_BOUND('',#905,.T.);
#726=FACE_OUTER_BOUND('',#906,.T.);
#727=FACE_OUTER_BOUND('',#907,.T.);
#728=FACE_OUTER_BOUND('',#908,.T.);
#729=FACE_OUTER_BOUND('',#909,.T.);
#730=FACE_OUTER_BOUND('',#911,.T.);
#731=FACE_OUTER_BOUND('',#912,.T.);
#732=FACE_OUTER_BOUND('',#913,.T.);
#733=FACE_OUTER_BOUND('',#914,.T.);
#734=FACE_OUTER_BOUND('',#915,.T.);
#735=FACE_OUTER_BOUND('',#916,.T.);
#736=FACE_OUTER_BOUND('',#917,.T.);
#737=EDGE_LOOP('',(#1693,#1694,#1695,#1696));
#738=EDGE_LOOP('',(#1697,#1698,#1699,#1700));
#739=EDGE_LOOP('',(#1701,#1702,#1703,#1704));
#740=EDGE_LOOP('',(#1705,#1706,#1707,#1708));
#741=EDGE_LOOP('',(#1709,#1710,#1711,#1712));
#742=EDGE_LOOP('',(#1713,#1714,#1715,#1716));
#743=EDGE_LOOP('',(#1717,#1718,#1719,#1720));
#744=EDGE_LOOP('',(#1721,#1722,#1723,#1724));
#745=EDGE_LOOP('',(#1725,#1726,#1727,#1728));
#746=EDGE_LOOP('',(#1729,#1730,#1731,#1732));
#747=EDGE_LOOP('',(#1733,#1734,#1735,#1736));
#748=EDGE_LOOP('',(#1737,#1738,#1739,#1740));
#749=EDGE_LOOP('',(#1741,#1742,#1743,#1744));
#750=EDGE_LOOP('',(#1745,#1746,#1747,#1748));
#751=EDGE_LOOP('',(#1749,#1750,#1751,#1752));
#752=EDGE_LOOP('',(#1753,#1754,#1755,#1756));
#753=EDGE_LOOP('',(#1757,#1758,#1759,#1760));
#754=EDGE_LOOP('',(#1761,#1762,#1763,#1764));
#755=EDGE_LOOP('',(#1765,#1766,#1767,#1768));
#756=EDGE_LOOP('',(#1769,#1770,#1771,#1772));
#757=EDGE_LOOP('',(#1773,#1774,#1775,#1776));
#758=EDGE_LOOP('',(#1777,#1778,#1779,#1780));
#759=EDGE_LOOP('',(#1781,#1782,#1783,#1784));
#760=EDGE_LOOP('',(#1785,#1786,#1787,#1788));
#761=EDGE_LOOP('',(#1789,#1790,#1791,#1792));
#762=EDGE_LOOP('',(#1793,#1794,#1795,#1796));
#763=EDGE_LOOP('',(#1797,#1798,#1799,#1800));
#764=EDGE_LOOP('',(#1801,#1802,#1803,#1804));
#765=EDGE_LOOP('',(#1805,#1806,#1807,#1808));
#766=EDGE_LOOP('',(#1809,#1810,#1811,#1812));
#767=EDGE_LOOP('',(#1813,#1814,#1815,#1816));
#768=EDGE_LOOP('',(#1817,#1818,#1819,#1820));
#769=EDGE_LOOP('',(#1821,#1822,#1823,#1824));
#770=EDGE_LOOP('',(#1825,#1826,#1827,#1828));
#771=EDGE_LOOP('',(#1829,#1830,#1831,#1832));
#772=EDGE_LOOP('',(#1833,#1834,#1835,#1836));
#773=EDGE_LOOP('',(#1837,#1838,#1839,#1840));
#774=EDGE_LOOP('',(#1841,#1842,#1843,#1844));
#775=EDGE_LOOP('',(#1845,#1846,#1847,#1848));
#776=EDGE_LOOP('',(#1849,#1850,#1851,#1852));
#777=EDGE_LOOP('',(#1853,#1854,#1855,#1856));
#778=EDGE_LOOP('',(#1857,#1858,#1859,#1860));
#779=EDGE_LOOP('',(#1861,#1862,#1863,#1864));
#780=EDGE_LOOP('',(#1865,#1866,#1867,#1868,#1869,#1870,#1871,#1872));
#781=EDGE_LOOP('',(#1873,#1874,#1875,#1876));
#782=EDGE_LOOP('',(#1877,#1878,#1879,#1880));
#783=EDGE_LOOP('',(#1881,#1882,#1883,#1884));
#784=EDGE_LOOP('',(#1885,#1886,#1887,#1888));
#785=EDGE_LOOP('',(#1889,#1890,#1891,#1892));
#786=EDGE_LOOP('',(#1893,#1894,#1895,#1896));
#787=EDGE_LOOP('',(#1897,#1898,#1899,#1900));
#788=EDGE_LOOP('',(#1901,#1902,#1903,#1904));
#789=EDGE_LOOP('',(#1905,#1906,#1907,#1908));
#790=EDGE_LOOP('',(#1909,#1910,#1911,#1912));
#791=EDGE_LOOP('',(#1913,#1914,#1915,#1916));
#792=EDGE_LOOP('',(#1917,#1918,#1919,#1920));
#793=EDGE_LOOP('',(#1921,#1922,#1923,#1924));
#794=EDGE_LOOP('',(#1925,#1926,#1927,#1928));
#795=EDGE_LOOP('',(#1929,#1930,#1931,#1932));
#796=EDGE_LOOP('',(#1933,#1934,#1935,#1936));
#797=EDGE_LOOP('',(#1937,#1938,#1939,#1940));
#798=EDGE_LOOP('',(#1941,#1942,#1943,#1944));
#799=EDGE_LOOP('',(#1945,#1946,#1947,#1948));
#800=EDGE_LOOP('',(#1949,#1950,#1951,#1952));
#801=EDGE_LOOP('',(#1953,#1954,#1955,#1956));
#802=EDGE_LOOP('',(#1957,#1958,#1959,#1960));
#803=EDGE_LOOP('',(#1961,#1962,#1963,#1964));
#804=EDGE_LOOP('',(#1965,#1966,#1967,#1968));
#805=EDGE_LOOP('',(#1969,#1970,#1971,#1972));
#806=EDGE_LOOP('',(#1973,#1974,#1975,#1976));
#807=EDGE_LOOP('',(#1977,#1978,#1979,#1980));
#808=EDGE_LOOP('',(#1981,#1982,#1983,#1984));
#809=EDGE_LOOP('',(#1985,#1986,#1987,#1988));
#810=EDGE_LOOP('',(#1989,#1990,#1991,#1992));
#811=EDGE_LOOP('',(#1993,#1994,#1995,#1996));
#812=EDGE_LOOP('',(#1997,#1998,#1999,#2000));
#813=EDGE_LOOP('',(#2001,#2002,#2003,#2004));
#814=EDGE_LOOP('',(#2005,#2006,#2007,#2008));
#815=EDGE_LOOP('',(#2009,#2010,#2011,#2012));
#816=EDGE_LOOP('',(#2013,#2014,#2015,#2016));
#817=EDGE_LOOP('',(#2017,#2018,#2019,#2020));
#818=EDGE_LOOP('',(#2021,#2022,#2023,#2024));
#819=EDGE_LOOP('',(#2025,#2026,#2027,#2028));
#820=EDGE_LOOP('',(#2029,#2030,#2031,#2032));
#821=EDGE_LOOP('',(#2033,#2034,#2035,#2036));
#822=EDGE_LOOP('',(#2037,#2038,#2039,#2040));
#823=EDGE_LOOP('',(#2041,#2042,#2043,#2044));
#824=EDGE_LOOP('',(#2045,#2046,#2047,#2048));
#825=EDGE_LOOP('',(#2049,#2050,#2051,#2052));
#826=EDGE_LOOP('',(#2053,#2054,#2055,#2056));
#827=EDGE_LOOP('',(#2057,#2058,#2059,#2060));
#828=EDGE_LOOP('',(#2061,#2062,#2063,#2064));
#829=EDGE_LOOP('',(#2065,#2066,#2067,#2068,#2069,#2070,#2071,#2072));
#830=EDGE_LOOP('',(#2073,#2074,#2075,#2076));
#831=EDGE_LOOP('',(#2077,#2078,#2079,#2080));
#832=EDGE_LOOP('',(#2081,#2082,#2083,#2084));
#833=EDGE_LOOP('',(#2085,#2086,#2087,#2088));
#834=EDGE_LOOP('',(#2089,#2090,#2091,#2092));
#835=EDGE_LOOP('',(#2093,#2094,#2095,#2096));
#836=EDGE_LOOP('',(#2097,#2098,#2099,#2100));
#837=EDGE_LOOP('',(#2101,#2102,#2103,#2104));
#838=EDGE_LOOP('',(#2105,#2106,#2107,#2108));
#839=EDGE_LOOP('',(#2109,#2110,#2111,#2112));
#840=EDGE_LOOP('',(#2113,#2114,#2115,#2116));
#841=EDGE_LOOP('',(#2117,#2118,#2119,#2120));
#842=EDGE_LOOP('',(#2121,#2122,#2123,#2124));
#843=EDGE_LOOP('',(#2125,#2126,#2127,#2128));
#844=EDGE_LOOP('',(#2129,#2130,#2131,#2132));
#845=EDGE_LOOP('',(#2133,#2134,#2135,#2136));
#846=EDGE_LOOP('',(#2137,#2138,#2139,#2140,#2141,#2142,#2143,#2144));
#847=EDGE_LOOP('',(#2145,#2146,#2147,#2148));
#848=EDGE_LOOP('',(#2149,#2150,#2151,#2152));
#849=EDGE_LOOP('',(#2153,#2154,#2155,#2156,#2157,#2158,#2159,#2160));
#850=EDGE_LOOP('',(#2161,#2162,#2163,#2164));
#851=EDGE_LOOP('',(#2165));
#852=EDGE_LOOP('',(#2166,#2167,#2168,#2169));
#853=EDGE_LOOP('',(#2170,#2171,#2172,#2173));
#854=EDGE_LOOP('',(#2174,#2175,#2176,#2177));
#855=EDGE_LOOP('',(#2178,#2179,#2180,#2181));
#856=EDGE_LOOP('',(#2182,#2183,#2184,#2185));
#857=EDGE_LOOP('',(#2186,#2187,#2188,#2189));
#858=EDGE_LOOP('',(#2190,#2191,#2192,#2193));
#859=EDGE_LOOP('',(#2194,#2195,#2196,#2197));
#860=EDGE_LOOP('',(#2198,#2199,#2200,#2201));
#861=EDGE_LOOP('',(#2202,#2203,#2204,#2205));
#862=EDGE_LOOP('',(#2206,#2207,#2208,#2209));
#863=EDGE_LOOP('',(#2210,#2211,#2212,#2213));
#864=EDGE_LOOP('',(#2214,#2215,#2216,#2217));
#865=EDGE_LOOP('',(#2218,#2219,#2220,#2221));
#866=EDGE_LOOP('',(#2222,#2223,#2224,#2225));
#867=EDGE_LOOP('',(#2226,#2227,#2228,#2229));
#868=EDGE_LOOP('',(#2230,#2231,#2232,#2233));
#869=EDGE_LOOP('',(#2234,#2235,#2236,#2237));
#870=EDGE_LOOP('',(#2238,#2239,#2240,#2241));
#871=EDGE_LOOP('',(#2242,#2243,#2244,#2245));
#872=EDGE_LOOP('',(#2246,#2247,#2248,#2249));
#873=EDGE_LOOP('',(#2250,#2251,#2252,#2253));
#874=EDGE_LOOP('',(#2254,#2255,#2256,#2257));
#875=EDGE_LOOP('',(#2258,#2259,#2260,#2261));
#876=EDGE_LOOP('',(#2262,#2263,#2264,#2265));
#877=EDGE_LOOP('',(#2266,#2267,#2268,#2269));
#878=EDGE_LOOP('',(#2270,#2271,#2272,#2273,#2274,#2275,#2276,#2277));
#879=EDGE_LOOP('',(#2278,#2279,#2280,#2281,#2282,#2283,#2284,#2285));
#880=EDGE_LOOP('',(#2286,#2287,#2288,#2289));
#881=EDGE_LOOP('',(#2290,#2291,#2292,#2293));
#882=EDGE_LOOP('',(#2294,#2295,#2296,#2297));
#883=EDGE_LOOP('',(#2298,#2299,#2300,#2301));
#884=EDGE_LOOP('',(#2302,#2303,#2304,#2305));
#885=EDGE_LOOP('',(#2306,#2307,#2308,#2309));
#886=EDGE_LOOP('',(#2310,#2311,#2312,#2313));
#887=EDGE_LOOP('',(#2314,#2315,#2316,#2317));
#888=EDGE_LOOP('',(#2318,#2319,#2320,#2321));
#889=EDGE_LOOP('',(#2322,#2323,#2324,#2325));
#890=EDGE_LOOP('',(#2326,#2327,#2328,#2329,#2330,#2331,#2332,#2333));
#891=EDGE_LOOP('',(#2334,#2335,#2336,#2337));
#892=EDGE_LOOP('',(#2338,#2339,#2340,#2341));
#893=EDGE_LOOP('',(#2342,#2343,#2344,#2345));
#894=EDGE_LOOP('',(#2346,#2347,#2348,#2349));
#895=EDGE_LOOP('',(#2350,#2351,#2352,#2353));
#896=EDGE_LOOP('',(#2354,#2355,#2356,#2357));
#897=EDGE_LOOP('',(#2358,#2359,#2360,#2361));
#898=EDGE_LOOP('',(#2362,#2363,#2364,#2365));
#899=EDGE_LOOP('',(#2366,#2367,#2368,#2369));
#900=EDGE_LOOP('',(#2370,#2371,#2372,#2373,#2374,#2375,#2376,#2377));
#901=EDGE_LOOP('',(#2378));
#902=EDGE_LOOP('',(#2379,#2380,#2381,#2382));
#903=EDGE_LOOP('',(#2383,#2384,#2385,#2386));
#904=EDGE_LOOP('',(#2387,#2388,#2389,#2390));
#905=EDGE_LOOP('',(#2391,#2392,#2393,#2394));
#906=EDGE_LOOP('',(#2395,#2396,#2397,#2398));
#907=EDGE_LOOP('',(#2399,#2400,#2401,#2402));
#908=EDGE_LOOP('',(#2403,#2404,#2405,#2406));
#909=EDGE_LOOP('',(#2407,#2408,#2409,#2410));
#910=EDGE_LOOP('',(#2411,#2412,#2413,#2414));
#911=EDGE_LOOP('',(#2415,#2416,#2417,#2418));
#912=EDGE_LOOP('',(#2419,#2420,#2421,#2422));
#913=EDGE_LOOP('',(#2423,#2424,#2425,#2426));
#914=EDGE_LOOP('',(#2427,#2428,#2429,#2430));
#915=EDGE_LOOP('',(#2431,#2432,#2433,#2434));
#916=EDGE_LOOP('',(#2435,#2436,#2437,#2438));
#917=EDGE_LOOP('',(#2439,#2440,#2441,#2442));
#918=EDGE_LOOP('',(#2443,#2444,#2445,#2446));
#919=CIRCLE('',#2657,0.499999999999998);
#920=CIRCLE('',#2658,1.75);
#921=CIRCLE('',#2659,0.5);
#922=CIRCLE('',#2660,1.25);
#923=CIRCLE('',#2662,0.5);
#924=CIRCLE('',#2664,0.5);
#925=CIRCLE('',#2665,1.25);
#926=CIRCLE('',#2666,1.75);
#927=CIRCLE('',#2670,1.75);
#928=CIRCLE('',#2674,1.75);
#929=CIRCLE('',#2676,0.499999999999998);
#930=CIRCLE('',#2677,1.75);
#931=CIRCLE('',#2678,0.5);
#932=CIRCLE('',#2679,1.25);
#933=CIRCLE('',#2681,0.5);
#934=CIRCLE('',#2683,0.5);
#935=CIRCLE('',#2684,1.25);
#936=CIRCLE('',#2685,1.75);
#937=CIRCLE('',#2689,1.75);
#938=CIRCLE('',#2693,1.75);
#939=CIRCLE('',#2695,0.499999999999998);
#940=CIRCLE('',#2696,1.75);
#941=CIRCLE('',#2697,0.5);
#942=CIRCLE('',#2698,1.25);
#943=CIRCLE('',#2700,0.5);
#944=CIRCLE('',#2702,0.5);
#945=CIRCLE('',#2703,1.25);
#946=CIRCLE('',#2704,1.75);
#947=CIRCLE('',#2708,1.75);
#948=CIRCLE('',#2712,1.75);
#949=CIRCLE('',#2714,0.499999999999998);
#950=CIRCLE('',#2715,0.5);
#951=CIRCLE('',#2717,0.5);
#952=CIRCLE('',#2718,1.50000002980232);
#953=CIRCLE('',#2719,2.00000002980232);
#954=CIRCLE('',#2721,0.5);
#955=CIRCLE('',#2723,1.50000002980232);
#956=CIRCLE('',#2724,2.00000002980232);
#957=CIRCLE('',#2726,2.00000002980232);
#958=CIRCLE('',#2730,2.00000002980232);
#959=CIRCLE('',#2734,2.5);
#960=CIRCLE('',#2735,2.);
#961=CIRCLE('',#2738,2.5);
#962=CIRCLE('',#2739,2.);
#963=CIRCLE('',#2741,2.);
#964=CIRCLE('',#2744,2.5);
#965=CIRCLE('',#2745,2.5);
#966=CIRCLE('',#2746,2.5);
#967=CIRCLE('',#2747,2.5);
#968=CIRCLE('',#2748,2.5);
#969=CIRCLE('',#2749,2.5);
#970=CIRCLE('',#2752,2.);
#971=CIRCLE('',#2754,0.499999999999996);
#972=CIRCLE('',#2755,0.5);
#973=CIRCLE('',#2757,2.);
#974=CIRCLE('',#2758,0.5);
#975=CIRCLE('',#2759,2.14644660940672);
#976=CIRCLE('',#2761,0.5);
#977=CIRCLE('',#2763,2.);
#978=CIRCLE('',#2764,0.5);
#979=CIRCLE('',#2765,2.14644660940672);
#980=CIRCLE('',#2767,0.5);
#981=CIRCLE('',#2769,2.);
#982=CIRCLE('',#2770,0.5);
#983=CIRCLE('',#2771,2.14644660940672);
#984=CIRCLE('',#2773,0.5);
#985=CIRCLE('',#2775,2.);
#986=CIRCLE('',#2776,2.14644660940672);
#987=CIRCLE('',#2782,2.);
#988=CIRCLE('',#2785,2.);
#989=CIRCLE('',#2792,2.);
#990=CIRCLE('',#2796,2.);
#991=CIRCLE('',#2799,2.);
#992=CIRCLE('',#2801,2.);
#993=CIRCLE('',#2805,2.);
#994=CIRCLE('',#2808,2.50000000000001);
#995=CIRCLE('',#2809,1.5);
#996=CIRCLE('',#2812,2.5);
#997=CIRCLE('',#2813,1.5);
#998=CIRCLE('',#2816,2.5);
#999=CIRCLE('',#2817,1.5);
#1000=CIRCLE('',#2820,2.5);
#1001=CIRCLE('',#2821,1.5);
#1002=CIRCLE('',#2823,1.5);
#1003=CIRCLE('',#2826,1.5);
#1004=CIRCLE('',#2831,1.5);
#1005=CIRCLE('',#2834,1.5);
#1006=CIRCLE('',#2836,0.4);
#1007=CIRCLE('',#2837,0.4);
#1008=CIRCLE('',#2839,0.4);
#1009=CIRCLE('',#2840,2.4);
#1010=CIRCLE('',#2842,0.4);
#1011=CIRCLE('',#2844,0.399999999999999);
#1012=CIRCLE('',#2845,2.4);
#1013=CIRCLE('',#2846,2.);
#1014=CIRCLE('',#2848,0.400000000000001);
#1015=CIRCLE('',#2850,0.4);
#1016=CIRCLE('',#2851,2.4);
#1017=CIRCLE('',#2853,0.4);
#1018=CIRCLE('',#2855,2.4);
#1019=CIRCLE('',#2860,3.75);
#1020=CIRCLE('',#2861,0.3);
#1021=CIRCLE('',#2862,3.45);
#1022=CIRCLE('',#2864,11.7);
#1023=CIRCLE('',#2865,11.7);
#1024=CIRCLE('',#2866,11.7);
#1025=CIRCLE('',#2867,11.7);
#1026=CIRCLE('',#2868,9.9);
#1027=CIRCLE('',#2869,9.9);
#1028=CIRCLE('',#2871,3.45);
#1029=CIRCLE('',#2873,0.800000000000001);
#1030=CIRCLE('',#2874,0.800000000000001);
#1031=CIRCLE('',#2876,0.800000000000001);
#1032=CIRCLE('',#2877,12.5);
#1033=CIRCLE('',#2879,0.800000000000001);
#1034=CIRCLE('',#2881,0.800000000000001);
#1035=CIRCLE('',#2882,12.5);
#1036=CIRCLE('',#2884,0.800000000000001);
#1037=CIRCLE('',#2886,0.800000000000001);
#1038=CIRCLE('',#2887,12.5);
#1039=CIRCLE('',#2889,0.800000000000001);
#1040=CIRCLE('',#2891,12.5);
#1041=CIRCLE('',#2893,12.5);
#1042=CIRCLE('',#2895,12.5);
#1043=CIRCLE('',#2898,0.800000000000001);
#1044=CIRCLE('',#2899,0.8);
#1045=CIRCLE('',#2901,0.8);
#1046=CIRCLE('',#2902,11.7);
#1047=CIRCLE('',#2904,0.8);
#1048=CIRCLE('',#2906,0.8);
#1049=CIRCLE('',#2907,11.7);
#1050=CIRCLE('',#2909,0.8);
#1051=CIRCLE('',#2911,0.8);
#1052=CIRCLE('',#2912,12.5);
#1053=CIRCLE('',#2913,11.7);
#1054=CIRCLE('',#2915,0.8);
#1055=CIRCLE('',#2917,12.5);
#1056=CIRCLE('',#2918,11.7);
#1057=CIRCLE('',#2923,11.5);
#1058=CIRCLE('',#2924,11.5);
#1059=CIRCLE('',#2925,11.5);
#1060=CIRCLE('',#2926,11.5);
#1061=CIRCLE('',#2928,0.5);
#1062=CIRCLE('',#2929,0.499999999999998);
#1063=CIRCLE('',#2931,0.500000000000003);
#1064=CIRCLE('',#2932,11.);
#1065=CIRCLE('',#2934,0.500000000000003);
#1066=CIRCLE('',#2936,0.500000000000007);
#1067=CIRCLE('',#2937,11.);
#1068=CIRCLE('',#2939,0.499999999999998);
#1069=CIRCLE('',#2941,0.499999999999998);
#1070=CIRCLE('',#2942,11.);
#1071=CIRCLE('',#2944,0.500000000000003);
#1072=CIRCLE('',#2946,11.);
#1073=CIRCLE('',#2948,11.);
#1074=CIRCLE('',#2951,11.);
#1075=CIRCLE('',#2955,9.9);
#1076=CIRCLE('',#2958,9.9);
#1077=CIRCLE('',#2960,11.);
#1078=CIRCLE('',#2963,11.);
#1079=CIRCLE('',#2966,0.800000000000001);
#1080=CIRCLE('',#2967,0.800000000000001);
#1081=CIRCLE('',#2969,0.800000000000002);
#1082=CIRCLE('',#2970,10.6);
#1083=CIRCLE('',#2971,11.4);
#1084=CIRCLE('',#2973,0.8);
#1085=CIRCLE('',#2975,10.6);
#1086=CIRCLE('',#2976,11.4);
#1087=CIRCLE('',#2978,11.4);
#1088=CIRCLE('',#2981,9.90000000000001);
#1089=CIRCLE('',#2982,9.90000000000001);
#1090=CIRCLE('',#2985,9.90000000000001);
#1091=CIRCLE('',#2988,9.90000000000001);
#1092=CIRCLE('',#2991,11.4);
#1093=VERTEX_POINT('',#3874);
#1094=VERTEX_POINT('',#3875);
#1095=VERTEX_POINT('',#3877);
#1096=VERTEX_POINT('',#3879);
#1097=VERTEX_POINT('',#3883);
#1098=VERTEX_POINT('',#3884);
#1099=VERTEX_POINT('',#3889);
#1100=VERTEX_POINT('',#3890);
#1101=VERTEX_POINT('',#3898);
#1102=VERTEX_POINT('',#3900);
#1103=VERTEX_POINT('',#3904);
#1104=VERTEX_POINT('',#3909);
#1105=VERTEX_POINT('',#3915);
#1106=VERTEX_POINT('',#3916);
#1107=VERTEX_POINT('',#3918);
#1108=VERTEX_POINT('',#3920);
#1109=VERTEX_POINT('',#3924);
#1110=VERTEX_POINT('',#3925);
#1111=VERTEX_POINT('',#3930);
#1112=VERTEX_POINT('',#3931);
#1113=VERTEX_POINT('',#3939);
#1114=VERTEX_POINT('',#3941);
#1115=VERTEX_POINT('',#3945);
#1116=VERTEX_POINT('',#3950);
#1117=VERTEX_POINT('',#3956);
#1118=VERTEX_POINT('',#3957);
#1119=VERTEX_POINT('',#3959);
#1120=VERTEX_POINT('',#3961);
#1121=VERTEX_POINT('',#3965);
#1122=VERTEX_POINT('',#3966);
#1123=VERTEX_POINT('',#3971);
#1124=VERTEX_POINT('',#3972);
#1125=VERTEX_POINT('',#3980);
#1126=VERTEX_POINT('',#3982);
#1127=VERTEX_POINT('',#3986);
#1128=VERTEX_POINT('',#3991);
#1129=VERTEX_POINT('',#3997);
#1130=VERTEX_POINT('',#3998);
#1131=VERTEX_POINT('',#4000);
#1132=VERTEX_POINT('',#4002);
#1133=VERTEX_POINT('',#4006);
#1134=VERTEX_POINT('',#4007);
#1135=VERTEX_POINT('',#4012);
#1136=VERTEX_POINT('',#4013);
#1137=VERTEX_POINT('',#4021);
#1138=VERTEX_POINT('',#4023);
#1139=VERTEX_POINT('',#4027);
#1140=VERTEX_POINT('',#4032);
#1141=VERTEX_POINT('',#4038);
#1142=VERTEX_POINT('',#4039);
#1143=VERTEX_POINT('',#4041);
#1144=VERTEX_POINT('',#4043);
#1145=VERTEX_POINT('',#4047);
#1146=VERTEX_POINT('',#4048);
#1147=VERTEX_POINT('',#4053);
#1148=VERTEX_POINT('',#4054);
#1149=VERTEX_POINT('',#4062);
#1150=VERTEX_POINT('',#4064);
#1151=VERTEX_POINT('',#4068);
#1152=VERTEX_POINT('',#4072);
#1153=VERTEX_POINT('',#4073);
#1154=VERTEX_POINT('',#4075);
#1155=VERTEX_POINT('',#4077);
#1156=VERTEX_POINT('',#4080);
#1157=VERTEX_POINT('',#4081);
#1158=VERTEX_POINT('',#4083);
#1159=VERTEX_POINT('',#4085);
#1160=VERTEX_POINT('',#4087);
#1161=VERTEX_POINT('',#4089);
#1162=VERTEX_POINT('',#4091);
#1163=VERTEX_POINT('',#4093);
#1164=VERTEX_POINT('',#4096);
#1165=VERTEX_POINT('',#4097);
#1166=VERTEX_POINT('',#4099);
#1167=VERTEX_POINT('',#4101);
#1168=VERTEX_POINT('',#4105);
#1169=VERTEX_POINT('',#4111);
#1170=VERTEX_POINT('',#4112);
#1171=VERTEX_POINT('',#4114);
#1172=VERTEX_POINT('',#4116);
#1173=VERTEX_POINT('',#4120);
#1174=VERTEX_POINT('',#4122);
#1175=VERTEX_POINT('',#4126);
#1176=VERTEX_POINT('',#4128);
#1177=VERTEX_POINT('',#4132);
#1178=VERTEX_POINT('',#4134);
#1179=VERTEX_POINT('',#4138);
#1180=VERTEX_POINT('',#4140);
#1181=VERTEX_POINT('',#4144);
#1182=VERTEX_POINT('',#4146);
#1183=VERTEX_POINT('',#4150);
#1184=VERTEX_POINT('',#4152);
#1185=VERTEX_POINT('',#4168);
#1186=VERTEX_POINT('',#4170);
#1187=VERTEX_POINT('',#4174);
#1188=VERTEX_POINT('',#4178);
#1189=VERTEX_POINT('',#4182);
#1190=VERTEX_POINT('',#4193);
#1191=VERTEX_POINT('',#4197);
#1192=VERTEX_POINT('',#4201);
#1193=VERTEX_POINT('',#4203);
#1194=VERTEX_POINT('',#4207);
#1195=VERTEX_POINT('',#4211);
#1196=VERTEX_POINT('',#4217);
#1197=VERTEX_POINT('',#4219);
#1198=VERTEX_POINT('',#4223);
#1199=VERTEX_POINT('',#4227);
#1200=VERTEX_POINT('',#4233);
#1201=VERTEX_POINT('',#4234);
#1202=VERTEX_POINT('',#4236);
#1203=VERTEX_POINT('',#4238);
#1204=VERTEX_POINT('',#4242);
#1205=VERTEX_POINT('',#4243);
#1206=VERTEX_POINT('',#4248);
#1207=VERTEX_POINT('',#4249);
#1208=VERTEX_POINT('',#4254);
#1209=VERTEX_POINT('',#4255);
#1210=VERTEX_POINT('',#4260);
#1211=VERTEX_POINT('',#4261);
#1212=VERTEX_POINT('',#4266);
#1213=VERTEX_POINT('',#4267);
#1214=VERTEX_POINT('',#4272);
#1215=VERTEX_POINT('',#4273);
#1216=VERTEX_POINT('',#4281);
#1217=VERTEX_POINT('',#4283);
#1218=VERTEX_POINT('',#4287);
#1219=VERTEX_POINT('',#4291);
#1220=VERTEX_POINT('',#4295);
#1221=VERTEX_POINT('',#4299);
#1222=VERTEX_POINT('',#4300);
#1223=VERTEX_POINT('',#4302);
#1224=VERTEX_POINT('',#4304);
#1225=VERTEX_POINT('',#4308);
#1226=VERTEX_POINT('',#4312);
#1227=VERTEX_POINT('',#4316);
#1228=VERTEX_POINT('',#4322);
#1229=VERTEX_POINT('',#4324);
#1230=VERTEX_POINT('',#4328);
#1231=VERTEX_POINT('',#4332);
#1232=VERTEX_POINT('',#4336);
#1233=VERTEX_POINT('',#4337);
#1234=VERTEX_POINT('',#4342);
#1235=VERTEX_POINT('',#4347);
#1236=VERTEX_POINT('',#4351);
#1237=VERTEX_POINT('',#4359);
#1238=VERTEX_POINT('',#4360);
#1239=VERTEX_POINT('',#4362);
#1240=VERTEX_POINT('',#4364);
#1241=VERTEX_POINT('',#4369);
#1242=VERTEX_POINT('',#4371);
#1243=VERTEX_POINT('',#4375);
#1244=VERTEX_POINT('',#4376);
#1245=VERTEX_POINT('',#4378);
#1246=VERTEX_POINT('',#4380);
#1247=VERTEX_POINT('',#4382);
#1248=VERTEX_POINT('',#4384);
#1249=VERTEX_POINT('',#4386);
#1250=VERTEX_POINT('',#4388);
#1251=VERTEX_POINT('',#4391);
#1252=VERTEX_POINT('',#4392);
#1253=VERTEX_POINT('',#4394);
#1254=VERTEX_POINT('',#4396);
#1255=VERTEX_POINT('',#4400);
#1256=VERTEX_POINT('',#4404);
#1257=VERTEX_POINT('',#4406);
#1258=VERTEX_POINT('',#4420);
#1259=VERTEX_POINT('',#4424);
#1260=VERTEX_POINT('',#4432);
#1261=VERTEX_POINT('',#4436);
#1262=VERTEX_POINT('',#4440);
#1263=VERTEX_POINT('',#4442);
#1264=VERTEX_POINT('',#4446);
#1265=VERTEX_POINT('',#4450);
#1266=VERTEX_POINT('',#4454);
#1267=VERTEX_POINT('',#4458);
#1268=VERTEX_POINT('',#4462);
#1269=VERTEX_POINT('',#4463);
#1270=VERTEX_POINT('',#4468);
#1271=VERTEX_POINT('',#4469);
#1272=VERTEX_POINT('',#4482);
#1273=VERTEX_POINT('',#4483);
#1274=VERTEX_POINT('',#4485);
#1275=VERTEX_POINT('',#4487);
#1276=VERTEX_POINT('',#4489);
#1277=VERTEX_POINT('',#4491);
#1278=VERTEX_POINT('',#4493);
#1279=VERTEX_POINT('',#4495);
#1280=VERTEX_POINT('',#4499);
#1281=VERTEX_POINT('',#4501);
#1282=VERTEX_POINT('',#4505);
#1283=VERTEX_POINT('',#4509);
#1284=VERTEX_POINT('',#4518);
#1285=VERTEX_POINT('',#4522);
#1286=VERTEX_POINT('',#4528);
#1287=VERTEX_POINT('',#4532);
#1288=VERTEX_POINT('',#4536);
#1289=VERTEX_POINT('',#4540);
#1290=VERTEX_POINT('',#4544);
#1291=VERTEX_POINT('',#4545);
#1292=VERTEX_POINT('',#4550);
#1293=VERTEX_POINT('',#4554);
#1294=VERTEX_POINT('',#4560);
#1295=VERTEX_POINT('',#4564);
#1296=VERTEX_POINT('',#4571);
#1297=VERTEX_POINT('',#4572);
#1298=VERTEX_POINT('',#4574);
#1299=VERTEX_POINT('',#4576);
#1300=VERTEX_POINT('',#4580);
#1301=VERTEX_POINT('',#4581);
#1302=VERTEX_POINT('',#4586);
#1303=VERTEX_POINT('',#4587);
#1304=VERTEX_POINT('',#4595);
#1305=VERTEX_POINT('',#4597);
#1306=VERTEX_POINT('',#4601);
#1307=VERTEX_POINT('',#4605);
#1308=VERTEX_POINT('',#4606);
#1309=VERTEX_POINT('',#4608);
#1310=VERTEX_POINT('',#4610);
#1311=VERTEX_POINT('',#4614);
#1312=VERTEX_POINT('',#4615);
#1313=VERTEX_POINT('',#4620);
#1314=VERTEX_POINT('',#4624);
#1315=VERTEX_POINT('',#4630);
#1316=EDGE_CURVE('',#1093,#1094,#919,.T.);
#1317=EDGE_CURVE('',#1094,#1095,#920,.T.);
#1318=EDGE_CURVE('',#1095,#1096,#921,.T.);
#1319=EDGE_CURVE('',#1096,#1093,#922,.T.);
#1320=EDGE_CURVE('',#1097,#1098,#923,.T.);
#1321=EDGE_CURVE('',#1098,#1096,#103,.T.);
#1322=EDGE_CURVE('',#1095,#1097,#104,.T.);
#1323=EDGE_CURVE('',#1099,#1100,#924,.T.);
#1324=EDGE_CURVE('',#1100,#1098,#925,.T.);
#1325=EDGE_CURVE('',#1097,#1099,#926,.T.);
#1326=EDGE_CURVE('',#1093,#1100,#105,.T.);
#1327=EDGE_CURVE('',#1099,#1094,#106,.T.);
#1328=EDGE_CURVE('',#1101,#1095,#107,.T.);
#1329=EDGE_CURVE('',#1102,#1101,#108,.T.);
#1330=EDGE_CURVE('',#1102,#1097,#109,.T.);
#1331=EDGE_CURVE('',#1103,#1094,#110,.T.);
#1332=EDGE_CURVE('',#1101,#1103,#927,.T.);
#1333=EDGE_CURVE('',#1104,#1099,#111,.T.);
#1334=EDGE_CURVE('',#1103,#1104,#112,.T.);
#1335=EDGE_CURVE('',#1104,#1102,#928,.T.);
#1336=EDGE_CURVE('',#1105,#1106,#929,.T.);
#1337=EDGE_CURVE('',#1106,#1107,#930,.T.);
#1338=EDGE_CURVE('',#1107,#1108,#931,.T.);
#1339=EDGE_CURVE('',#1108,#1105,#932,.T.);
#1340=EDGE_CURVE('',#1109,#1110,#933,.T.);
#1341=EDGE_CURVE('',#1110,#1108,#113,.T.);
#1342=EDGE_CURVE('',#1107,#1109,#114,.T.);
#1343=EDGE_CURVE('',#1111,#1112,#934,.T.);
#1344=EDGE_CURVE('',#1112,#1110,#935,.T.);
#1345=EDGE_CURVE('',#1109,#1111,#936,.T.);
#1346=EDGE_CURVE('',#1105,#1112,#115,.T.);
#1347=EDGE_CURVE('',#1111,#1106,#116,.T.);
#1348=EDGE_CURVE('',#1113,#1107,#117,.T.);
#1349=EDGE_CURVE('',#1114,#1113,#118,.T.);
#1350=EDGE_CURVE('',#1114,#1109,#119,.T.);
#1351=EDGE_CURVE('',#1115,#1106,#120,.T.);
#1352=EDGE_CURVE('',#1113,#1115,#937,.T.);
#1353=EDGE_CURVE('',#1116,#1111,#121,.T.);
#1354=EDGE_CURVE('',#1115,#1116,#122,.T.);
#1355=EDGE_CURVE('',#1116,#1114,#938,.T.);
#1356=EDGE_CURVE('',#1117,#1118,#939,.T.);
#1357=EDGE_CURVE('',#1118,#1119,#940,.T.);
#1358=EDGE_CURVE('',#1119,#1120,#941,.T.);
#1359=EDGE_CURVE('',#1120,#1117,#942,.T.);
#1360=EDGE_CURVE('',#1121,#1122,#943,.T.);
#1361=EDGE_CURVE('',#1122,#1120,#123,.T.);
#1362=EDGE_CURVE('',#1119,#1121,#124,.T.);
#1363=EDGE_CURVE('',#1123,#1124,#944,.T.);
#1364=EDGE_CURVE('',#1124,#1122,#945,.T.);
#1365=EDGE_CURVE('',#1121,#1123,#946,.T.);
#1366=EDGE_CURVE('',#1117,#1124,#125,.T.);
#1367=EDGE_CURVE('',#1123,#1118,#126,.T.);
#1368=EDGE_CURVE('',#1125,#1119,#127,.T.);
#1369=EDGE_CURVE('',#1126,#1125,#128,.T.);
#1370=EDGE_CURVE('',#1126,#1121,#129,.T.);
#1371=EDGE_CURVE('',#1127,#1118,#130,.T.);
#1372=EDGE_CURVE('',#1125,#1127,#947,.T.);
#1373=EDGE_CURVE('',#1128,#1123,#131,.T.);
#1374=EDGE_CURVE('',#1127,#1128,#132,.T.);
#1375=EDGE_CURVE('',#1128,#1126,#948,.T.);
#1376=EDGE_CURVE('',#1129,#1130,#949,.T.);
#1377=EDGE_CURVE('',#1130,#1131,#133,.T.);
#1378=EDGE_CURVE('',#1131,#1132,#950,.T.);
#1379=EDGE_CURVE('',#1132,#1129,#134,.T.);
#1380=EDGE_CURVE('',#1133,#1134,#951,.T.);
#1381=EDGE_CURVE('',#1134,#1132,#952,.T.);
#1382=EDGE_CURVE('',#1131,#1133,#953,.T.);
#1383=EDGE_CURVE('',#1135,#1136,#954,.T.);
#1384=EDGE_CURVE('',#1136,#1134,#135,.T.);
#1385=EDGE_CURVE('',#1133,#1135,#136,.T.);
#1386=EDGE_CURVE('',#1129,#1136,#955,.T.);
#1387=EDGE_CURVE('',#1135,#1130,#956,.T.);
#1388=EDGE_CURVE('',#1137,#1131,#137,.T.);
#1389=EDGE_CURVE('',#1138,#1137,#957,.T.);
#1390=EDGE_CURVE('',#1138,#1133,#138,.T.);
#1391=EDGE_CURVE('',#1139,#1130,#139,.T.);
#1392=EDGE_CURVE('',#1137,#1139,#140,.T.);
#1393=EDGE_CURVE('',#1140,#1135,#141,.T.);
#1394=EDGE_CURVE('',#1139,#1140,#958,.T.);
#1395=EDGE_CURVE('',#1140,#1138,#142,.T.);
#1396=EDGE_CURVE('',#1141,#1142,#143,.T.);
#1397=EDGE_CURVE('',#1142,#1143,#144,.T.);
#1398=EDGE_CURVE('',#1143,#1144,#145,.T.);
#1399=EDGE_CURVE('',#1144,#1141,#146,.T.);
#1400=EDGE_CURVE('',#1145,#1146,#147,.T.);
#1401=EDGE_CURVE('',#1146,#1142,#959,.T.);
#1402=EDGE_CURVE('',#1141,#1145,#960,.T.);
#1403=EDGE_CURVE('',#1147,#1148,#148,.T.);
#1404=EDGE_CURVE('',#1148,#1146,#149,.T.);
#1405=EDGE_CURVE('',#1145,#1147,#150,.T.);
#1406=EDGE_CURVE('',#1143,#1148,#961,.T.);
#1407=EDGE_CURVE('',#1147,#1144,#962,.T.);
#1408=EDGE_CURVE('',#1141,#1149,#151,.T.);
#1409=EDGE_CURVE('',#1150,#1149,#963,.T.);
#1410=EDGE_CURVE('',#1145,#1150,#152,.T.);
#1411=EDGE_CURVE('',#1144,#1151,#153,.T.);
#1412=EDGE_CURVE('',#1149,#1151,#154,.T.);
#1413=EDGE_CURVE('',#1152,#1153,#155,.T.);
#1414=EDGE_CURVE('',#1154,#1152,#156,.T.);
#1415=EDGE_CURVE('',#1155,#1154,#157,.T.);
#1416=EDGE_CURVE('',#1155,#1153,#158,.T.);
#1417=EDGE_CURVE('',#1156,#1157,#159,.T.);
#1418=EDGE_CURVE('',#1158,#1156,#964,.T.);
#1419=EDGE_CURVE('',#1159,#1158,#160,.T.);
#1420=EDGE_CURVE('',#1160,#1159,#965,.T.);
#1421=EDGE_CURVE('',#1161,#1160,#161,.T.);
#1422=EDGE_CURVE('',#1162,#1161,#966,.T.);
#1423=EDGE_CURVE('',#1163,#1162,#162,.T.);
#1424=EDGE_CURVE('',#1157,#1163,#967,.T.);
#1425=EDGE_CURVE('',#1164,#1165,#163,.T.);
#1426=EDGE_CURVE('',#1166,#1164,#968,.T.);
#1427=EDGE_CURVE('',#1167,#1166,#164,.T.);
#1428=EDGE_CURVE('',#1165,#1167,#969,.T.);
#1429=EDGE_CURVE('',#1168,#1150,#165,.T.);
#1430=EDGE_CURVE('',#1147,#1168,#166,.T.);
#1431=EDGE_CURVE('',#1151,#1168,#970,.T.);
#1432=EDGE_CURVE('',#1169,#1170,#971,.T.);
#1433=EDGE_CURVE('',#1170,#1171,#167,.T.);
#1434=EDGE_CURVE('',#1171,#1172,#972,.T.);
#1435=EDGE_CURVE('',#1172,#1169,#168,.T.);
#1436=EDGE_CURVE('',#1171,#1173,#973,.T.);
#1437=EDGE_CURVE('',#1173,#1174,#974,.T.);
#1438=EDGE_CURVE('',#1174,#1172,#975,.T.);
#1439=EDGE_CURVE('',#1173,#1175,#169,.T.);
#1440=EDGE_CURVE('',#1175,#1176,#976,.T.);
#1441=EDGE_CURVE('',#1176,#1174,#170,.T.);
#1442=EDGE_CURVE('',#1175,#1177,#977,.T.);
#1443=EDGE_CURVE('',#1177,#1178,#978,.T.);
#1444=EDGE_CURVE('',#1178,#1176,#979,.T.);
#1445=EDGE_CURVE('',#1177,#1179,#171,.T.);
#1446=EDGE_CURVE('',#1179,#1180,#980,.T.);
#1447=EDGE_CURVE('',#1180,#1178,#172,.T.);
#1448=EDGE_CURVE('',#1179,#1181,#981,.T.);
#1449=EDGE_CURVE('',#1181,#1182,#982,.T.);
#1450=EDGE_CURVE('',#1182,#1180,#983,.T.);
#1451=EDGE_CURVE('',#1181,#1183,#173,.T.);
#1452=EDGE_CURVE('',#1183,#1184,#984,.T.);
#1453=EDGE_CURVE('',#1184,#1182,#174,.T.);
#1454=EDGE_CURVE('',#1183,#1170,#985,.T.);
#1455=EDGE_CURVE('',#1169,#1184,#986,.T.);
#1456=EDGE_CURVE('',#1157,#1182,#175,.T.);
#1457=EDGE_CURVE('',#1180,#1163,#176,.T.);
#1458=EDGE_CURVE('',#1184,#1156,#177,.T.);
#1459=EDGE_CURVE('',#1169,#1158,#178,.T.);
#1460=EDGE_CURVE('',#1172,#1159,#179,.T.);
#1461=EDGE_CURVE('',#1175,#1185,#180,.T.);
#1462=EDGE_CURVE('',#1186,#1185,#987,.T.);
#1463=EDGE_CURVE('',#1177,#1186,#181,.T.);
#1464=EDGE_CURVE('',#1173,#1187,#182,.T.);
#1465=EDGE_CURVE('',#1185,#1187,#183,.T.);
#1466=EDGE_CURVE('',#1171,#1188,#184,.T.);
#1467=EDGE_CURVE('',#1187,#1188,#988,.T.);
#1468=EDGE_CURVE('',#1170,#1189,#185,.T.);
#1469=EDGE_CURVE('',#1188,#1189,#186,.T.);
#1470=EDGE_CURVE('',#1174,#1160,#187,.T.);
#1471=EDGE_CURVE('',#1176,#1161,#188,.T.);
#1472=EDGE_CURVE('',#1178,#1162,#189,.T.);
#1473=EDGE_CURVE('',#1183,#1190,#190,.T.);
#1474=EDGE_CURVE('',#1189,#1190,#989,.T.);
#1475=EDGE_CURVE('',#1181,#1191,#191,.T.);
#1476=EDGE_CURVE('',#1190,#1191,#192,.T.);
#1477=EDGE_CURVE('',#1192,#1164,#193,.T.);
#1478=EDGE_CURVE('',#1165,#1193,#194,.T.);
#1479=EDGE_CURVE('',#1193,#1192,#195,.T.);
#1480=EDGE_CURVE('',#1194,#1166,#196,.T.);
#1481=EDGE_CURVE('',#1192,#1194,#990,.T.);
#1482=EDGE_CURVE('',#1195,#1167,#197,.T.);
#1483=EDGE_CURVE('',#1194,#1195,#198,.T.);
#1484=EDGE_CURVE('',#1195,#1193,#991,.T.);
#1485=EDGE_CURVE('',#1192,#1196,#199,.T.);
#1486=EDGE_CURVE('',#1197,#1196,#992,.T.);
#1487=EDGE_CURVE('',#1194,#1197,#200,.T.);
#1488=EDGE_CURVE('',#1193,#1198,#201,.T.);
#1489=EDGE_CURVE('',#1196,#1198,#202,.T.);
#1490=EDGE_CURVE('',#1199,#1197,#203,.T.);
#1491=EDGE_CURVE('',#1195,#1199,#204,.T.);
#1492=EDGE_CURVE('',#1198,#1199,#993,.T.);
#1493=EDGE_CURVE('',#1200,#1201,#205,.T.);
#1494=EDGE_CURVE('',#1201,#1202,#206,.T.);
#1495=EDGE_CURVE('',#1202,#1203,#207,.T.);
#1496=EDGE_CURVE('',#1203,#1200,#208,.T.);
#1497=EDGE_CURVE('',#1204,#1205,#209,.T.);
#1498=EDGE_CURVE('',#1205,#1201,#994,.T.);
#1499=EDGE_CURVE('',#1200,#1204,#995,.T.);
#1500=EDGE_CURVE('',#1206,#1207,#210,.T.);
#1501=EDGE_CURVE('',#1207,#1205,#211,.T.);
#1502=EDGE_CURVE('',#1204,#1206,#212,.T.);
#1503=EDGE_CURVE('',#1208,#1209,#213,.T.);
#1504=EDGE_CURVE('',#1209,#1207,#996,.T.);
#1505=EDGE_CURVE('',#1206,#1208,#997,.T.);
#1506=EDGE_CURVE('',#1210,#1211,#214,.T.);
#1507=EDGE_CURVE('',#1211,#1209,#215,.T.);
#1508=EDGE_CURVE('',#1208,#1210,#216,.T.);
#1509=EDGE_CURVE('',#1212,#1213,#217,.T.);
#1510=EDGE_CURVE('',#1213,#1211,#998,.T.);
#1511=EDGE_CURVE('',#1210,#1212,#999,.T.);
#1512=EDGE_CURVE('',#1214,#1215,#218,.T.);
#1513=EDGE_CURVE('',#1215,#1213,#219,.T.);
#1514=EDGE_CURVE('',#1212,#1214,#220,.T.);
#1515=EDGE_CURVE('',#1202,#1215,#1000,.T.);
#1516=EDGE_CURVE('',#1214,#1203,#1001,.T.);
#1517=EDGE_CURVE('',#1206,#1216,#221,.T.);
#1518=EDGE_CURVE('',#1217,#1216,#1002,.T.);
#1519=EDGE_CURVE('',#1208,#1217,#222,.T.);
#1520=EDGE_CURVE('',#1204,#1218,#223,.T.);
#1521=EDGE_CURVE('',#1216,#1218,#224,.T.);
#1522=EDGE_CURVE('',#1200,#1219,#225,.T.);
#1523=EDGE_CURVE('',#1218,#1219,#1003,.T.);
#1524=EDGE_CURVE('',#1203,#1220,#226,.T.);
#1525=EDGE_CURVE('',#1219,#1220,#227,.T.);
#1526=EDGE_CURVE('',#1221,#1222,#228,.T.);
#1527=EDGE_CURVE('',#1223,#1221,#229,.T.);
#1528=EDGE_CURVE('',#1224,#1223,#230,.T.);
#1529=EDGE_CURVE('',#1224,#1222,#231,.T.);
#1530=EDGE_CURVE('',#1225,#1217,#232,.T.);
#1531=EDGE_CURVE('',#1210,#1225,#233,.T.);
#1532=EDGE_CURVE('',#1214,#1226,#234,.T.);
#1533=EDGE_CURVE('',#1220,#1226,#1004,.T.);
#1534=EDGE_CURVE('',#1212,#1227,#235,.T.);
#1535=EDGE_CURVE('',#1226,#1227,#236,.T.);
#1536=EDGE_CURVE('',#1227,#1225,#1005,.T.);
#1537=EDGE_CURVE('',#1228,#1188,#1006,.T.);
#1538=EDGE_CURVE('',#1189,#1229,#1007,.T.);
#1539=EDGE_CURVE('',#1229,#1228,#237,.T.);
#1540=EDGE_CURVE('',#1190,#1230,#1008,.T.);
#1541=EDGE_CURVE('',#1230,#1229,#1009,.T.);
#1542=EDGE_CURVE('',#1191,#1231,#1010,.T.);
#1543=EDGE_CURVE('',#1231,#1230,#238,.T.);
#1544=EDGE_CURVE('',#1232,#1233,#1011,.T.);
#1545=EDGE_CURVE('',#1233,#1231,#1012,.T.);
#1546=EDGE_CURVE('',#1191,#1232,#1013,.T.);
#1547=EDGE_CURVE('',#1186,#1234,#1014,.T.);
#1548=EDGE_CURVE('',#1234,#1233,#239,.T.);
#1549=EDGE_CURVE('',#1232,#1186,#240,.T.);
#1550=EDGE_CURVE('',#1185,#1235,#1015,.T.);
#1551=EDGE_CURVE('',#1235,#1234,#1016,.T.);
#1552=EDGE_CURVE('',#1187,#1236,#1017,.T.);
#1553=EDGE_CURVE('',#1236,#1235,#241,.T.);
#1554=EDGE_CURVE('',#1228,#1236,#1018,.T.);
#1555=EDGE_CURVE('',#1179,#1232,#242,.T.);
#1556=EDGE_CURVE('',#1237,#1238,#243,.T.);
#1557=EDGE_CURVE('',#1237,#1239,#244,.T.);
#1558=EDGE_CURVE('',#1239,#1240,#245,.F.);
#1559=EDGE_CURVE('',#1238,#1240,#246,.T.);
#1560=EDGE_CURVE('',#1241,#1241,#1019,.T.);
#1561=EDGE_CURVE('',#1241,#1242,#1020,.T.);
#1562=EDGE_CURVE('',#1242,#1242,#1021,.T.);
#1563=EDGE_CURVE('',#1243,#1244,#247,.T.);
#1564=EDGE_CURVE('',#1245,#1243,#1022,.T.);
#1565=EDGE_CURVE('',#1246,#1245,#248,.T.);
#1566=EDGE_CURVE('',#1247,#1246,#1023,.T.);
#1567=EDGE_CURVE('',#1248,#1247,#249,.T.);
#1568=EDGE_CURVE('',#1249,#1248,#1024,.T.);
#1569=EDGE_CURVE('',#1250,#1249,#250,.T.);
#1570=EDGE_CURVE('',#1244,#1250,#1025,.T.);
#1571=EDGE_CURVE('',#1251,#1252,#251,.T.);
#1572=EDGE_CURVE('',#1252,#1253,#1026,.T.);
#1573=EDGE_CURVE('',#1253,#1254,#252,.T.);
#1574=EDGE_CURVE('',#1254,#1251,#1027,.T.);
#1575=EDGE_CURVE('',#1242,#1255,#253,.T.);
#1576=EDGE_CURVE('',#1255,#1255,#1028,.T.);
#1577=EDGE_CURVE('',#1244,#1256,#1029,.T.);
#1578=EDGE_CURVE('',#1256,#1257,#254,.T.);
#1579=EDGE_CURVE('',#1257,#1243,#1030,.T.);
#1580=EDGE_CURVE('',#1221,#1245,#1031,.T.);
#1581=EDGE_CURVE('',#1257,#1221,#1032,.T.);
#1582=EDGE_CURVE('',#1222,#1246,#1033,.T.);
#1583=EDGE_CURVE('',#1152,#1247,#1034,.T.);
#1584=EDGE_CURVE('',#1222,#1152,#1035,.T.);
#1585=EDGE_CURVE('',#1153,#1248,#1036,.T.);
#1586=EDGE_CURVE('',#1258,#1249,#1037,.T.);
#1587=EDGE_CURVE('',#1153,#1258,#1038,.T.);
#1588=EDGE_CURVE('',#1259,#1250,#1039,.T.);
#1589=EDGE_CURVE('',#1258,#1259,#255,.T.);
#1590=EDGE_CURVE('',#1259,#1256,#1040,.T.);
#1591=EDGE_CURVE('',#1154,#1224,#1041,.T.);
#1592=EDGE_CURVE('',#1260,#1257,#256,.T.);
#1593=EDGE_CURVE('',#1223,#1260,#1042,.T.);
#1594=EDGE_CURVE('',#1261,#1256,#257,.T.);
#1595=EDGE_CURVE('',#1260,#1261,#258,.T.);
#1596=EDGE_CURVE('',#1261,#1262,#1043,.T.);
#1597=EDGE_CURVE('',#1262,#1263,#259,.T.);
#1598=EDGE_CURVE('',#1263,#1260,#1044,.T.);
#1599=EDGE_CURVE('',#1264,#1223,#1045,.T.);
#1600=EDGE_CURVE('',#1263,#1264,#1046,.T.);
#1601=EDGE_CURVE('',#1265,#1224,#1047,.T.);
#1602=EDGE_CURVE('',#1264,#1265,#260,.T.);
#1603=EDGE_CURVE('',#1266,#1154,#1048,.T.);
#1604=EDGE_CURVE('',#1265,#1266,#1049,.T.);
#1605=EDGE_CURVE('',#1267,#1155,#1050,.T.);
#1606=EDGE_CURVE('',#1266,#1267,#261,.T.);
#1607=EDGE_CURVE('',#1268,#1269,#1051,.T.);
#1608=EDGE_CURVE('',#1269,#1155,#1052,.T.);
#1609=EDGE_CURVE('',#1267,#1268,#1053,.T.);
#1610=EDGE_CURVE('',#1270,#1271,#1054,.T.);
#1611=EDGE_CURVE('',#1271,#1269,#262,.T.);
#1612=EDGE_CURVE('',#1268,#1270,#263,.T.);
#1613=EDGE_CURVE('',#1261,#1271,#1055,.T.);
#1614=EDGE_CURVE('',#1270,#1262,#1056,.T.);
#1615=EDGE_CURVE('',#1269,#1258,#264,.T.);
#1616=EDGE_CURVE('',#1271,#1259,#265,.T.);
#1617=EDGE_CURVE('',#1272,#1273,#266,.T.);
#1618=EDGE_CURVE('',#1274,#1272,#1057,.T.);
#1619=EDGE_CURVE('',#1275,#1274,#267,.T.);
#1620=EDGE_CURVE('',#1276,#1275,#1058,.T.);
#1621=EDGE_CURVE('',#1277,#1276,#268,.T.);
#1622=EDGE_CURVE('',#1278,#1277,#1059,.T.);
#1623=EDGE_CURVE('',#1279,#1278,#269,.T.);
#1624=EDGE_CURVE('',#1273,#1279,#1060,.T.);
#1625=EDGE_CURVE('',#1273,#1280,#1061,.T.);
#1626=EDGE_CURVE('',#1280,#1281,#270,.T.);
#1627=EDGE_CURVE('',#1281,#1272,#1062,.T.);
#1628=EDGE_CURVE('',#1282,#1274,#1063,.T.);
#1629=EDGE_CURVE('',#1281,#1282,#1064,.T.);
#1630=EDGE_CURVE('',#1283,#1275,#1065,.T.);
#1631=EDGE_CURVE('',#1282,#1283,#271,.T.);
#1632=EDGE_CURVE('',#1237,#1276,#1066,.T.);
#1633=EDGE_CURVE('',#1283,#1237,#1067,.T.);
#1634=EDGE_CURVE('',#1238,#1277,#1068,.T.);
#1635=EDGE_CURVE('',#1284,#1278,#1069,.T.);
#1636=EDGE_CURVE('',#1238,#1284,#1070,.T.);
#1637=EDGE_CURVE('',#1285,#1279,#1071,.T.);
#1638=EDGE_CURVE('',#1284,#1285,#272,.T.);
#1639=EDGE_CURVE('',#1285,#1280,#1072,.T.);
#1640=EDGE_CURVE('',#1283,#1286,#273,.T.);
#1641=EDGE_CURVE('',#1286,#1239,#1073,.F.);
#1642=EDGE_CURVE('',#1282,#1287,#274,.T.);
#1643=EDGE_CURVE('',#1287,#1286,#275,.F.);
#1644=EDGE_CURVE('',#1281,#1288,#276,.T.);
#1645=EDGE_CURVE('',#1288,#1287,#1074,.F.);
#1646=EDGE_CURVE('',#1280,#1289,#277,.T.);
#1647=EDGE_CURVE('',#1289,#1288,#278,.F.);
#1648=EDGE_CURVE('',#1290,#1291,#279,.T.);
#1649=EDGE_CURVE('',#1254,#1290,#280,.T.);
#1650=EDGE_CURVE('',#1253,#1291,#281,.T.);
#1651=EDGE_CURVE('',#1291,#1292,#1075,.T.);
#1652=EDGE_CURVE('',#1252,#1292,#282,.T.);
#1653=EDGE_CURVE('',#1292,#1293,#283,.T.);
#1654=EDGE_CURVE('',#1251,#1293,#284,.T.);
#1655=EDGE_CURVE('',#1293,#1290,#1076,.T.);
#1656=EDGE_CURVE('',#1285,#1294,#285,.T.);
#1657=EDGE_CURVE('',#1294,#1289,#1077,.F.);
#1658=EDGE_CURVE('',#1284,#1295,#286,.T.);
#1659=EDGE_CURVE('',#1295,#1294,#287,.F.);
#1660=EDGE_CURVE('',#1240,#1295,#1078,.F.);
#1661=EDGE_CURVE('',#1296,#1297,#1079,.T.);
#1662=EDGE_CURVE('',#1297,#1298,#288,.T.);
#1663=EDGE_CURVE('',#1298,#1299,#1080,.T.);
#1664=EDGE_CURVE('',#1299,#1296,#289,.T.);
#1665=EDGE_CURVE('',#1300,#1301,#1081,.T.);
#1666=EDGE_CURVE('',#1301,#1299,#1082,.T.);
#1667=EDGE_CURVE('',#1298,#1300,#1083,.T.);
#1668=EDGE_CURVE('',#1302,#1303,#1084,.T.);
#1669=EDGE_CURVE('',#1303,#1301,#290,.T.);
#1670=EDGE_CURVE('',#1300,#1302,#291,.T.);
#1671=EDGE_CURVE('',#1296,#1303,#1085,.T.);
#1672=EDGE_CURVE('',#1302,#1297,#1086,.T.);
#1673=EDGE_CURVE('',#1304,#1298,#292,.T.);
#1674=EDGE_CURVE('',#1304,#1305,#1087,.F.);
#1675=EDGE_CURVE('',#1305,#1300,#293,.T.);
#1676=EDGE_CURVE('',#1306,#1297,#294,.T.);
#1677=EDGE_CURVE('',#1306,#1304,#295,.F.);
#1678=EDGE_CURVE('',#1307,#1308,#296,.T.);
#1679=EDGE_CURVE('',#1308,#1309,#1088,.T.);
#1680=EDGE_CURVE('',#1309,#1310,#297,.T.);
#1681=EDGE_CURVE('',#1310,#1307,#1089,.T.);
#1682=EDGE_CURVE('',#1311,#1312,#298,.T.);
#1683=EDGE_CURVE('',#1311,#1308,#299,.T.);
#1684=EDGE_CURVE('',#1312,#1307,#300,.T.);
#1685=EDGE_CURVE('',#1313,#1311,#1090,.T.);
#1686=EDGE_CURVE('',#1313,#1309,#301,.T.);
#1687=EDGE_CURVE('',#1314,#1313,#302,.T.);
#1688=EDGE_CURVE('',#1314,#1310,#303,.T.);
#1689=EDGE_CURVE('',#1312,#1314,#1091,.T.);
#1690=EDGE_CURVE('',#1305,#1315,#304,.F.);
#1691=EDGE_CURVE('',#1315,#1302,#305,.T.);
#1692=EDGE_CURVE('',#1315,#1306,#1092,.F.);
#1693=ORIENTED_EDGE('',*,*,#1316,.T.);
#1694=ORIENTED_EDGE('',*,*,#1317,.T.);
#1695=ORIENTED_EDGE('',*,*,#1318,.T.);
#1696=ORIENTED_EDGE('',*,*,#1319,.T.);
#1697=ORIENTED_EDGE('',*,*,#1320,.T.);
#1698=ORIENTED_EDGE('',*,*,#1321,.T.);
#1699=ORIENTED_EDGE('',*,*,#1318,.F.);
#1700=ORIENTED_EDGE('',*,*,#1322,.T.);
#1701=ORIENTED_EDGE('',*,*,#1323,.T.);
#1702=ORIENTED_EDGE('',*,*,#1324,.T.);
#1703=ORIENTED_EDGE('',*,*,#1320,.F.);
#1704=ORIENTED_EDGE('',*,*,#1325,.T.);
#1705=ORIENTED_EDGE('',*,*,#1316,.F.);
#1706=ORIENTED_EDGE('',*,*,#1326,.T.);
#1707=ORIENTED_EDGE('',*,*,#1323,.F.);
#1708=ORIENTED_EDGE('',*,*,#1327,.T.);
#1709=ORIENTED_EDGE('',*,*,#1322,.F.);
#1710=ORIENTED_EDGE('',*,*,#1328,.F.);
#1711=ORIENTED_EDGE('',*,*,#1329,.F.);
#1712=ORIENTED_EDGE('',*,*,#1330,.T.);
#1713=ORIENTED_EDGE('',*,*,#1317,.F.);
#1714=ORIENTED_EDGE('',*,*,#1331,.F.);
#1715=ORIENTED_EDGE('',*,*,#1332,.F.);
#1716=ORIENTED_EDGE('',*,*,#1328,.T.);
#1717=ORIENTED_EDGE('',*,*,#1319,.F.);
#1718=ORIENTED_EDGE('',*,*,#1321,.F.);
#1719=ORIENTED_EDGE('',*,*,#1324,.F.);
#1720=ORIENTED_EDGE('',*,*,#1326,.F.);
#1721=ORIENTED_EDGE('',*,*,#1327,.F.);
#1722=ORIENTED_EDGE('',*,*,#1333,.F.);
#1723=ORIENTED_EDGE('',*,*,#1334,.F.);
#1724=ORIENTED_EDGE('',*,*,#1331,.T.);
#1725=ORIENTED_EDGE('',*,*,#1325,.F.);
#1726=ORIENTED_EDGE('',*,*,#1330,.F.);
#1727=ORIENTED_EDGE('',*,*,#1335,.F.);
#1728=ORIENTED_EDGE('',*,*,#1333,.T.);
#1729=ORIENTED_EDGE('',*,*,#1336,.T.);
#1730=ORIENTED_EDGE('',*,*,#1337,.T.);
#1731=ORIENTED_EDGE('',*,*,#1338,.T.);
#1732=ORIENTED_EDGE('',*,*,#1339,.T.);
#1733=ORIENTED_EDGE('',*,*,#1340,.T.);
#1734=ORIENTED_EDGE('',*,*,#1341,.T.);
#1735=ORIENTED_EDGE('',*,*,#1338,.F.);
#1736=ORIENTED_EDGE('',*,*,#1342,.T.);
#1737=ORIENTED_EDGE('',*,*,#1343,.T.);
#1738=ORIENTED_EDGE('',*,*,#1344,.T.);
#1739=ORIENTED_EDGE('',*,*,#1340,.F.);
#1740=ORIENTED_EDGE('',*,*,#1345,.T.);
#1741=ORIENTED_EDGE('',*,*,#1336,.F.);
#1742=ORIENTED_EDGE('',*,*,#1346,.T.);
#1743=ORIENTED_EDGE('',*,*,#1343,.F.);
#1744=ORIENTED_EDGE('',*,*,#1347,.T.);
#1745=ORIENTED_EDGE('',*,*,#1342,.F.);
#1746=ORIENTED_EDGE('',*,*,#1348,.F.);
#1747=ORIENTED_EDGE('',*,*,#1349,.F.);
#1748=ORIENTED_EDGE('',*,*,#1350,.T.);
#1749=ORIENTED_EDGE('',*,*,#1337,.F.);
#1750=ORIENTED_EDGE('',*,*,#1351,.F.);
#1751=ORIENTED_EDGE('',*,*,#1352,.F.);
#1752=ORIENTED_EDGE('',*,*,#1348,.T.);
#1753=ORIENTED_EDGE('',*,*,#1339,.F.);
#1754=ORIENTED_EDGE('',*,*,#1341,.F.);
#1755=ORIENTED_EDGE('',*,*,#1344,.F.);
#1756=ORIENTED_EDGE('',*,*,#1346,.F.);
#1757=ORIENTED_EDGE('',*,*,#1347,.F.);
#1758=ORIENTED_EDGE('',*,*,#1353,.F.);
#1759=ORIENTED_EDGE('',*,*,#1354,.F.);
#1760=ORIENTED_EDGE('',*,*,#1351,.T.);
#1761=ORIENTED_EDGE('',*,*,#1345,.F.);
#1762=ORIENTED_EDGE('',*,*,#1350,.F.);
#1763=ORIENTED_EDGE('',*,*,#1355,.F.);
#1764=ORIENTED_EDGE('',*,*,#1353,.T.);
#1765=ORIENTED_EDGE('',*,*,#1356,.T.);
#1766=ORIENTED_EDGE('',*,*,#1357,.T.);
#1767=ORIENTED_EDGE('',*,*,#1358,.T.);
#1768=ORIENTED_EDGE('',*,*,#1359,.T.);
#1769=ORIENTED_EDGE('',*,*,#1360,.T.);
#1770=ORIENTED_EDGE('',*,*,#1361,.T.);
#1771=ORIENTED_EDGE('',*,*,#1358,.F.);
#1772=ORIENTED_EDGE('',*,*,#1362,.T.);
#1773=ORIENTED_EDGE('',*,*,#1363,.T.);
#1774=ORIENTED_EDGE('',*,*,#1364,.T.);
#1775=ORIENTED_EDGE('',*,*,#1360,.F.);
#1776=ORIENTED_EDGE('',*,*,#1365,.T.);
#1777=ORIENTED_EDGE('',*,*,#1356,.F.);
#1778=ORIENTED_EDGE('',*,*,#1366,.T.);
#1779=ORIENTED_EDGE('',*,*,#1363,.F.);
#1780=ORIENTED_EDGE('',*,*,#1367,.T.);
#1781=ORIENTED_EDGE('',*,*,#1362,.F.);
#1782=ORIENTED_EDGE('',*,*,#1368,.F.);
#1783=ORIENTED_EDGE('',*,*,#1369,.F.);
#1784=ORIENTED_EDGE('',*,*,#1370,.T.);
#1785=ORIENTED_EDGE('',*,*,#1357,.F.);
#1786=ORIENTED_EDGE('',*,*,#1371,.F.);
#1787=ORIENTED_EDGE('',*,*,#1372,.F.);
#1788=ORIENTED_EDGE('',*,*,#1368,.T.);
#1789=ORIENTED_EDGE('',*,*,#1359,.F.);
#1790=ORIENTED_EDGE('',*,*,#1361,.F.);
#1791=ORIENTED_EDGE('',*,*,#1364,.F.);
#1792=ORIENTED_EDGE('',*,*,#1366,.F.);
#1793=ORIENTED_EDGE('',*,*,#1367,.F.);
#1794=ORIENTED_EDGE('',*,*,#1373,.F.);
#1795=ORIENTED_EDGE('',*,*,#1374,.F.);
#1796=ORIENTED_EDGE('',*,*,#1371,.T.);
#1797=ORIENTED_EDGE('',*,*,#1365,.F.);
#1798=ORIENTED_EDGE('',*,*,#1370,.F.);
#1799=ORIENTED_EDGE('',*,*,#1375,.F.);
#1800=ORIENTED_EDGE('',*,*,#1373,.T.);
#1801=ORIENTED_EDGE('',*,*,#1376,.T.);
#1802=ORIENTED_EDGE('',*,*,#1377,.T.);
#1803=ORIENTED_EDGE('',*,*,#1378,.T.);
#1804=ORIENTED_EDGE('',*,*,#1379,.T.);
#1805=ORIENTED_EDGE('',*,*,#1380,.T.);
#1806=ORIENTED_EDGE('',*,*,#1381,.T.);
#1807=ORIENTED_EDGE('',*,*,#1378,.F.);
#1808=ORIENTED_EDGE('',*,*,#1382,.T.);
#1809=ORIENTED_EDGE('',*,*,#1383,.T.);
#1810=ORIENTED_EDGE('',*,*,#1384,.T.);
#1811=ORIENTED_EDGE('',*,*,#1380,.F.);
#1812=ORIENTED_EDGE('',*,*,#1385,.T.);
#1813=ORIENTED_EDGE('',*,*,#1376,.F.);
#1814=ORIENTED_EDGE('',*,*,#1386,.T.);
#1815=ORIENTED_EDGE('',*,*,#1383,.F.);
#1816=ORIENTED_EDGE('',*,*,#1387,.T.);
#1817=ORIENTED_EDGE('',*,*,#1382,.F.);
#1818=ORIENTED_EDGE('',*,*,#1388,.F.);
#1819=ORIENTED_EDGE('',*,*,#1389,.F.);
#1820=ORIENTED_EDGE('',*,*,#1390,.T.);
#1821=ORIENTED_EDGE('',*,*,#1377,.F.);
#1822=ORIENTED_EDGE('',*,*,#1391,.F.);
#1823=ORIENTED_EDGE('',*,*,#1392,.F.);
#1824=ORIENTED_EDGE('',*,*,#1388,.T.);
#1825=ORIENTED_EDGE('',*,*,#1379,.F.);
#1826=ORIENTED_EDGE('',*,*,#1381,.F.);
#1827=ORIENTED_EDGE('',*,*,#1384,.F.);
#1828=ORIENTED_EDGE('',*,*,#1386,.F.);
#1829=ORIENTED_EDGE('',*,*,#1387,.F.);
#1830=ORIENTED_EDGE('',*,*,#1393,.F.);
#1831=ORIENTED_EDGE('',*,*,#1394,.F.);
#1832=ORIENTED_EDGE('',*,*,#1391,.T.);
#1833=ORIENTED_EDGE('',*,*,#1385,.F.);
#1834=ORIENTED_EDGE('',*,*,#1390,.F.);
#1835=ORIENTED_EDGE('',*,*,#1395,.F.);
#1836=ORIENTED_EDGE('',*,*,#1393,.T.);
#1837=ORIENTED_EDGE('',*,*,#1396,.T.);
#1838=ORIENTED_EDGE('',*,*,#1397,.T.);
#1839=ORIENTED_EDGE('',*,*,#1398,.T.);
#1840=ORIENTED_EDGE('',*,*,#1399,.T.);
#1841=ORIENTED_EDGE('',*,*,#1400,.T.);
#1842=ORIENTED_EDGE('',*,*,#1401,.T.);
#1843=ORIENTED_EDGE('',*,*,#1396,.F.);
#1844=ORIENTED_EDGE('',*,*,#1402,.T.);
#1845=ORIENTED_EDGE('',*,*,#1403,.T.);
#1846=ORIENTED_EDGE('',*,*,#1404,.T.);
#1847=ORIENTED_EDGE('',*,*,#1400,.F.);
#1848=ORIENTED_EDGE('',*,*,#1405,.T.);
#1849=ORIENTED_EDGE('',*,*,#1398,.F.);
#1850=ORIENTED_EDGE('',*,*,#1406,.T.);
#1851=ORIENTED_EDGE('',*,*,#1403,.F.);
#1852=ORIENTED_EDGE('',*,*,#1407,.T.);
#1853=ORIENTED_EDGE('',*,*,#1402,.F.);
#1854=ORIENTED_EDGE('',*,*,#1408,.T.);
#1855=ORIENTED_EDGE('',*,*,#1409,.F.);
#1856=ORIENTED_EDGE('',*,*,#1410,.F.);
#1857=ORIENTED_EDGE('',*,*,#1399,.F.);
#1858=ORIENTED_EDGE('',*,*,#1411,.T.);
#1859=ORIENTED_EDGE('',*,*,#1412,.F.);
#1860=ORIENTED_EDGE('',*,*,#1408,.F.);
#1861=ORIENTED_EDGE('',*,*,#1413,.F.);
#1862=ORIENTED_EDGE('',*,*,#1414,.F.);
#1863=ORIENTED_EDGE('',*,*,#1415,.F.);
#1864=ORIENTED_EDGE('',*,*,#1416,.T.);
#1865=ORIENTED_EDGE('',*,*,#1417,.F.);
#1866=ORIENTED_EDGE('',*,*,#1418,.F.);
#1867=ORIENTED_EDGE('',*,*,#1419,.F.);
#1868=ORIENTED_EDGE('',*,*,#1420,.F.);
#1869=ORIENTED_EDGE('',*,*,#1421,.F.);
#1870=ORIENTED_EDGE('',*,*,#1422,.F.);
#1871=ORIENTED_EDGE('',*,*,#1423,.F.);
#1872=ORIENTED_EDGE('',*,*,#1424,.F.);
#1873=ORIENTED_EDGE('',*,*,#1425,.F.);
#1874=ORIENTED_EDGE('',*,*,#1426,.F.);
#1875=ORIENTED_EDGE('',*,*,#1427,.F.);
#1876=ORIENTED_EDGE('',*,*,#1428,.F.);
#1877=ORIENTED_EDGE('',*,*,#1397,.F.);
#1878=ORIENTED_EDGE('',*,*,#1401,.F.);
#1879=ORIENTED_EDGE('',*,*,#1404,.F.);
#1880=ORIENTED_EDGE('',*,*,#1406,.F.);
#1881=ORIENTED_EDGE('',*,*,#1405,.F.);
#1882=ORIENTED_EDGE('',*,*,#1410,.T.);
#1883=ORIENTED_EDGE('',*,*,#1429,.F.);
#1884=ORIENTED_EDGE('',*,*,#1430,.F.);
#1885=ORIENTED_EDGE('',*,*,#1407,.F.);
#1886=ORIENTED_EDGE('',*,*,#1430,.T.);
#1887=ORIENTED_EDGE('',*,*,#1431,.F.);
#1888=ORIENTED_EDGE('',*,*,#1411,.F.);
#1889=ORIENTED_EDGE('',*,*,#1432,.T.);
#1890=ORIENTED_EDGE('',*,*,#1433,.T.);
#1891=ORIENTED_EDGE('',*,*,#1434,.T.);
#1892=ORIENTED_EDGE('',*,*,#1435,.T.);
#1893=ORIENTED_EDGE('',*,*,#1434,.F.);
#1894=ORIENTED_EDGE('',*,*,#1436,.T.);
#1895=ORIENTED_EDGE('',*,*,#1437,.T.);
#1896=ORIENTED_EDGE('',*,*,#1438,.T.);
#1897=ORIENTED_EDGE('',*,*,#1437,.F.);
#1898=ORIENTED_EDGE('',*,*,#1439,.T.);
#1899=ORIENTED_EDGE('',*,*,#1440,.T.);
#1900=ORIENTED_EDGE('',*,*,#1441,.T.);
#1901=ORIENTED_EDGE('',*,*,#1440,.F.);
#1902=ORIENTED_EDGE('',*,*,#1442,.T.);
#1903=ORIENTED_EDGE('',*,*,#1443,.T.);
#1904=ORIENTED_EDGE('',*,*,#1444,.T.);
#1905=ORIENTED_EDGE('',*,*,#1443,.F.);
#1906=ORIENTED_EDGE('',*,*,#1445,.T.);
#1907=ORIENTED_EDGE('',*,*,#1446,.T.);
#1908=ORIENTED_EDGE('',*,*,#1447,.T.);
#1909=ORIENTED_EDGE('',*,*,#1446,.F.);
#1910=ORIENTED_EDGE('',*,*,#1448,.T.);
#1911=ORIENTED_EDGE('',*,*,#1449,.T.);
#1912=ORIENTED_EDGE('',*,*,#1450,.T.);
#1913=ORIENTED_EDGE('',*,*,#1449,.F.);
#1914=ORIENTED_EDGE('',*,*,#1451,.T.);
#1915=ORIENTED_EDGE('',*,*,#1452,.T.);
#1916=ORIENTED_EDGE('',*,*,#1453,.T.);
#1917=ORIENTED_EDGE('',*,*,#1452,.F.);
#1918=ORIENTED_EDGE('',*,*,#1454,.T.);
#1919=ORIENTED_EDGE('',*,*,#1432,.F.);
#1920=ORIENTED_EDGE('',*,*,#1455,.T.);
#1921=ORIENTED_EDGE('',*,*,#1450,.F.);
#1922=ORIENTED_EDGE('',*,*,#1456,.F.);
#1923=ORIENTED_EDGE('',*,*,#1424,.T.);
#1924=ORIENTED_EDGE('',*,*,#1457,.F.);
#1925=ORIENTED_EDGE('',*,*,#1453,.F.);
#1926=ORIENTED_EDGE('',*,*,#1458,.T.);
#1927=ORIENTED_EDGE('',*,*,#1417,.T.);
#1928=ORIENTED_EDGE('',*,*,#1456,.T.);
#1929=ORIENTED_EDGE('',*,*,#1455,.F.);
#1930=ORIENTED_EDGE('',*,*,#1459,.T.);
#1931=ORIENTED_EDGE('',*,*,#1418,.T.);
#1932=ORIENTED_EDGE('',*,*,#1458,.F.);
#1933=ORIENTED_EDGE('',*,*,#1435,.F.);
#1934=ORIENTED_EDGE('',*,*,#1460,.T.);
#1935=ORIENTED_EDGE('',*,*,#1419,.T.);
#1936=ORIENTED_EDGE('',*,*,#1459,.F.);
#1937=ORIENTED_EDGE('',*,*,#1442,.F.);
#1938=ORIENTED_EDGE('',*,*,#1461,.T.);
#1939=ORIENTED_EDGE('',*,*,#1462,.F.);
#1940=ORIENTED_EDGE('',*,*,#1463,.F.);
#1941=ORIENTED_EDGE('',*,*,#1439,.F.);
#1942=ORIENTED_EDGE('',*,*,#1464,.T.);
#1943=ORIENTED_EDGE('',*,*,#1465,.F.);
#1944=ORIENTED_EDGE('',*,*,#1461,.F.);
#1945=ORIENTED_EDGE('',*,*,#1436,.F.);
#1946=ORIENTED_EDGE('',*,*,#1466,.T.);
#1947=ORIENTED_EDGE('',*,*,#1467,.F.);
#1948=ORIENTED_EDGE('',*,*,#1464,.F.);
#1949=ORIENTED_EDGE('',*,*,#1433,.F.);
#1950=ORIENTED_EDGE('',*,*,#1468,.T.);
#1951=ORIENTED_EDGE('',*,*,#1469,.F.);
#1952=ORIENTED_EDGE('',*,*,#1466,.F.);
#1953=ORIENTED_EDGE('',*,*,#1438,.F.);
#1954=ORIENTED_EDGE('',*,*,#1470,.T.);
#1955=ORIENTED_EDGE('',*,*,#1420,.T.);
#1956=ORIENTED_EDGE('',*,*,#1460,.F.);
#1957=ORIENTED_EDGE('',*,*,#1441,.F.);
#1958=ORIENTED_EDGE('',*,*,#1471,.T.);
#1959=ORIENTED_EDGE('',*,*,#1421,.T.);
#1960=ORIENTED_EDGE('',*,*,#1470,.F.);
#1961=ORIENTED_EDGE('',*,*,#1444,.F.);
#1962=ORIENTED_EDGE('',*,*,#1472,.T.);
#1963=ORIENTED_EDGE('',*,*,#1422,.T.);
#1964=ORIENTED_EDGE('',*,*,#1471,.F.);
#1965=ORIENTED_EDGE('',*,*,#1447,.F.);
#1966=ORIENTED_EDGE('',*,*,#1457,.T.);
#1967=ORIENTED_EDGE('',*,*,#1423,.T.);
#1968=ORIENTED_EDGE('',*,*,#1472,.F.);
#1969=ORIENTED_EDGE('',*,*,#1454,.F.);
#1970=ORIENTED_EDGE('',*,*,#1473,.T.);
#1971=ORIENTED_EDGE('',*,*,#1474,.F.);
#1972=ORIENTED_EDGE('',*,*,#1468,.F.);
#1973=ORIENTED_EDGE('',*,*,#1451,.F.);
#1974=ORIENTED_EDGE('',*,*,#1475,.T.);
#1975=ORIENTED_EDGE('',*,*,#1476,.F.);
#1976=ORIENTED_EDGE('',*,*,#1473,.F.);
#1977=ORIENTED_EDGE('',*,*,#1477,.T.);
#1978=ORIENTED_EDGE('',*,*,#1425,.T.);
#1979=ORIENTED_EDGE('',*,*,#1478,.T.);
#1980=ORIENTED_EDGE('',*,*,#1479,.T.);
#1981=ORIENTED_EDGE('',*,*,#1480,.T.);
#1982=ORIENTED_EDGE('',*,*,#1426,.T.);
#1983=ORIENTED_EDGE('',*,*,#1477,.F.);
#1984=ORIENTED_EDGE('',*,*,#1481,.T.);
#1985=ORIENTED_EDGE('',*,*,#1482,.T.);
#1986=ORIENTED_EDGE('',*,*,#1427,.T.);
#1987=ORIENTED_EDGE('',*,*,#1480,.F.);
#1988=ORIENTED_EDGE('',*,*,#1483,.T.);
#1989=ORIENTED_EDGE('',*,*,#1478,.F.);
#1990=ORIENTED_EDGE('',*,*,#1428,.T.);
#1991=ORIENTED_EDGE('',*,*,#1482,.F.);
#1992=ORIENTED_EDGE('',*,*,#1484,.T.);
#1993=ORIENTED_EDGE('',*,*,#1481,.F.);
#1994=ORIENTED_EDGE('',*,*,#1485,.T.);
#1995=ORIENTED_EDGE('',*,*,#1486,.F.);
#1996=ORIENTED_EDGE('',*,*,#1487,.F.);
#1997=ORIENTED_EDGE('',*,*,#1479,.F.);
#1998=ORIENTED_EDGE('',*,*,#1488,.T.);
#1999=ORIENTED_EDGE('',*,*,#1489,.F.);
#2000=ORIENTED_EDGE('',*,*,#1485,.F.);
#2001=ORIENTED_EDGE('',*,*,#1483,.F.);
#2002=ORIENTED_EDGE('',*,*,#1487,.T.);
#2003=ORIENTED_EDGE('',*,*,#1490,.F.);
#2004=ORIENTED_EDGE('',*,*,#1491,.F.);
#2005=ORIENTED_EDGE('',*,*,#1484,.F.);
#2006=ORIENTED_EDGE('',*,*,#1491,.T.);
#2007=ORIENTED_EDGE('',*,*,#1492,.F.);
#2008=ORIENTED_EDGE('',*,*,#1488,.F.);
#2009=ORIENTED_EDGE('',*,*,#1493,.T.);
#2010=ORIENTED_EDGE('',*,*,#1494,.T.);
#2011=ORIENTED_EDGE('',*,*,#1495,.T.);
#2012=ORIENTED_EDGE('',*,*,#1496,.T.);
#2013=ORIENTED_EDGE('',*,*,#1497,.T.);
#2014=ORIENTED_EDGE('',*,*,#1498,.T.);
#2015=ORIENTED_EDGE('',*,*,#1493,.F.);
#2016=ORIENTED_EDGE('',*,*,#1499,.T.);
#2017=ORIENTED_EDGE('',*,*,#1500,.T.);
#2018=ORIENTED_EDGE('',*,*,#1501,.T.);
#2019=ORIENTED_EDGE('',*,*,#1497,.F.);
#2020=ORIENTED_EDGE('',*,*,#1502,.T.);
#2021=ORIENTED_EDGE('',*,*,#1503,.T.);
#2022=ORIENTED_EDGE('',*,*,#1504,.T.);
#2023=ORIENTED_EDGE('',*,*,#1500,.F.);
#2024=ORIENTED_EDGE('',*,*,#1505,.T.);
#2025=ORIENTED_EDGE('',*,*,#1506,.T.);
#2026=ORIENTED_EDGE('',*,*,#1507,.T.);
#2027=ORIENTED_EDGE('',*,*,#1503,.F.);
#2028=ORIENTED_EDGE('',*,*,#1508,.T.);
#2029=ORIENTED_EDGE('',*,*,#1509,.T.);
#2030=ORIENTED_EDGE('',*,*,#1510,.T.);
#2031=ORIENTED_EDGE('',*,*,#1506,.F.);
#2032=ORIENTED_EDGE('',*,*,#1511,.T.);
#2033=ORIENTED_EDGE('',*,*,#1512,.T.);
#2034=ORIENTED_EDGE('',*,*,#1513,.T.);
#2035=ORIENTED_EDGE('',*,*,#1509,.F.);
#2036=ORIENTED_EDGE('',*,*,#1514,.T.);
#2037=ORIENTED_EDGE('',*,*,#1495,.F.);
#2038=ORIENTED_EDGE('',*,*,#1515,.T.);
#2039=ORIENTED_EDGE('',*,*,#1512,.F.);
#2040=ORIENTED_EDGE('',*,*,#1516,.T.);
#2041=ORIENTED_EDGE('',*,*,#1505,.F.);
#2042=ORIENTED_EDGE('',*,*,#1517,.T.);
#2043=ORIENTED_EDGE('',*,*,#1518,.F.);
#2044=ORIENTED_EDGE('',*,*,#1519,.F.);
#2045=ORIENTED_EDGE('',*,*,#1502,.F.);
#2046=ORIENTED_EDGE('',*,*,#1520,.T.);
#2047=ORIENTED_EDGE('',*,*,#1521,.F.);
#2048=ORIENTED_EDGE('',*,*,#1517,.F.);
#2049=ORIENTED_EDGE('',*,*,#1499,.F.);
#2050=ORIENTED_EDGE('',*,*,#1522,.T.);
#2051=ORIENTED_EDGE('',*,*,#1523,.F.);
#2052=ORIENTED_EDGE('',*,*,#1520,.F.);
#2053=ORIENTED_EDGE('',*,*,#1496,.F.);
#2054=ORIENTED_EDGE('',*,*,#1524,.T.);
#2055=ORIENTED_EDGE('',*,*,#1525,.F.);
#2056=ORIENTED_EDGE('',*,*,#1522,.F.);
#2057=ORIENTED_EDGE('',*,*,#1526,.F.);
#2058=ORIENTED_EDGE('',*,*,#1527,.F.);
#2059=ORIENTED_EDGE('',*,*,#1528,.F.);
#2060=ORIENTED_EDGE('',*,*,#1529,.T.);
#2061=ORIENTED_EDGE('',*,*,#1392,.T.);
#2062=ORIENTED_EDGE('',*,*,#1394,.T.);
#2063=ORIENTED_EDGE('',*,*,#1395,.T.);
#2064=ORIENTED_EDGE('',*,*,#1389,.T.);
#2065=ORIENTED_EDGE('',*,*,#1494,.F.);
#2066=ORIENTED_EDGE('',*,*,#1498,.F.);
#2067=ORIENTED_EDGE('',*,*,#1501,.F.);
#2068=ORIENTED_EDGE('',*,*,#1504,.F.);
#2069=ORIENTED_EDGE('',*,*,#1507,.F.);
#2070=ORIENTED_EDGE('',*,*,#1510,.F.);
#2071=ORIENTED_EDGE('',*,*,#1513,.F.);
#2072=ORIENTED_EDGE('',*,*,#1515,.F.);
#2073=ORIENTED_EDGE('',*,*,#1508,.F.);
#2074=ORIENTED_EDGE('',*,*,#1519,.T.);
#2075=ORIENTED_EDGE('',*,*,#1530,.F.);
#2076=ORIENTED_EDGE('',*,*,#1531,.F.);
#2077=ORIENTED_EDGE('',*,*,#1516,.F.);
#2078=ORIENTED_EDGE('',*,*,#1532,.T.);
#2079=ORIENTED_EDGE('',*,*,#1533,.F.);
#2080=ORIENTED_EDGE('',*,*,#1524,.F.);
#2081=ORIENTED_EDGE('',*,*,#1514,.F.);
#2082=ORIENTED_EDGE('',*,*,#1534,.T.);
#2083=ORIENTED_EDGE('',*,*,#1535,.F.);
#2084=ORIENTED_EDGE('',*,*,#1532,.F.);
#2085=ORIENTED_EDGE('',*,*,#1511,.F.);
#2086=ORIENTED_EDGE('',*,*,#1531,.T.);
#2087=ORIENTED_EDGE('',*,*,#1536,.F.);
#2088=ORIENTED_EDGE('',*,*,#1534,.F.);
#2089=ORIENTED_EDGE('',*,*,#1537,.T.);
#2090=ORIENTED_EDGE('',*,*,#1469,.T.);
#2091=ORIENTED_EDGE('',*,*,#1538,.T.);
#2092=ORIENTED_EDGE('',*,*,#1539,.T.);
#2093=ORIENTED_EDGE('',*,*,#1540,.T.);
#2094=ORIENTED_EDGE('',*,*,#1541,.T.);
#2095=ORIENTED_EDGE('',*,*,#1538,.F.);
#2096=ORIENTED_EDGE('',*,*,#1474,.T.);
#2097=ORIENTED_EDGE('',*,*,#1542,.T.);
#2098=ORIENTED_EDGE('',*,*,#1543,.T.);
#2099=ORIENTED_EDGE('',*,*,#1540,.F.);
#2100=ORIENTED_EDGE('',*,*,#1476,.T.);
#2101=ORIENTED_EDGE('',*,*,#1544,.T.);
#2102=ORIENTED_EDGE('',*,*,#1545,.T.);
#2103=ORIENTED_EDGE('',*,*,#1542,.F.);
#2104=ORIENTED_EDGE('',*,*,#1546,.T.);
#2105=ORIENTED_EDGE('',*,*,#1547,.T.);
#2106=ORIENTED_EDGE('',*,*,#1548,.T.);
#2107=ORIENTED_EDGE('',*,*,#1544,.F.);
#2108=ORIENTED_EDGE('',*,*,#1549,.T.);
#2109=ORIENTED_EDGE('',*,*,#1550,.T.);
#2110=ORIENTED_EDGE('',*,*,#1551,.T.);
#2111=ORIENTED_EDGE('',*,*,#1547,.F.);
#2112=ORIENTED_EDGE('',*,*,#1462,.T.);
#2113=ORIENTED_EDGE('',*,*,#1552,.T.);
#2114=ORIENTED_EDGE('',*,*,#1553,.T.);
#2115=ORIENTED_EDGE('',*,*,#1550,.F.);
#2116=ORIENTED_EDGE('',*,*,#1465,.T.);
#2117=ORIENTED_EDGE('',*,*,#1537,.F.);
#2118=ORIENTED_EDGE('',*,*,#1554,.T.);
#2119=ORIENTED_EDGE('',*,*,#1552,.F.);
#2120=ORIENTED_EDGE('',*,*,#1467,.T.);
#2121=ORIENTED_EDGE('',*,*,#1448,.F.);
#2122=ORIENTED_EDGE('',*,*,#1555,.T.);
#2123=ORIENTED_EDGE('',*,*,#1546,.F.);
#2124=ORIENTED_EDGE('',*,*,#1475,.F.);
#2125=ORIENTED_EDGE('',*,*,#1556,.F.);
#2126=ORIENTED_EDGE('',*,*,#1557,.T.);
#2127=ORIENTED_EDGE('',*,*,#1558,.T.);
#2128=ORIENTED_EDGE('',*,*,#1559,.F.);
#2129=ORIENTED_EDGE('',*,*,#1412,.T.);
#2130=ORIENTED_EDGE('',*,*,#1431,.T.);
#2131=ORIENTED_EDGE('',*,*,#1429,.T.);
#2132=ORIENTED_EDGE('',*,*,#1409,.T.);
#2133=ORIENTED_EDGE('',*,*,#1489,.T.);
#2134=ORIENTED_EDGE('',*,*,#1492,.T.);
#2135=ORIENTED_EDGE('',*,*,#1490,.T.);
#2136=ORIENTED_EDGE('',*,*,#1486,.T.);
#2137=ORIENTED_EDGE('',*,*,#1539,.F.);
#2138=ORIENTED_EDGE('',*,*,#1541,.F.);
#2139=ORIENTED_EDGE('',*,*,#1543,.F.);
#2140=ORIENTED_EDGE('',*,*,#1545,.F.);
#2141=ORIENTED_EDGE('',*,*,#1548,.F.);
#2142=ORIENTED_EDGE('',*,*,#1551,.F.);
#2143=ORIENTED_EDGE('',*,*,#1553,.F.);
#2144=ORIENTED_EDGE('',*,*,#1554,.F.);
#2145=ORIENTED_EDGE('',*,*,#1445,.F.);
#2146=ORIENTED_EDGE('',*,*,#1463,.T.);
#2147=ORIENTED_EDGE('',*,*,#1549,.F.);
#2148=ORIENTED_EDGE('',*,*,#1555,.F.);
#2149=ORIENTED_EDGE('',*,*,#1560,.T.);
#2150=ORIENTED_EDGE('',*,*,#1561,.T.);
#2151=ORIENTED_EDGE('',*,*,#1562,.T.);
#2152=ORIENTED_EDGE('',*,*,#1561,.F.);
#2153=ORIENTED_EDGE('',*,*,#1563,.F.);
#2154=ORIENTED_EDGE('',*,*,#1564,.F.);
#2155=ORIENTED_EDGE('',*,*,#1565,.F.);
#2156=ORIENTED_EDGE('',*,*,#1566,.F.);
#2157=ORIENTED_EDGE('',*,*,#1567,.F.);
#2158=ORIENTED_EDGE('',*,*,#1568,.F.);
#2159=ORIENTED_EDGE('',*,*,#1569,.F.);
#2160=ORIENTED_EDGE('',*,*,#1570,.F.);
#2161=ORIENTED_EDGE('',*,*,#1571,.T.);
#2162=ORIENTED_EDGE('',*,*,#1572,.T.);
#2163=ORIENTED_EDGE('',*,*,#1573,.T.);
#2164=ORIENTED_EDGE('',*,*,#1574,.T.);
#2165=ORIENTED_EDGE('',*,*,#1560,.F.);
#2166=ORIENTED_EDGE('',*,*,#1562,.F.);
#2167=ORIENTED_EDGE('',*,*,#1575,.T.);
#2168=ORIENTED_EDGE('',*,*,#1576,.F.);
#2169=ORIENTED_EDGE('',*,*,#1575,.F.);
#2170=ORIENTED_EDGE('',*,*,#1577,.T.);
#2171=ORIENTED_EDGE('',*,*,#1578,.T.);
#2172=ORIENTED_EDGE('',*,*,#1579,.T.);
#2173=ORIENTED_EDGE('',*,*,#1563,.T.);
#2174=ORIENTED_EDGE('',*,*,#1580,.T.);
#2175=ORIENTED_EDGE('',*,*,#1564,.T.);
#2176=ORIENTED_EDGE('',*,*,#1579,.F.);
#2177=ORIENTED_EDGE('',*,*,#1581,.T.);
#2178=ORIENTED_EDGE('',*,*,#1582,.T.);
#2179=ORIENTED_EDGE('',*,*,#1565,.T.);
#2180=ORIENTED_EDGE('',*,*,#1580,.F.);
#2181=ORIENTED_EDGE('',*,*,#1526,.T.);
#2182=ORIENTED_EDGE('',*,*,#1583,.T.);
#2183=ORIENTED_EDGE('',*,*,#1566,.T.);
#2184=ORIENTED_EDGE('',*,*,#1582,.F.);
#2185=ORIENTED_EDGE('',*,*,#1584,.T.);
#2186=ORIENTED_EDGE('',*,*,#1585,.T.);
#2187=ORIENTED_EDGE('',*,*,#1567,.T.);
#2188=ORIENTED_EDGE('',*,*,#1583,.F.);
#2189=ORIENTED_EDGE('',*,*,#1413,.T.);
#2190=ORIENTED_EDGE('',*,*,#1586,.T.);
#2191=ORIENTED_EDGE('',*,*,#1568,.T.);
#2192=ORIENTED_EDGE('',*,*,#1585,.F.);
#2193=ORIENTED_EDGE('',*,*,#1587,.T.);
#2194=ORIENTED_EDGE('',*,*,#1588,.T.);
#2195=ORIENTED_EDGE('',*,*,#1569,.T.);
#2196=ORIENTED_EDGE('',*,*,#1586,.F.);
#2197=ORIENTED_EDGE('',*,*,#1589,.T.);
#2198=ORIENTED_EDGE('',*,*,#1577,.F.);
#2199=ORIENTED_EDGE('',*,*,#1570,.T.);
#2200=ORIENTED_EDGE('',*,*,#1588,.F.);
#2201=ORIENTED_EDGE('',*,*,#1590,.T.);
#2202=ORIENTED_EDGE('',*,*,#1584,.F.);
#2203=ORIENTED_EDGE('',*,*,#1529,.F.);
#2204=ORIENTED_EDGE('',*,*,#1591,.F.);
#2205=ORIENTED_EDGE('',*,*,#1414,.T.);
#2206=ORIENTED_EDGE('',*,*,#1581,.F.);
#2207=ORIENTED_EDGE('',*,*,#1592,.F.);
#2208=ORIENTED_EDGE('',*,*,#1593,.F.);
#2209=ORIENTED_EDGE('',*,*,#1527,.T.);
#2210=ORIENTED_EDGE('',*,*,#1578,.F.);
#2211=ORIENTED_EDGE('',*,*,#1594,.F.);
#2212=ORIENTED_EDGE('',*,*,#1595,.F.);
#2213=ORIENTED_EDGE('',*,*,#1592,.T.);
#2214=ORIENTED_EDGE('',*,*,#1596,.T.);
#2215=ORIENTED_EDGE('',*,*,#1597,.T.);
#2216=ORIENTED_EDGE('',*,*,#1598,.T.);
#2217=ORIENTED_EDGE('',*,*,#1595,.T.);
#2218=ORIENTED_EDGE('',*,*,#1599,.T.);
#2219=ORIENTED_EDGE('',*,*,#1593,.T.);
#2220=ORIENTED_EDGE('',*,*,#1598,.F.);
#2221=ORIENTED_EDGE('',*,*,#1600,.T.);
#2222=ORIENTED_EDGE('',*,*,#1601,.T.);
#2223=ORIENTED_EDGE('',*,*,#1528,.T.);
#2224=ORIENTED_EDGE('',*,*,#1599,.F.);
#2225=ORIENTED_EDGE('',*,*,#1602,.T.);
#2226=ORIENTED_EDGE('',*,*,#1603,.T.);
#2227=ORIENTED_EDGE('',*,*,#1591,.T.);
#2228=ORIENTED_EDGE('',*,*,#1601,.F.);
#2229=ORIENTED_EDGE('',*,*,#1604,.T.);
#2230=ORIENTED_EDGE('',*,*,#1605,.T.);
#2231=ORIENTED_EDGE('',*,*,#1415,.T.);
#2232=ORIENTED_EDGE('',*,*,#1603,.F.);
#2233=ORIENTED_EDGE('',*,*,#1606,.T.);
#2234=ORIENTED_EDGE('',*,*,#1607,.T.);
#2235=ORIENTED_EDGE('',*,*,#1608,.T.);
#2236=ORIENTED_EDGE('',*,*,#1605,.F.);
#2237=ORIENTED_EDGE('',*,*,#1609,.T.);
#2238=ORIENTED_EDGE('',*,*,#1610,.T.);
#2239=ORIENTED_EDGE('',*,*,#1611,.T.);
#2240=ORIENTED_EDGE('',*,*,#1607,.F.);
#2241=ORIENTED_EDGE('',*,*,#1612,.T.);
#2242=ORIENTED_EDGE('',*,*,#1596,.F.);
#2243=ORIENTED_EDGE('',*,*,#1613,.T.);
#2244=ORIENTED_EDGE('',*,*,#1610,.F.);
#2245=ORIENTED_EDGE('',*,*,#1614,.T.);
#2246=ORIENTED_EDGE('',*,*,#1587,.F.);
#2247=ORIENTED_EDGE('',*,*,#1416,.F.);
#2248=ORIENTED_EDGE('',*,*,#1608,.F.);
#2249=ORIENTED_EDGE('',*,*,#1615,.T.);
#2250=ORIENTED_EDGE('',*,*,#1589,.F.);
#2251=ORIENTED_EDGE('',*,*,#1615,.F.);
#2252=ORIENTED_EDGE('',*,*,#1611,.F.);
#2253=ORIENTED_EDGE('',*,*,#1616,.T.);
#2254=ORIENTED_EDGE('',*,*,#1334,.T.);
#2255=ORIENTED_EDGE('',*,*,#1335,.T.);
#2256=ORIENTED_EDGE('',*,*,#1329,.T.);
#2257=ORIENTED_EDGE('',*,*,#1332,.T.);
#2258=ORIENTED_EDGE('',*,*,#1354,.T.);
#2259=ORIENTED_EDGE('',*,*,#1355,.T.);
#2260=ORIENTED_EDGE('',*,*,#1349,.T.);
#2261=ORIENTED_EDGE('',*,*,#1352,.T.);
#2262=ORIENTED_EDGE('',*,*,#1374,.T.);
#2263=ORIENTED_EDGE('',*,*,#1375,.T.);
#2264=ORIENTED_EDGE('',*,*,#1369,.T.);
#2265=ORIENTED_EDGE('',*,*,#1372,.T.);
#2266=ORIENTED_EDGE('',*,*,#1590,.F.);
#2267=ORIENTED_EDGE('',*,*,#1616,.F.);
#2268=ORIENTED_EDGE('',*,*,#1613,.F.);
#2269=ORIENTED_EDGE('',*,*,#1594,.T.);
#2270=ORIENTED_EDGE('',*,*,#1597,.F.);
#2271=ORIENTED_EDGE('',*,*,#1614,.F.);
#2272=ORIENTED_EDGE('',*,*,#1612,.F.);
#2273=ORIENTED_EDGE('',*,*,#1609,.F.);
#2274=ORIENTED_EDGE('',*,*,#1606,.F.);
#2275=ORIENTED_EDGE('',*,*,#1604,.F.);
#2276=ORIENTED_EDGE('',*,*,#1602,.F.);
#2277=ORIENTED_EDGE('',*,*,#1600,.F.);
#2278=ORIENTED_EDGE('',*,*,#1617,.F.);
#2279=ORIENTED_EDGE('',*,*,#1618,.F.);
#2280=ORIENTED_EDGE('',*,*,#1619,.F.);
#2281=ORIENTED_EDGE('',*,*,#1620,.F.);
#2282=ORIENTED_EDGE('',*,*,#1621,.F.);
#2283=ORIENTED_EDGE('',*,*,#1622,.F.);
#2284=ORIENTED_EDGE('',*,*,#1623,.F.);
#2285=ORIENTED_EDGE('',*,*,#1624,.F.);
#2286=ORIENTED_EDGE('',*,*,#1625,.T.);
#2287=ORIENTED_EDGE('',*,*,#1626,.T.);
#2288=ORIENTED_EDGE('',*,*,#1627,.T.);
#2289=ORIENTED_EDGE('',*,*,#1617,.T.);
#2290=ORIENTED_EDGE('',*,*,#1628,.T.);
#2291=ORIENTED_EDGE('',*,*,#1618,.T.);
#2292=ORIENTED_EDGE('',*,*,#1627,.F.);
#2293=ORIENTED_EDGE('',*,*,#1629,.T.);
#2294=ORIENTED_EDGE('',*,*,#1630,.T.);
#2295=ORIENTED_EDGE('',*,*,#1619,.T.);
#2296=ORIENTED_EDGE('',*,*,#1628,.F.);
#2297=ORIENTED_EDGE('',*,*,#1631,.T.);
#2298=ORIENTED_EDGE('',*,*,#1632,.T.);
#2299=ORIENTED_EDGE('',*,*,#1620,.T.);
#2300=ORIENTED_EDGE('',*,*,#1630,.F.);
#2301=ORIENTED_EDGE('',*,*,#1633,.T.);
#2302=ORIENTED_EDGE('',*,*,#1634,.T.);
#2303=ORIENTED_EDGE('',*,*,#1621,.T.);
#2304=ORIENTED_EDGE('',*,*,#1632,.F.);
#2305=ORIENTED_EDGE('',*,*,#1556,.T.);
#2306=ORIENTED_EDGE('',*,*,#1635,.T.);
#2307=ORIENTED_EDGE('',*,*,#1622,.T.);
#2308=ORIENTED_EDGE('',*,*,#1634,.F.);
#2309=ORIENTED_EDGE('',*,*,#1636,.T.);
#2310=ORIENTED_EDGE('',*,*,#1637,.T.);
#2311=ORIENTED_EDGE('',*,*,#1623,.T.);
#2312=ORIENTED_EDGE('',*,*,#1635,.F.);
#2313=ORIENTED_EDGE('',*,*,#1638,.T.);
#2314=ORIENTED_EDGE('',*,*,#1625,.F.);
#2315=ORIENTED_EDGE('',*,*,#1624,.T.);
#2316=ORIENTED_EDGE('',*,*,#1637,.F.);
#2317=ORIENTED_EDGE('',*,*,#1639,.T.);
#2318=ORIENTED_EDGE('',*,*,#1633,.F.);
#2319=ORIENTED_EDGE('',*,*,#1640,.T.);
#2320=ORIENTED_EDGE('',*,*,#1641,.T.);
#2321=ORIENTED_EDGE('',*,*,#1557,.F.);
#2322=ORIENTED_EDGE('',*,*,#1631,.F.);
#2323=ORIENTED_EDGE('',*,*,#1642,.T.);
#2324=ORIENTED_EDGE('',*,*,#1643,.T.);
#2325=ORIENTED_EDGE('',*,*,#1640,.F.);
#2326=ORIENTED_EDGE('',*,*,#1525,.T.);
#2327=ORIENTED_EDGE('',*,*,#1533,.T.);
#2328=ORIENTED_EDGE('',*,*,#1535,.T.);
#2329=ORIENTED_EDGE('',*,*,#1536,.T.);
#2330=ORIENTED_EDGE('',*,*,#1530,.T.);
#2331=ORIENTED_EDGE('',*,*,#1518,.T.);
#2332=ORIENTED_EDGE('',*,*,#1521,.T.);
#2333=ORIENTED_EDGE('',*,*,#1523,.T.);
#2334=ORIENTED_EDGE('',*,*,#1629,.F.);
#2335=ORIENTED_EDGE('',*,*,#1644,.T.);
#2336=ORIENTED_EDGE('',*,*,#1645,.T.);
#2337=ORIENTED_EDGE('',*,*,#1642,.F.);
#2338=ORIENTED_EDGE('',*,*,#1626,.F.);
#2339=ORIENTED_EDGE('',*,*,#1646,.T.);
#2340=ORIENTED_EDGE('',*,*,#1647,.T.);
#2341=ORIENTED_EDGE('',*,*,#1644,.F.);
#2342=ORIENTED_EDGE('',*,*,#1648,.F.);
#2343=ORIENTED_EDGE('',*,*,#1649,.F.);
#2344=ORIENTED_EDGE('',*,*,#1573,.F.);
#2345=ORIENTED_EDGE('',*,*,#1650,.T.);
#2346=ORIENTED_EDGE('',*,*,#1651,.F.);
#2347=ORIENTED_EDGE('',*,*,#1650,.F.);
#2348=ORIENTED_EDGE('',*,*,#1572,.F.);
#2349=ORIENTED_EDGE('',*,*,#1652,.T.);
#2350=ORIENTED_EDGE('',*,*,#1653,.F.);
#2351=ORIENTED_EDGE('',*,*,#1652,.F.);
#2352=ORIENTED_EDGE('',*,*,#1571,.F.);
#2353=ORIENTED_EDGE('',*,*,#1654,.T.);
#2354=ORIENTED_EDGE('',*,*,#1655,.F.);
#2355=ORIENTED_EDGE('',*,*,#1654,.F.);
#2356=ORIENTED_EDGE('',*,*,#1574,.F.);
#2357=ORIENTED_EDGE('',*,*,#1649,.T.);
#2358=ORIENTED_EDGE('',*,*,#1639,.F.);
#2359=ORIENTED_EDGE('',*,*,#1656,.T.);
#2360=ORIENTED_EDGE('',*,*,#1657,.T.);
#2361=ORIENTED_EDGE('',*,*,#1646,.F.);
#2362=ORIENTED_EDGE('',*,*,#1638,.F.);
#2363=ORIENTED_EDGE('',*,*,#1658,.T.);
#2364=ORIENTED_EDGE('',*,*,#1659,.T.);
#2365=ORIENTED_EDGE('',*,*,#1656,.F.);
#2366=ORIENTED_EDGE('',*,*,#1636,.F.);
#2367=ORIENTED_EDGE('',*,*,#1559,.T.);
#2368=ORIENTED_EDGE('',*,*,#1660,.T.);
#2369=ORIENTED_EDGE('',*,*,#1658,.F.);
#2370=ORIENTED_EDGE('',*,*,#1641,.F.);
#2371=ORIENTED_EDGE('',*,*,#1643,.F.);
#2372=ORIENTED_EDGE('',*,*,#1645,.F.);
#2373=ORIENTED_EDGE('',*,*,#1647,.F.);
#2374=ORIENTED_EDGE('',*,*,#1657,.F.);
#2375=ORIENTED_EDGE('',*,*,#1659,.F.);
#2376=ORIENTED_EDGE('',*,*,#1660,.F.);
#2377=ORIENTED_EDGE('',*,*,#1558,.F.);
#2378=ORIENTED_EDGE('',*,*,#1576,.T.);
#2379=ORIENTED_EDGE('',*,*,#1653,.T.);
#2380=ORIENTED_EDGE('',*,*,#1655,.T.);
#2381=ORIENTED_EDGE('',*,*,#1648,.T.);
#2382=ORIENTED_EDGE('',*,*,#1651,.T.);
#2383=ORIENTED_EDGE('',*,*,#1661,.T.);
#2384=ORIENTED_EDGE('',*,*,#1662,.T.);
#2385=ORIENTED_EDGE('',*,*,#1663,.T.);
#2386=ORIENTED_EDGE('',*,*,#1664,.T.);
#2387=ORIENTED_EDGE('',*,*,#1665,.T.);
#2388=ORIENTED_EDGE('',*,*,#1666,.T.);
#2389=ORIENTED_EDGE('',*,*,#1663,.F.);
#2390=ORIENTED_EDGE('',*,*,#1667,.T.);
#2391=ORIENTED_EDGE('',*,*,#1668,.T.);
#2392=ORIENTED_EDGE('',*,*,#1669,.T.);
#2393=ORIENTED_EDGE('',*,*,#1665,.F.);
#2394=ORIENTED_EDGE('',*,*,#1670,.T.);
#2395=ORIENTED_EDGE('',*,*,#1661,.F.);
#2396=ORIENTED_EDGE('',*,*,#1671,.T.);
#2397=ORIENTED_EDGE('',*,*,#1668,.F.);
#2398=ORIENTED_EDGE('',*,*,#1672,.T.);
#2399=ORIENTED_EDGE('',*,*,#1667,.F.);
#2400=ORIENTED_EDGE('',*,*,#1673,.F.);
#2401=ORIENTED_EDGE('',*,*,#1674,.T.);
#2402=ORIENTED_EDGE('',*,*,#1675,.T.);
#2403=ORIENTED_EDGE('',*,*,#1662,.F.);
#2404=ORIENTED_EDGE('',*,*,#1676,.F.);
#2405=ORIENTED_EDGE('',*,*,#1677,.T.);
#2406=ORIENTED_EDGE('',*,*,#1673,.T.);
#2407=ORIENTED_EDGE('',*,*,#1664,.F.);
#2408=ORIENTED_EDGE('',*,*,#1666,.F.);
#2409=ORIENTED_EDGE('',*,*,#1669,.F.);
#2410=ORIENTED_EDGE('',*,*,#1671,.F.);
#2411=ORIENTED_EDGE('',*,*,#1678,.T.);
#2412=ORIENTED_EDGE('',*,*,#1679,.T.);
#2413=ORIENTED_EDGE('',*,*,#1680,.T.);
#2414=ORIENTED_EDGE('',*,*,#1681,.T.);
#2415=ORIENTED_EDGE('',*,*,#1682,.F.);
#2416=ORIENTED_EDGE('',*,*,#1683,.T.);
#2417=ORIENTED_EDGE('',*,*,#1678,.F.);
#2418=ORIENTED_EDGE('',*,*,#1684,.F.);
#2419=ORIENTED_EDGE('',*,*,#1685,.F.);
#2420=ORIENTED_EDGE('',*,*,#1686,.T.);
#2421=ORIENTED_EDGE('',*,*,#1679,.F.);
#2422=ORIENTED_EDGE('',*,*,#1683,.F.);
#2423=ORIENTED_EDGE('',*,*,#1687,.F.);
#2424=ORIENTED_EDGE('',*,*,#1688,.T.);
#2425=ORIENTED_EDGE('',*,*,#1680,.F.);
#2426=ORIENTED_EDGE('',*,*,#1686,.F.);
#2427=ORIENTED_EDGE('',*,*,#1689,.F.);
#2428=ORIENTED_EDGE('',*,*,#1684,.T.);
#2429=ORIENTED_EDGE('',*,*,#1681,.F.);
#2430=ORIENTED_EDGE('',*,*,#1688,.F.);
#2431=ORIENTED_EDGE('',*,*,#1670,.F.);
#2432=ORIENTED_EDGE('',*,*,#1675,.F.);
#2433=ORIENTED_EDGE('',*,*,#1690,.T.);
#2434=ORIENTED_EDGE('',*,*,#1691,.T.);
#2435=ORIENTED_EDGE('',*,*,#1672,.F.);
#2436=ORIENTED_EDGE('',*,*,#1691,.F.);
#2437=ORIENTED_EDGE('',*,*,#1692,.T.);
#2438=ORIENTED_EDGE('',*,*,#1676,.T.);
#2439=ORIENTED_EDGE('',*,*,#1692,.F.);
#2440=ORIENTED_EDGE('',*,*,#1690,.F.);
#2441=ORIENTED_EDGE('',*,*,#1674,.F.);
#2442=ORIENTED_EDGE('',*,*,#1677,.F.);
#2443=ORIENTED_EDGE('',*,*,#1682,.T.);
#2444=ORIENTED_EDGE('',*,*,#1689,.T.);
#2445=ORIENTED_EDGE('',*,*,#1687,.T.);
#2446=ORIENTED_EDGE('',*,*,#1685,.T.);
#2447=TOROIDAL_SURFACE('',#2656,1.25,0.5);
#2448=TOROIDAL_SURFACE('',#2663,1.25,0.5);
#2449=TOROIDAL_SURFACE('',#2675,1.25,0.5);
#2450=TOROIDAL_SURFACE('',#2682,1.25,0.5);
#2451=TOROIDAL_SURFACE('',#2694,1.25,0.5);
#2452=TOROIDAL_SURFACE('',#2701,1.25,0.5);
#2453=TOROIDAL_SURFACE('',#2716,1.50000002980232,0.5);
#2454=TOROIDAL_SURFACE('',#2722,1.50000002980232,0.5);
#2455=TOROIDAL_SURFACE('',#2756,2.5,0.5);
#2456=TOROIDAL_SURFACE('',#2762,2.5,0.5);
#2457=TOROIDAL_SURFACE('',#2768,2.5,0.5);
#2458=TOROIDAL_SURFACE('',#2774,2.5,0.5);
#2459=TOROIDAL_SURFACE('',#2838,2.4,0.4);
#2460=TOROIDAL_SURFACE('',#2843,2.4,0.4);
#2461=TOROIDAL_SURFACE('',#2849,2.4,0.4);
#2462=TOROIDAL_SURFACE('',#2854,2.4,0.4);
#2463=TOROIDAL_SURFACE('',#2859,3.75,0.3);
#2464=TOROIDAL_SURFACE('',#2875,11.7,0.8);
#2465=TOROIDAL_SURFACE('',#2880,11.7,0.8);
#2466=TOROIDAL_SURFACE('',#2885,11.7,0.8);
#2467=TOROIDAL_SURFACE('',#2890,11.7,0.8);
#2468=TOROIDAL_SURFACE('',#2900,11.7,0.8);
#2469=TOROIDAL_SURFACE('',#2905,11.7,0.8);
#2470=TOROIDAL_SURFACE('',#2910,11.7,0.8);
#2471=TOROIDAL_SURFACE('',#2916,11.7,0.8);
#2472=TOROIDAL_SURFACE('',#2930,11.5,0.5);
#2473=TOROIDAL_SURFACE('',#2935,11.5,0.5);
#2474=TOROIDAL_SURFACE('',#2940,11.5,0.5);
#2475=TOROIDAL_SURFACE('',#2945,11.5,0.5);
#2476=TOROIDAL_SURFACE('',#2968,10.6,0.8);
#2477=TOROIDAL_SURFACE('',#2974,10.6,0.8);
#2478=ADVANCED_FACE('',(#574),#2447,.T.);
#2479=ADVANCED_FACE('',(#575),#509,.T.);
#2480=ADVANCED_FACE('',(#576),#2448,.T.);
#2481=ADVANCED_FACE('',(#577),#510,.T.);
#2482=ADVANCED_FACE('',(#578),#48,.T.);
#2483=ADVANCED_FACE('',(#579),#511,.T.);
#2484=ADVANCED_FACE('',(#580),#49,.T.);
#2485=ADVANCED_FACE('',(#581),#50,.T.);
#2486=ADVANCED_FACE('',(#582),#512,.T.);
#2487=ADVANCED_FACE('',(#583),#2449,.T.);
#2488=ADVANCED_FACE('',(#584),#513,.T.);
#2489=ADVANCED_FACE('',(#585),#2450,.T.);
#2490=ADVANCED_FACE('',(#586),#514,.T.);
#2491=ADVANCED_FACE('',(#587),#51,.T.);
#2492=ADVANCED_FACE('',(#588),#515,.T.);
#2493=ADVANCED_FACE('',(#589),#52,.T.);
#2494=ADVANCED_FACE('',(#590),#53,.T.);
#2495=ADVANCED_FACE('',(#591),#516,.T.);
#2496=ADVANCED_FACE('',(#592),#2451,.T.);
#2497=ADVANCED_FACE('',(#593),#517,.T.);
#2498=ADVANCED_FACE('',(#594),#2452,.T.);
#2499=ADVANCED_FACE('',(#595),#518,.T.);
#2500=ADVANCED_FACE('',(#596),#54,.T.);
#2501=ADVANCED_FACE('',(#597),#519,.T.);
#2502=ADVANCED_FACE('',(#598),#55,.T.);
#2503=ADVANCED_FACE('',(#599),#56,.T.);
#2504=ADVANCED_FACE('',(#600),#520,.T.);
#2505=ADVANCED_FACE('',(#601),#521,.T.);
#2506=ADVANCED_FACE('',(#602),#2453,.T.);
#2507=ADVANCED_FACE('',(#603),#522,.T.);
#2508=ADVANCED_FACE('',(#604),#2454,.T.);
#2509=ADVANCED_FACE('',(#605),#523,.T.);
#2510=ADVANCED_FACE('',(#606),#57,.T.);
#2511=ADVANCED_FACE('',(#607),#58,.T.);
#2512=ADVANCED_FACE('',(#608),#524,.T.);
#2513=ADVANCED_FACE('',(#609),#59,.T.);
#2514=ADVANCED_FACE('',(#610),#60,.T.);
#2515=ADVANCED_FACE('',(#611),#36,.F.);
#2516=ADVANCED_FACE('',(#612),#61,.T.);
#2517=ADVANCED_FACE('',(#613),#37,.F.);
#2518=ADVANCED_FACE('',(#614),#525,.F.);
#2519=ADVANCED_FACE('',(#615),#62,.F.);
#2520=ADVANCED_FACE('',(#616,#17,#18,#19),#63,.T.);
#2521=ADVANCED_FACE('',(#617),#64,.F.);
#2522=ADVANCED_FACE('',(#618),#526,.F.);
#2523=ADVANCED_FACE('',(#619),#527,.T.);
#2524=ADVANCED_FACE('',(#620),#2455,.T.);
#2525=ADVANCED_FACE('',(#621),#528,.T.);
#2526=ADVANCED_FACE('',(#622),#2456,.T.);
#2527=ADVANCED_FACE('',(#623),#529,.T.);
#2528=ADVANCED_FACE('',(#624),#2457,.T.);
#2529=ADVANCED_FACE('',(#625),#530,.T.);
#2530=ADVANCED_FACE('',(#626),#2458,.T.);
#2531=ADVANCED_FACE('',(#627),#38,.F.);
#2532=ADVANCED_FACE('',(#628),#65,.T.);
#2533=ADVANCED_FACE('',(#629),#39,.F.);
#2534=ADVANCED_FACE('',(#630),#66,.T.);
#2535=ADVANCED_FACE('',(#631),#531,.F.);
#2536=ADVANCED_FACE('',(#632),#67,.F.);
#2537=ADVANCED_FACE('',(#633),#532,.F.);
#2538=ADVANCED_FACE('',(#634),#68,.F.);
#2539=ADVANCED_FACE('',(#635),#40,.F.);
#2540=ADVANCED_FACE('',(#636),#69,.T.);
#2541=ADVANCED_FACE('',(#637),#41,.F.);
#2542=ADVANCED_FACE('',(#638),#70,.T.);
#2543=ADVANCED_FACE('',(#639),#533,.F.);
#2544=ADVANCED_FACE('',(#640),#71,.F.);
#2545=ADVANCED_FACE('',(#641),#72,.T.);
#2546=ADVANCED_FACE('',(#642),#42,.F.);
#2547=ADVANCED_FACE('',(#643),#73,.T.);
#2548=ADVANCED_FACE('',(#644),#43,.F.);
#2549=ADVANCED_FACE('',(#645),#534,.F.);
#2550=ADVANCED_FACE('',(#646),#74,.F.);
#2551=ADVANCED_FACE('',(#647),#75,.F.);
#2552=ADVANCED_FACE('',(#648),#535,.F.);
#2553=ADVANCED_FACE('',(#649),#76,.T.);
#2554=ADVANCED_FACE('',(#650),#44,.F.);
#2555=ADVANCED_FACE('',(#651),#77,.T.);
#2556=ADVANCED_FACE('',(#652),#45,.F.);
#2557=ADVANCED_FACE('',(#653),#78,.T.);
#2558=ADVANCED_FACE('',(#654),#46,.F.);
#2559=ADVANCED_FACE('',(#655),#79,.T.);
#2560=ADVANCED_FACE('',(#656),#47,.F.);
#2561=ADVANCED_FACE('',(#657),#536,.F.);
#2562=ADVANCED_FACE('',(#658),#80,.F.);
#2563=ADVANCED_FACE('',(#659),#537,.F.);
#2564=ADVANCED_FACE('',(#660),#81,.F.);
#2565=ADVANCED_FACE('',(#661,#20,#21),#82,.T.);
#2566=ADVANCED_FACE('',(#662),#83,.F.);
#2567=ADVANCED_FACE('',(#663),#538,.F.);
#2568=ADVANCED_FACE('',(#664),#84,.F.);
#2569=ADVANCED_FACE('',(#665),#539,.F.);
#2570=ADVANCED_FACE('',(#666),#540,.T.);
#2571=ADVANCED_FACE('',(#667),#2459,.T.);
#2572=ADVANCED_FACE('',(#668),#541,.T.);
#2573=ADVANCED_FACE('',(#669),#2460,.T.);
#2574=ADVANCED_FACE('',(#670),#542,.T.);
#2575=ADVANCED_FACE('',(#671),#2461,.T.);
#2576=ADVANCED_FACE('',(#672),#543,.T.);
#2577=ADVANCED_FACE('',(#673),#2462,.T.);
#2578=ADVANCED_FACE('',(#674),#544,.F.);
#2579=ADVANCED_FACE('',(#675,#22,#23,#24),#85,.F.);
#2580=ADVANCED_FACE('',(#676),#86,.F.);
#2581=ADVANCED_FACE('',(#677),#2463,.T.);
#2582=ADVANCED_FACE('',(#678,#25,#26),#87,.T.);
#2583=ADVANCED_FACE('',(#679),#545,.F.);
#2584=ADVANCED_FACE('',(#680),#546,.T.);
#2585=ADVANCED_FACE('',(#681),#2464,.T.);
#2586=ADVANCED_FACE('',(#682),#547,.T.);
#2587=ADVANCED_FACE('',(#683),#2465,.T.);
#2588=ADVANCED_FACE('',(#684),#548,.T.);
#2589=ADVANCED_FACE('',(#685),#2466,.T.);
#2590=ADVANCED_FACE('',(#686),#549,.T.);
#2591=ADVANCED_FACE('',(#687),#2467,.T.);
#2592=ADVANCED_FACE('',(#688),#550,.T.);
#2593=ADVANCED_FACE('',(#689),#551,.T.);
#2594=ADVANCED_FACE('',(#690),#88,.T.);
#2595=ADVANCED_FACE('',(#691),#552,.T.);
#2596=ADVANCED_FACE('',(#692),#2468,.T.);
#2597=ADVANCED_FACE('',(#693),#553,.T.);
#2598=ADVANCED_FACE('',(#694),#2469,.T.);
#2599=ADVANCED_FACE('',(#695),#554,.T.);
#2600=ADVANCED_FACE('',(#696),#2470,.T.);
#2601=ADVANCED_FACE('',(#697),#555,.T.);
#2602=ADVANCED_FACE('',(#698),#2471,.T.);
#2603=ADVANCED_FACE('',(#699),#556,.T.);
#2604=ADVANCED_FACE('',(#700,#27,#28,#29),#89,.T.);
#2605=ADVANCED_FACE('',(#701),#557,.T.);
#2606=ADVANCED_FACE('',(#702,#30),#90,.F.);
#2607=ADVANCED_FACE('',(#703),#558,.T.);
#2608=ADVANCED_FACE('',(#704),#2472,.T.);
#2609=ADVANCED_FACE('',(#705),#559,.T.);
#2610=ADVANCED_FACE('',(#706),#2473,.T.);
#2611=ADVANCED_FACE('',(#707),#560,.T.);
#2612=ADVANCED_FACE('',(#708),#2474,.T.);
#2613=ADVANCED_FACE('',(#709),#561,.T.);
#2614=ADVANCED_FACE('',(#710),#2475,.T.);
#2615=ADVANCED_FACE('',(#711),#562,.F.);
#2616=ADVANCED_FACE('',(#712,#31),#91,.F.);
#2617=ADVANCED_FACE('',(#713),#563,.F.);
#2618=ADVANCED_FACE('',(#714),#92,.F.);
#2619=ADVANCED_FACE('',(#715),#93,.F.);
#2620=ADVANCED_FACE('',(#716),#564,.F.);
#2621=ADVANCED_FACE('',(#717),#94,.F.);
#2622=ADVANCED_FACE('',(#718),#565,.F.);
#2623=ADVANCED_FACE('',(#719),#566,.F.);
#2624=ADVANCED_FACE('',(#720),#95,.F.);
#2625=ADVANCED_FACE('',(#721),#567,.F.);
#2626=ADVANCED_FACE('',(#722,#32,#33),#96,.F.);
#2627=ADVANCED_FACE('',(#723),#568,.T.);
#2628=ADVANCED_FACE('',(#724),#2476,.T.);
#2629=ADVANCED_FACE('',(#725),#569,.T.);
#2630=ADVANCED_FACE('',(#726),#2477,.T.);
#2631=ADVANCED_FACE('',(#727),#570,.T.);
#2632=ADVANCED_FACE('',(#728),#97,.T.);
#2633=ADVANCED_FACE('',(#729,#34),#98,.T.);
#2634=ADVANCED_FACE('',(#730),#99,.F.);
#2635=ADVANCED_FACE('',(#731),#571,.F.);
#2636=ADVANCED_FACE('',(#732),#100,.F.);
#2637=ADVANCED_FACE('',(#733),#572,.F.);
#2638=ADVANCED_FACE('',(#734),#101,.T.);
#2639=ADVANCED_FACE('',(#735),#573,.T.);
#2640=ADVANCED_FACE('',(#736,#35),#102,.F.);
#2641=CLOSED_SHELL('',(#2478,#2479,#2480,#2481,#2482,#2483,#2484,#2485,
#2486,#2487,#2488,#2489,#2490,#2491,#2492,#2493,#2494,#2495,#2496,#2497,
#2498,#2499,#2500,#2501,#2502,#2503,#2504,#2505,#2506,#2507,#2508,#2509,
#2510,#2511,#2512,#2513,#2514,#2515,#2516,#2517,#2518,#2519,#2520,#2521,
#2522,#2523,#2524,#2525,#2526,#2527,#2528,#2529,#2530,#2531,#2532,#2533,
#2534,#2535,#2536,#2537,#2538,#2539,#2540,#2541,#2542,#2543,#2544,#2545,
#2546,#2547,#2548,#2549,#2550,#2551,#2552,#2553,#2554,#2555,#2556,#2557,
#2558,#2559,#2560,#2561,#2562,#2563,#2564,#2565,#2566,#2567,#2568,#2569,
#2570,#2571,#2572,#2573,#2574,#2575,#2576,#2577,#2578,#2579,#2580,#2581,
#2582,#2583,#2584,#2585,#2586,#2587,#2588,#2589,#2590,#2591,#2592,#2593,
#2594,#2595,#2596,#2597,#2598,#2599,#2600,#2601,#2602,#2603,#2604,#2605,
#2606,#2607,#2608,#2609,#2610,#2611,#2612,#2613,#2614,#2615,#2616,#2617,
#2618,#2619,#2620,#2621,#2622,#2623,#2624,#2625,#2626));
#2642=CLOSED_SHELL('',(#2627,#2628,#2629,#2630,#2631,#2632,#2633,#2634,
#2635,#2636,#2637,#2638,#2639,#2640));
#2643=DERIVED_UNIT_ELEMENT(#2645,1.);
#2644=DERIVED_UNIT_ELEMENT(#4641,-3.);
#2645=(
MASS_UNIT()
NAMED_UNIT(*)
SI_UNIT(.KILO.,.GRAM.)
);
#2646=DERIVED_UNIT((#2643,#2644));
#2647=MEASURE_REPRESENTATION_ITEM('density measure',
POSITIVE_RATIO_MEASURE(7850.),#2646);
#2648=PROPERTY_DEFINITION_REPRESENTATION(#2653,#2650);
#2649=PROPERTY_DEFINITION_REPRESENTATION(#2654,#2651);
#2650=REPRESENTATION('material name',(#2652),#4638);
#2651=REPRESENTATION('density',(#2647),#4638);
#2652=DESCRIPTIVE_REPRESENTATION_ITEM('Steel','Steel');
#2653=PROPERTY_DEFINITION('material property','material name',#4648);
#2654=PROPERTY_DEFINITION('material property','density of part',#4648);
#2655=AXIS2_PLACEMENT_3D('',#3872,#2993,#2994);
#2656=AXIS2_PLACEMENT_3D('',#3873,#2995,#2996);
#2657=AXIS2_PLACEMENT_3D('',#3876,#2997,#2998);
#2658=AXIS2_PLACEMENT_3D('',#3878,#2999,#3000);
#2659=AXIS2_PLACEMENT_3D('',#3880,#3001,#3002);
#2660=AXIS2_PLACEMENT_3D('',#3881,#3003,#3004);
#2661=AXIS2_PLACEMENT_3D('',#3882,#3005,#3006);
#2662=AXIS2_PLACEMENT_3D('',#3885,#3007,#3008);
#2663=AXIS2_PLACEMENT_3D('',#3888,#3011,#3012);
#2664=AXIS2_PLACEMENT_3D('',#3891,#3013,#3014);
#2665=AXIS2_PLACEMENT_3D('',#3892,#3015,#3016);
#2666=AXIS2_PLACEMENT_3D('',#3893,#3017,#3018);
#2667=AXIS2_PLACEMENT_3D('',#3894,#3019,#3020);
#2668=AXIS2_PLACEMENT_3D('',#3897,#3023,#3024);
#2669=AXIS2_PLACEMENT_3D('',#3903,#3028,#3029);
#2670=AXIS2_PLACEMENT_3D('',#3906,#3031,#3032);
#2671=AXIS2_PLACEMENT_3D('',#3907,#3033,#3034);
#2672=AXIS2_PLACEMENT_3D('',#3908,#3035,#3036);
#2673=AXIS2_PLACEMENT_3D('',#3912,#3039,#3040);
#2674=AXIS2_PLACEMENT_3D('',#3913,#3041,#3042);
#2675=AXIS2_PLACEMENT_3D('',#3914,#3043,#3044);
#2676=AXIS2_PLACEMENT_3D('',#3917,#3045,#3046);
#2677=AXIS2_PLACEMENT_3D('',#3919,#3047,#3048);
#2678=AXIS2_PLACEMENT_3D('',#3921,#3049,#3050);
#2679=AXIS2_PLACEMENT_3D('',#3922,#3051,#3052);
#2680=AXIS2_PLACEMENT_3D('',#3923,#3053,#3054);
#2681=AXIS2_PLACEMENT_3D('',#3926,#3055,#3056);
#2682=AXIS2_PLACEMENT_3D('',#3929,#3059,#3060);
#2683=AXIS2_PLACEMENT_3D('',#3932,#3061,#3062);
#2684=AXIS2_PLACEMENT_3D('',#3933,#3063,#3064);
#2685=AXIS2_PLACEMENT_3D('',#3934,#3065,#3066);
#2686=AXIS2_PLACEMENT_3D('',#3935,#3067,#3068);
#2687=AXIS2_PLACEMENT_3D('',#3938,#3071,#3072);
#2688=AXIS2_PLACEMENT_3D('',#3944,#3076,#3077);
#2689=AXIS2_PLACEMENT_3D('',#3947,#3079,#3080);
#2690=AXIS2_PLACEMENT_3D('',#3948,#3081,#3082);
#2691=AXIS2_PLACEMENT_3D('',#3949,#3083,#3084);
#2692=AXIS2_PLACEMENT_3D('',#3953,#3087,#3088);
#2693=AXIS2_PLACEMENT_3D('',#3954,#3089,#3090);
#2694=AXIS2_PLACEMENT_3D('',#3955,#3091,#3092);
#2695=AXIS2_PLACEMENT_3D('',#3958,#3093,#3094);
#2696=AXIS2_PLACEMENT_3D('',#3960,#3095,#3096);
#2697=AXIS2_PLACEMENT_3D('',#3962,#3097,#3098);
#2698=AXIS2_PLACEMENT_3D('',#3963,#3099,#3100);
#2699=AXIS2_PLACEMENT_3D('',#3964,#3101,#3102);
#2700=AXIS2_PLACEMENT_3D('',#3967,#3103,#3104);
#2701=AXIS2_PLACEMENT_3D('',#3970,#3107,#3108);
#2702=AXIS2_PLACEMENT_3D('',#3973,#3109,#3110);
#2703=AXIS2_PLACEMENT_3D('',#3974,#3111,#3112);
#2704=AXIS2_PLACEMENT_3D('',#3975,#3113,#3114);
#2705=AXIS2_PLACEMENT_3D('',#3976,#3115,#3116);
#2706=AXIS2_PLACEMENT_3D('',#3979,#3119,#3120);
#2707=AXIS2_PLACEMENT_3D('',#3985,#3124,#3125);
#2708=AXIS2_PLACEMENT_3D('',#3988,#3127,#3128);
#2709=AXIS2_PLACEMENT_3D('',#3989,#3129,#3130);
#2710=AXIS2_PLACEMENT_3D('',#3990,#3131,#3132);
#2711=AXIS2_PLACEMENT_3D('',#3994,#3135,#3136);
#2712=AXIS2_PLACEMENT_3D('',#3995,#3137,#3138);
#2713=AXIS2_PLACEMENT_3D('',#3996,#3139,#3140);
#2714=AXIS2_PLACEMENT_3D('',#3999,#3141,#3142);
#2715=AXIS2_PLACEMENT_3D('',#4003,#3144,#3145);
#2716=AXIS2_PLACEMENT_3D('',#4005,#3147,#3148);
#2717=AXIS2_PLACEMENT_3D('',#4008,#3149,#3150);
#2718=AXIS2_PLACEMENT_3D('',#4009,#3151,#3152);
#2719=AXIS2_PLACEMENT_3D('',#4010,#3153,#3154);
#2720=AXIS2_PLACEMENT_3D('',#4011,#3155,#3156);
#2721=AXIS2_PLACEMENT_3D('',#4014,#3157,#3158);
#2722=AXIS2_PLACEMENT_3D('',#4017,#3161,#3162);
#2723=AXIS2_PLACEMENT_3D('',#4018,#3163,#3164);
#2724=AXIS2_PLACEMENT_3D('',#4019,#3165,#3166);
#2725=AXIS2_PLACEMENT_3D('',#4020,#3167,#3168);
#2726=AXIS2_PLACEMENT_3D('',#4024,#3170,#3171);
#2727=AXIS2_PLACEMENT_3D('',#4026,#3173,#3174);
#2728=AXIS2_PLACEMENT_3D('',#4030,#3177,#3178);
#2729=AXIS2_PLACEMENT_3D('',#4031,#3179,#3180);
#2730=AXIS2_PLACEMENT_3D('',#4034,#3182,#3183);
#2731=AXIS2_PLACEMENT_3D('',#4035,#3184,#3185);
#2732=AXIS2_PLACEMENT_3D('',#4037,#3187,#3188);
#2733=AXIS2_PLACEMENT_3D('',#4046,#3193,#3194);
#2734=AXIS2_PLACEMENT_3D('',#4050,#3196,#3197);
#2735=AXIS2_PLACEMENT_3D('',#4051,#3198,#3199);
#2736=AXIS2_PLACEMENT_3D('',#4052,#3200,#3201);
#2737=AXIS2_PLACEMENT_3D('',#4058,#3205,#3206);
#2738=AXIS2_PLACEMENT_3D('',#4059,#3207,#3208);
#2739=AXIS2_PLACEMENT_3D('',#4060,#3209,#3210);
#2740=AXIS2_PLACEMENT_3D('',#4061,#3211,#3212);
#2741=AXIS2_PLACEMENT_3D('',#4065,#3214,#3215);
#2742=AXIS2_PLACEMENT_3D('',#4067,#3217,#3218);
#2743=AXIS2_PLACEMENT_3D('',#4071,#3221,#3222);
#2744=AXIS2_PLACEMENT_3D('',#4084,#3228,#3229);
#2745=AXIS2_PLACEMENT_3D('',#4088,#3231,#3232);
#2746=AXIS2_PLACEMENT_3D('',#4092,#3234,#3235);
#2747=AXIS2_PLACEMENT_3D('',#4095,#3237,#3238);
#2748=AXIS2_PLACEMENT_3D('',#4100,#3240,#3241);
#2749=AXIS2_PLACEMENT_3D('',#4103,#3243,#3244);
#2750=AXIS2_PLACEMENT_3D('',#4104,#3245,#3246);
#2751=AXIS2_PLACEMENT_3D('',#4108,#3249,#3250);
#2752=AXIS2_PLACEMENT_3D('',#4109,#3251,#3252);
#2753=AXIS2_PLACEMENT_3D('',#4110,#3253,#3254);
#2754=AXIS2_PLACEMENT_3D('',#4113,#3255,#3256);
#2755=AXIS2_PLACEMENT_3D('',#4117,#3258,#3259);
#2756=AXIS2_PLACEMENT_3D('',#4119,#3261,#3262);
#2757=AXIS2_PLACEMENT_3D('',#4121,#3263,#3264);
#2758=AXIS2_PLACEMENT_3D('',#4123,#3265,#3266);
#2759=AXIS2_PLACEMENT_3D('',#4124,#3267,#3268);
#2760=AXIS2_PLACEMENT_3D('',#4125,#3269,#3270);
#2761=AXIS2_PLACEMENT_3D('',#4129,#3272,#3273);
#2762=AXIS2_PLACEMENT_3D('',#4131,#3275,#3276);
#2763=AXIS2_PLACEMENT_3D('',#4133,#3277,#3278);
#2764=AXIS2_PLACEMENT_3D('',#4135,#3279,#3280);
#2765=AXIS2_PLACEMENT_3D('',#4136,#3281,#3282);
#2766=AXIS2_PLACEMENT_3D('',#4137,#3283,#3284);
#2767=AXIS2_PLACEMENT_3D('',#4141,#3286,#3287);
#2768=AXIS2_PLACEMENT_3D('',#4143,#3289,#3290);
#2769=AXIS2_PLACEMENT_3D('',#4145,#3291,#3292);
#2770=AXIS2_PLACEMENT_3D('',#4147,#3293,#3294);
#2771=AXIS2_PLACEMENT_3D('',#4148,#3295,#3296);
#2772=AXIS2_PLACEMENT_3D('',#4149,#3297,#3298);
#2773=AXIS2_PLACEMENT_3D('',#4153,#3300,#3301);
#2774=AXIS2_PLACEMENT_3D('',#4155,#3303,#3304);
#2775=AXIS2_PLACEMENT_3D('',#4156,#3305,#3306);
#2776=AXIS2_PLACEMENT_3D('',#4157,#3307,#3308);
#2777=AXIS2_PLACEMENT_3D('',#4158,#3309,#3310);
#2778=AXIS2_PLACEMENT_3D('',#4161,#3313,#3314);
#2779=AXIS2_PLACEMENT_3D('',#4163,#3316,#3317);
#2780=AXIS2_PLACEMENT_3D('',#4165,#3319,#3320);
#2781=AXIS2_PLACEMENT_3D('',#4167,#3322,#3323);
#2782=AXIS2_PLACEMENT_3D('',#4171,#3325,#3326);
#2783=AXIS2_PLACEMENT_3D('',#4173,#3328,#3329);
#2784=AXIS2_PLACEMENT_3D('',#4177,#3332,#3333);
#2785=AXIS2_PLACEMENT_3D('',#4180,#3335,#3336);
#2786=AXIS2_PLACEMENT_3D('',#4181,#3337,#3338);
#2787=AXIS2_PLACEMENT_3D('',#4185,#3341,#3342);
#2788=AXIS2_PLACEMENT_3D('',#4187,#3344,#3345);
#2789=AXIS2_PLACEMENT_3D('',#4189,#3347,#3348);
#2790=AXIS2_PLACEMENT_3D('',#4191,#3350,#3351);
#2791=AXIS2_PLACEMENT_3D('',#4192,#3352,#3353);
#2792=AXIS2_PLACEMENT_3D('',#4195,#3355,#3356);
#2793=AXIS2_PLACEMENT_3D('',#4196,#3357,#3358);
#2794=AXIS2_PLACEMENT_3D('',#4200,#3361,#3362);
#2795=AXIS2_PLACEMENT_3D('',#4206,#3366,#3367);
#2796=AXIS2_PLACEMENT_3D('',#4209,#3369,#3370);
#2797=AXIS2_PLACEMENT_3D('',#4210,#3371,#3372);
#2798=AXIS2_PLACEMENT_3D('',#4214,#3375,#3376);
#2799=AXIS2_PLACEMENT_3D('',#4215,#3377,#3378);
#2800=AXIS2_PLACEMENT_3D('',#4216,#3379,#3380);
#2801=AXIS2_PLACEMENT_3D('',#4220,#3382,#3383);
#2802=AXIS2_PLACEMENT_3D('',#4222,#3385,#3386);
#2803=AXIS2_PLACEMENT_3D('',#4226,#3389,#3390);
#2804=AXIS2_PLACEMENT_3D('',#4230,#3393,#3394);
#2805=AXIS2_PLACEMENT_3D('',#4231,#3395,#3396);
#2806=AXIS2_PLACEMENT_3D('',#4232,#3397,#3398);
#2807=AXIS2_PLACEMENT_3D('',#4241,#3403,#3404);
#2808=AXIS2_PLACEMENT_3D('',#4245,#3406,#3407);
#2809=AXIS2_PLACEMENT_3D('',#4246,#3408,#3409);
#2810=AXIS2_PLACEMENT_3D('',#4247,#3410,#3411);
#2811=AXIS2_PLACEMENT_3D('',#4253,#3415,#3416);
#2812=AXIS2_PLACEMENT_3D('',#4257,#3418,#3419);
#2813=AXIS2_PLACEMENT_3D('',#4258,#3420,#3421);
#2814=AXIS2_PLACEMENT_3D('',#4259,#3422,#3423);
#2815=AXIS2_PLACEMENT_3D('',#4265,#3427,#3428);
#2816=AXIS2_PLACEMENT_3D('',#4269,#3430,#3431);
#2817=AXIS2_PLACEMENT_3D('',#4270,#3432,#3433);
#2818=AXIS2_PLACEMENT_3D('',#4271,#3434,#3435);
#2819=AXIS2_PLACEMENT_3D('',#4277,#3439,#3440);
#2820=AXIS2_PLACEMENT_3D('',#4278,#3441,#3442);
#2821=AXIS2_PLACEMENT_3D('',#4279,#3443,#3444);
#2822=AXIS2_PLACEMENT_3D('',#4280,#3445,#3446);
#2823=AXIS2_PLACEMENT_3D('',#4284,#3448,#3449);
#2824=AXIS2_PLACEMENT_3D('',#4286,#3451,#3452);
#2825=AXIS2_PLACEMENT_3D('',#4290,#3455,#3456);
#2826=AXIS2_PLACEMENT_3D('',#4293,#3458,#3459);
#2827=AXIS2_PLACEMENT_3D('',#4294,#3460,#3461);
#2828=AXIS2_PLACEMENT_3D('',#4298,#3464,#3465);
#2829=AXIS2_PLACEMENT_3D('',#4307,#3470,#3471);
#2830=AXIS2_PLACEMENT_3D('',#4311,#3474,#3475);
#2831=AXIS2_PLACEMENT_3D('',#4314,#3477,#3478);
#2832=AXIS2_PLACEMENT_3D('',#4315,#3479,#3480);
#2833=AXIS2_PLACEMENT_3D('',#4319,#3483,#3484);
#2834=AXIS2_PLACEMENT_3D('',#4320,#3485,#3486);
#2835=AXIS2_PLACEMENT_3D('',#4321,#3487,#3488);
#2836=AXIS2_PLACEMENT_3D('',#4323,#3489,#3490);
#2837=AXIS2_PLACEMENT_3D('',#4325,#3491,#3492);
#2838=AXIS2_PLACEMENT_3D('',#4327,#3494,#3495);
#2839=AXIS2_PLACEMENT_3D('',#4329,#3496,#3497);
#2840=AXIS2_PLACEMENT_3D('',#4330,#3498,#3499);
#2841=AXIS2_PLACEMENT_3D('',#4331,#3500,#3501);
#2842=AXIS2_PLACEMENT_3D('',#4333,#3502,#3503);
#2843=AXIS2_PLACEMENT_3D('',#4335,#3505,#3506);
#2844=AXIS2_PLACEMENT_3D('',#4338,#3507,#3508);
#2845=AXIS2_PLACEMENT_3D('',#4339,#3509,#3510);
#2846=AXIS2_PLACEMENT_3D('',#4340,#3511,#3512);
#2847=AXIS2_PLACEMENT_3D('',#4341,#3513,#3514);
#2848=AXIS2_PLACEMENT_3D('',#4343,#3515,#3516);
#2849=AXIS2_PLACEMENT_3D('',#4346,#3519,#3520);
#2850=AXIS2_PLACEMENT_3D('',#4348,#3521,#3522);
#2851=AXIS2_PLACEMENT_3D('',#4349,#3523,#3524);
#2852=AXIS2_PLACEMENT_3D('',#4350,#3525,#3526);
#2853=AXIS2_PLACEMENT_3D('',#4352,#3527,#3528);
#2854=AXIS2_PLACEMENT_3D('',#4354,#3530,#3531);
#2855=AXIS2_PLACEMENT_3D('',#4355,#3532,#3533);
#2856=AXIS2_PLACEMENT_3D('',#4356,#3534,#3535);
#2857=AXIS2_PLACEMENT_3D('',#4358,#3537,#3538);
#2858=AXIS2_PLACEMENT_3D('',#4367,#3543,#3544);
#2859=AXIS2_PLACEMENT_3D('',#4368,#3545,#3546);
#2860=AXIS2_PLACEMENT_3D('',#4370,#3547,#3548);
#2861=AXIS2_PLACEMENT_3D('',#4372,#3549,#3550);
#2862=AXIS2_PLACEMENT_3D('',#4373,#3551,#3552);
#2863=AXIS2_PLACEMENT_3D('',#4374,#3553,#3554);
#2864=AXIS2_PLACEMENT_3D('',#4379,#3556,#3557);
#2865=AXIS2_PLACEMENT_3D('',#4383,#3559,#3560);
#2866=AXIS2_PLACEMENT_3D('',#4387,#3562,#3563);
#2867=AXIS2_PLACEMENT_3D('',#4390,#3565,#3566);
#2868=AXIS2_PLACEMENT_3D('',#4395,#3568,#3569);
#2869=AXIS2_PLACEMENT_3D('',#4398,#3571,#3572);
#2870=AXIS2_PLACEMENT_3D('',#4399,#3573,#3574);
#2871=AXIS2_PLACEMENT_3D('',#4402,#3576,#3577);
#2872=AXIS2_PLACEMENT_3D('',#4403,#3578,#3579);
#2873=AXIS2_PLACEMENT_3D('',#4405,#3580,#3581);
#2874=AXIS2_PLACEMENT_3D('',#4408,#3583,#3584);
#2875=AXIS2_PLACEMENT_3D('',#4409,#3585,#3586);
#2876=AXIS2_PLACEMENT_3D('',#4410,#3587,#3588);
#2877=AXIS2_PLACEMENT_3D('',#4411,#3589,#3590);
#2878=AXIS2_PLACEMENT_3D('',#4412,#3591,#3592);
#2879=AXIS2_PLACEMENT_3D('',#4413,#3593,#3594);
#2880=AXIS2_PLACEMENT_3D('',#4414,#3595,#3596);
#2881=AXIS2_PLACEMENT_3D('',#4415,#3597,#3598);
#2882=AXIS2_PLACEMENT_3D('',#4416,#3599,#3600);
#2883=AXIS2_PLACEMENT_3D('',#4417,#3601,#3602);
#2884=AXIS2_PLACEMENT_3D('',#4418,#3603,#3604);
#2885=AXIS2_PLACEMENT_3D('',#4419,#3605,#3606);
#2886=AXIS2_PLACEMENT_3D('',#4421,#3607,#3608);
#2887=AXIS2_PLACEMENT_3D('',#4422,#3609,#3610);
#2888=AXIS2_PLACEMENT_3D('',#4423,#3611,#3612);
#2889=AXIS2_PLACEMENT_3D('',#4425,#3613,#3614);
#2890=AXIS2_PLACEMENT_3D('',#4427,#3616,#3617);
#2891=AXIS2_PLACEMENT_3D('',#4428,#3618,#3619);
#2892=AXIS2_PLACEMENT_3D('',#4429,#3620,#3621);
#2893=AXIS2_PLACEMENT_3D('',#4430,#3622,#3623);
#2894=AXIS2_PLACEMENT_3D('',#4431,#3624,#3625);
#2895=AXIS2_PLACEMENT_3D('',#4434,#3627,#3628);
#2896=AXIS2_PLACEMENT_3D('',#4435,#3629,#3630);
#2897=AXIS2_PLACEMENT_3D('',#4439,#3633,#3634);
#2898=AXIS2_PLACEMENT_3D('',#4441,#3635,#3636);
#2899=AXIS2_PLACEMENT_3D('',#4444,#3638,#3639);
#2900=AXIS2_PLACEMENT_3D('',#4445,#3640,#3641);
#2901=AXIS2_PLACEMENT_3D('',#4447,#3642,#3643);
#2902=AXIS2_PLACEMENT_3D('',#4448,#3644,#3645);
#2903=AXIS2_PLACEMENT_3D('',#4449,#3646,#3647);
#2904=AXIS2_PLACEMENT_3D('',#4451,#3648,#3649);
#2905=AXIS2_PLACEMENT_3D('',#4453,#3651,#3652);
#2906=AXIS2_PLACEMENT_3D('',#4455,#3653,#3654);
#2907=AXIS2_PLACEMENT_3D('',#4456,#3655,#3656);
#2908=AXIS2_PLACEMENT_3D('',#4457,#3657,#3658);
#2909=AXIS2_PLACEMENT_3D('',#4459,#3659,#3660);
#2910=AXIS2_PLACEMENT_3D('',#4461,#3662,#3663);
#2911=AXIS2_PLACEMENT_3D('',#4464,#3664,#3665);
#2912=AXIS2_PLACEMENT_3D('',#4465,#3666,#3667);
#2913=AXIS2_PLACEMENT_3D('',#4466,#3668,#3669);
#2914=AXIS2_PLACEMENT_3D('',#4467,#3670,#3671);
#2915=AXIS2_PLACEMENT_3D('',#4470,#3672,#3673);
#2916=AXIS2_PLACEMENT_3D('',#4473,#3676,#3677);
#2917=AXIS2_PLACEMENT_3D('',#4474,#3678,#3679);
#2918=AXIS2_PLACEMENT_3D('',#4475,#3680,#3681);
#2919=AXIS2_PLACEMENT_3D('',#4476,#3682,#3683);
#2920=AXIS2_PLACEMENT_3D('',#4478,#3685,#3686);
#2921=AXIS2_PLACEMENT_3D('',#4480,#3688,#3689);
#2922=AXIS2_PLACEMENT_3D('',#4481,#3690,#3691);
#2923=AXIS2_PLACEMENT_3D('',#4486,#3693,#3694);
#2924=AXIS2_PLACEMENT_3D('',#4490,#3696,#3697);
#2925=AXIS2_PLACEMENT_3D('',#4494,#3699,#3700);
#2926=AXIS2_PLACEMENT_3D('',#4497,#3702,#3703);
#2927=AXIS2_PLACEMENT_3D('',#4498,#3704,#3705);
#2928=AXIS2_PLACEMENT_3D('',#4500,#3706,#3707);
#2929=AXIS2_PLACEMENT_3D('',#4503,#3709,#3710);
#2930=AXIS2_PLACEMENT_3D('',#4504,#3711,#3712);
#2931=AXIS2_PLACEMENT_3D('',#4506,#3713,#3714);
#2932=AXIS2_PLACEMENT_3D('',#4507,#3715,#3716);
#2933=AXIS2_PLACEMENT_3D('',#4508,#3717,#3718);
#2934=AXIS2_PLACEMENT_3D('',#4510,#3719,#3720);
#2935=AXIS2_PLACEMENT_3D('',#4512,#3722,#3723);
#2936=AXIS2_PLACEMENT_3D('',#4513,#3724,#3725);
#2937=AXIS2_PLACEMENT_3D('',#4514,#3726,#3727);
#2938=AXIS2_PLACEMENT_3D('',#4515,#3728,#3729);
#2939=AXIS2_PLACEMENT_3D('',#4516,#3730,#3731);
#2940=AXIS2_PLACEMENT_3D('',#4517,#3732,#3733);
#2941=AXIS2_PLACEMENT_3D('',#4519,#3734,#3735);
#2942=AXIS2_PLACEMENT_3D('',#4520,#3736,#3737);
#2943=AXIS2_PLACEMENT_3D('',#4521,#3738,#3739);
#2944=AXIS2_PLACEMENT_3D('',#4523,#3740,#3741);
#2945=AXIS2_PLACEMENT_3D('',#4525,#3743,#3744);
#2946=AXIS2_PLACEMENT_3D('',#4526,#3745,#3746);
#2947=AXIS2_PLACEMENT_3D('',#4527,#3747,#3748);
#2948=AXIS2_PLACEMENT_3D('',#4530,#3750,#3751);
#2949=AXIS2_PLACEMENT_3D('',#4531,#3752,#3753);
#2950=AXIS2_PLACEMENT_3D('',#4535,#3756,#3757);
#2951=AXIS2_PLACEMENT_3D('',#4538,#3759,#3760);
#2952=AXIS2_PLACEMENT_3D('',#4539,#3761,#3762);
#2953=AXIS2_PLACEMENT_3D('',#4543,#3765,#3766);
#2954=AXIS2_PLACEMENT_3D('',#4549,#3770,#3771);
#2955=AXIS2_PLACEMENT_3D('',#4551,#3772,#3773);
#2956=AXIS2_PLACEMENT_3D('',#4553,#3775,#3776);
#2957=AXIS2_PLACEMENT_3D('',#4557,#3779,#3780);
#2958=AXIS2_PLACEMENT_3D('',#4558,#3781,#3782);
#2959=AXIS2_PLACEMENT_3D('',#4559,#3783,#3784);
#2960=AXIS2_PLACEMENT_3D('',#4562,#3786,#3787);
#2961=AXIS2_PLACEMENT_3D('',#4563,#3788,#3789);
#2962=AXIS2_PLACEMENT_3D('',#4567,#3792,#3793);
#2963=AXIS2_PLACEMENT_3D('',#4568,#3794,#3795);
#2964=AXIS2_PLACEMENT_3D('',#4569,#3796,#3797);
#2965=AXIS2_PLACEMENT_3D('',#4570,#3798,#3799);
#2966=AXIS2_PLACEMENT_3D('',#4573,#3800,#3801);
#2967=AXIS2_PLACEMENT_3D('',#4577,#3803,#3804);
#2968=AXIS2_PLACEMENT_3D('',#4579,#3806,#3807);
#2969=AXIS2_PLACEMENT_3D('',#4582,#3808,#3809);
#2970=AXIS2_PLACEMENT_3D('',#4583,#3810,#3811);
#2971=AXIS2_PLACEMENT_3D('',#4584,#3812,#3813);
#2972=AXIS2_PLACEMENT_3D('',#4585,#3814,#3815);
#2973=AXIS2_PLACEMENT_3D('',#4588,#3816,#3817);
#2974=AXIS2_PLACEMENT_3D('',#4591,#3820,#3821);
#2975=AXIS2_PLACEMENT_3D('',#4592,#3822,#3823);
#2976=AXIS2_PLACEMENT_3D('',#4593,#3824,#3825);
#2977=AXIS2_PLACEMENT_3D('',#4594,#3826,#3827);
#2978=AXIS2_PLACEMENT_3D('',#4598,#3829,#3830);
#2979=AXIS2_PLACEMENT_3D('',#4600,#3832,#3833);
#2980=AXIS2_PLACEMENT_3D('',#4604,#3836,#3837);
#2981=AXIS2_PLACEMENT_3D('',#4609,#3839,#3840);
#2982=AXIS2_PLACEMENT_3D('',#4612,#3842,#3843);
#2983=AXIS2_PLACEMENT_3D('',#4613,#3844,#3845);
#2984=AXIS2_PLACEMENT_3D('',#4619,#3849,#3850);
#2985=AXIS2_PLACEMENT_3D('',#4621,#3851,#3852);
#2986=AXIS2_PLACEMENT_3D('',#4623,#3854,#3855);
#2987=AXIS2_PLACEMENT_3D('',#4627,#3858,#3859);
#2988=AXIS2_PLACEMENT_3D('',#4628,#3860,#3861);
#2989=AXIS2_PLACEMENT_3D('',#4629,#3862,#3863);
#2990=AXIS2_PLACEMENT_3D('',#4633,#3866,#3867);
#2991=AXIS2_PLACEMENT_3D('',#4634,#3868,#3869);
#2992=AXIS2_PLACEMENT_3D('',#4635,#3870,#3871);
#2993=DIRECTION('axis',(0.,0.,1.));
#2994=DIRECTION('refdir',(1.,0.,0.));
#2995=DIRECTION('center_axis',(1.,0.,0.));
#2996=DIRECTION('ref_axis',(0.,0.,-1.));
#2997=DIRECTION('center_axis',(0.,-1.,0.));
#2998=DIRECTION('ref_axis',(1.,0.,0.));
#2999=DIRECTION('center_axis',(1.,0.,0.));
#3000=DIRECTION('ref_axis',(0.,-1.,0.));
#3001=DIRECTION('center_axis',(0.,-1.,0.));
#3002=DIRECTION('ref_axis',(0.,0.,-1.));
#3003=DIRECTION('center_axis',(-1.,0.,0.));
#3004=DIRECTION('ref_axis',(0.,-1.,0.));
#3005=DIRECTION('center_axis',(0.,1.,0.));
#3006=DIRECTION('ref_axis',(0.70710678118654,0.,-0.707106781186555));
#3007=DIRECTION('center_axis',(0.,-1.,0.));
#3008=DIRECTION('ref_axis',(0.,0.,-1.));
#3009=DIRECTION('',(0.,-1.,0.));
#3010=DIRECTION('',(0.,1.,0.));
#3011=DIRECTION('center_axis',(1.,0.,0.));
#3012=DIRECTION('ref_axis',(0.,0.,-1.));
#3013=DIRECTION('center_axis',(0.,1.,0.));
#3014=DIRECTION('ref_axis',(0.,0.,1.));
#3015=DIRECTION('center_axis',(-1.,0.,0.));
#3016=DIRECTION('ref_axis',(0.,1.,0.));
#3017=DIRECTION('center_axis',(1.,0.,0.));
#3018=DIRECTION('ref_axis',(0.,1.,0.));
#3019=DIRECTION('center_axis',(0.,-1.,0.));
#3020=DIRECTION('ref_axis',(0.70710678118654,0.,0.707106781186555));
#3021=DIRECTION('',(0.,1.,0.));
#3022=DIRECTION('',(0.,-1.,0.));
#3023=DIRECTION('center_axis',(0.,0.,-1.));
#3024=DIRECTION('ref_axis',(0.,1.,0.));
#3025=DIRECTION('',(1.,0.,0.));
#3026=DIRECTION('',(-3.51893193225089E-17,-1.,0.));
#3027=DIRECTION('',(1.,0.,0.));
#3028=DIRECTION('center_axis',(1.,0.,0.));
#3029=DIRECTION('ref_axis',(0.,0.,1.));
#3030=DIRECTION('',(1.,0.,0.));
#3031=DIRECTION('center_axis',(-1.,3.51893193225089E-17,0.));
#3032=DIRECTION('ref_axis',(0.,0.,1.));
#3033=DIRECTION('center_axis',(1.,0.,0.));
#3034=DIRECTION('ref_axis',(0.,1.,0.));
#3035=DIRECTION('center_axis',(0.,0.,1.));
#3036=DIRECTION('ref_axis',(0.,-1.,0.));
#3037=DIRECTION('',(1.,0.,0.));
#3038=DIRECTION('',(3.51893193225089E-17,1.,0.));
#3039=DIRECTION('center_axis',(1.,0.,0.));
#3040=DIRECTION('ref_axis',(0.,0.,-1.));
#3041=DIRECTION('center_axis',(-1.,3.51893193225089E-17,0.));
#3042=DIRECTION('ref_axis',(0.,0.,-1.));
#3043=DIRECTION('center_axis',(1.,0.,0.));
#3044=DIRECTION('ref_axis',(0.,0.,-1.));
#3045=DIRECTION('center_axis',(0.,-1.,0.));
#3046=DIRECTION('ref_axis',(1.,0.,0.));
#3047=DIRECTION('center_axis',(1.,0.,0.));
#3048=DIRECTION('ref_axis',(0.,-1.,0.));
#3049=DIRECTION('center_axis',(0.,-1.,0.));
#3050=DIRECTION('ref_axis',(0.,0.,-1.));
#3051=DIRECTION('center_axis',(-1.,0.,0.));
#3052=DIRECTION('ref_axis',(0.,-1.,0.));
#3053=DIRECTION('center_axis',(0.,1.,0.));
#3054=DIRECTION('ref_axis',(0.70710678118654,0.,-0.707106781186555));
#3055=DIRECTION('center_axis',(0.,-1.,0.));
#3056=DIRECTION('ref_axis',(0.,0.,-1.));
#3057=DIRECTION('',(0.,-1.,0.));
#3058=DIRECTION('',(0.,1.,0.));
#3059=DIRECTION('center_axis',(1.,0.,0.));
#3060=DIRECTION('ref_axis',(0.,0.,-1.));
#3061=DIRECTION('center_axis',(0.,1.,0.));
#3062=DIRECTION('ref_axis',(0.,0.,1.));
#3063=DIRECTION('center_axis',(-1.,0.,0.));
#3064=DIRECTION('ref_axis',(0.,1.,0.));
#3065=DIRECTION('center_axis',(1.,0.,0.));
#3066=DIRECTION('ref_axis',(0.,1.,0.));
#3067=DIRECTION('center_axis',(0.,-1.,0.));
#3068=DIRECTION('ref_axis',(0.70710678118654,0.,0.707106781186555));
#3069=DIRECTION('',(0.,1.,0.));
#3070=DIRECTION('',(0.,-1.,0.));
#3071=DIRECTION('center_axis',(0.,0.,-1.));
#3072=DIRECTION('ref_axis',(0.,1.,0.));
#3073=DIRECTION('',(1.,0.,0.));
#3074=DIRECTION('',(-3.51893193225089E-17,-1.,0.));
#3075=DIRECTION('',(1.,0.,0.));
#3076=DIRECTION('center_axis',(1.,0.,0.));
#3077=DIRECTION('ref_axis',(0.,0.,1.));
#3078=DIRECTION('',(1.,0.,0.));
#3079=DIRECTION('center_axis',(-1.,3.51893193225089E-17,0.));
#3080=DIRECTION('ref_axis',(0.,0.,1.));
#3081=DIRECTION('center_axis',(1.,0.,0.));
#3082=DIRECTION('ref_axis',(0.,1.,0.));
#3083=DIRECTION('center_axis',(0.,0.,1.));
#3084=DIRECTION('ref_axis',(0.,-1.,0.));
#3085=DIRECTION('',(1.,0.,0.));
#3086=DIRECTION('',(3.51893193225089E-17,1.,0.));
#3087=DIRECTION('center_axis',(1.,0.,0.));
#3088=DIRECTION('ref_axis',(0.,0.,-1.));
#3089=DIRECTION('center_axis',(-1.,3.51893193225089E-17,0.));
#3090=DIRECTION('ref_axis',(0.,0.,-1.));
#3091=DIRECTION('center_axis',(1.,0.,0.));
#3092=DIRECTION('ref_axis',(0.,0.,-1.));
#3093=DIRECTION('center_axis',(0.,-1.,0.));
#3094=DIRECTION('ref_axis',(1.,0.,0.));
#3095=DIRECTION('center_axis',(1.,0.,0.));
#3096=DIRECTION('ref_axis',(0.,-1.,0.));
#3097=DIRECTION('center_axis',(0.,-1.,0.));
#3098=DIRECTION('ref_axis',(0.,0.,-1.));
#3099=DIRECTION('center_axis',(-1.,0.,0.));
#3100=DIRECTION('ref_axis',(0.,-1.,0.));
#3101=DIRECTION('center_axis',(0.,1.,0.));
#3102=DIRECTION('ref_axis',(0.70710678118654,0.,-0.707106781186555));
#3103=DIRECTION('center_axis',(0.,-1.,0.));
#3104=DIRECTION('ref_axis',(0.,0.,-1.));
#3105=DIRECTION('',(0.,-1.,0.));
#3106=DIRECTION('',(0.,1.,0.));
#3107=DIRECTION('center_axis',(1.,0.,0.));
#3108=DIRECTION('ref_axis',(0.,0.,-1.));
#3109=DIRECTION('center_axis',(0.,1.,0.));
#3110=DIRECTION('ref_axis',(0.,0.,1.));
#3111=DIRECTION('center_axis',(-1.,0.,0.));
#3112=DIRECTION('ref_axis',(0.,1.,0.));
#3113=DIRECTION('center_axis',(1.,0.,0.));
#3114=DIRECTION('ref_axis',(0.,1.,0.));
#3115=DIRECTION('center_axis',(0.,-1.,0.));
#3116=DIRECTION('ref_axis',(0.70710678118654,0.,0.707106781186555));
#3117=DIRECTION('',(0.,1.,0.));
#3118=DIRECTION('',(0.,-1.,0.));
#3119=DIRECTION('center_axis',(0.,0.,-1.));
#3120=DIRECTION('ref_axis',(0.,1.,0.));
#3121=DIRECTION('',(1.,0.,0.));
#3122=DIRECTION('',(-3.51893193225089E-17,-1.,0.));
#3123=DIRECTION('',(1.,0.,0.));
#3124=DIRECTION('center_axis',(1.,0.,0.));
#3125=DIRECTION('ref_axis',(0.,0.,1.));
#3126=DIRECTION('',(1.,0.,0.));
#3127=DIRECTION('center_axis',(-1.,3.51893193225089E-17,0.));
#3128=DIRECTION('ref_axis',(0.,0.,1.));
#3129=DIRECTION('center_axis',(1.,0.,0.));
#3130=DIRECTION('ref_axis',(0.,1.,0.));
#3131=DIRECTION('center_axis',(0.,0.,1.));
#3132=DIRECTION('ref_axis',(0.,-1.,0.));
#3133=DIRECTION('',(1.,0.,0.));
#3134=DIRECTION('',(3.51893193225089E-17,1.,0.));
#3135=DIRECTION('center_axis',(1.,0.,0.));
#3136=DIRECTION('ref_axis',(0.,0.,-1.));
#3137=DIRECTION('center_axis',(-1.,3.51893193225089E-17,0.));
#3138=DIRECTION('ref_axis',(0.,0.,-1.));
#3139=DIRECTION('center_axis',(0.,-1.,0.));
#3140=DIRECTION('ref_axis',(-0.707106781186547,0.,-0.707106781186548));
#3141=DIRECTION('center_axis',(0.,-1.,0.));
#3142=DIRECTION('ref_axis',(-1.,0.,0.));
#3143=DIRECTION('',(0.,-1.,0.));
#3144=DIRECTION('center_axis',(0.,1.,0.));
#3145=DIRECTION('ref_axis',(0.,0.,-1.));
#3146=DIRECTION('',(0.,1.,0.));
#3147=DIRECTION('center_axis',(-1.,0.,0.));
#3148=DIRECTION('ref_axis',(0.,0.,1.));
#3149=DIRECTION('center_axis',(0.,-1.,0.));
#3150=DIRECTION('ref_axis',(0.,0.,1.));
#3151=DIRECTION('center_axis',(1.,0.,0.));
#3152=DIRECTION('ref_axis',(0.,-1.,0.));
#3153=DIRECTION('center_axis',(-1.,0.,0.));
#3154=DIRECTION('ref_axis',(0.,-1.,0.));
#3155=DIRECTION('center_axis',(0.,1.,0.));
#3156=DIRECTION('ref_axis',(-0.707106781186546,0.,0.707106781186549));
#3157=DIRECTION('center_axis',(0.,-1.,0.));
#3158=DIRECTION('ref_axis',(0.,0.,1.));
#3159=DIRECTION('',(0.,-1.,0.));
#3160=DIRECTION('',(0.,1.,0.));
#3161=DIRECTION('center_axis',(-1.,0.,0.));
#3162=DIRECTION('ref_axis',(0.,0.,1.));
#3163=DIRECTION('center_axis',(1.,0.,0.));
#3164=DIRECTION('ref_axis',(0.,1.,0.));
#3165=DIRECTION('center_axis',(-1.,0.,0.));
#3166=DIRECTION('ref_axis',(0.,1.,0.));
#3167=DIRECTION('center_axis',(-1.,0.,0.));
#3168=DIRECTION('ref_axis',(0.,0.,-1.));
#3169=DIRECTION('',(-1.,0.,0.));
#3170=DIRECTION('center_axis',(1.,-7.03786386450179E-17,0.));
#3171=DIRECTION('ref_axis',(0.,0.,-1.));
#3172=DIRECTION('',(-1.,0.,0.));
#3173=DIRECTION('center_axis',(0.,0.,-1.));
#3174=DIRECTION('ref_axis',(0.,-1.,0.));
#3175=DIRECTION('',(-1.,0.,0.));
#3176=DIRECTION('',(7.03786386450179E-17,1.,0.));
#3177=DIRECTION('center_axis',(-1.,0.,0.));
#3178=DIRECTION('ref_axis',(0.,-1.,0.));
#3179=DIRECTION('center_axis',(-1.,0.,0.));
#3180=DIRECTION('ref_axis',(0.,0.,1.));
#3181=DIRECTION('',(-1.,0.,0.));
#3182=DIRECTION('center_axis',(1.,-7.03786386450179E-17,0.));
#3183=DIRECTION('ref_axis',(0.,0.,1.));
#3184=DIRECTION('center_axis',(0.,0.,1.));
#3185=DIRECTION('ref_axis',(0.,1.,0.));
#3186=DIRECTION('',(-7.03786386450179E-17,-1.,0.));
#3187=DIRECTION('center_axis',(0.,-0.707106781186549,0.707106781186546));
#3188=DIRECTION('ref_axis',(1.,0.,0.));
#3189=DIRECTION('',(0.,-0.707106781186546,-0.707106781186549));
#3190=DIRECTION('',(1.,0.,0.));
#3191=DIRECTION('',(0.,0.707106781186546,0.707106781186549));
#3192=DIRECTION('',(-1.,0.,0.));
#3193=DIRECTION('center_axis',(0.,-1.,0.));
#3194=DIRECTION('ref_axis',(0.,0.,1.));
#3195=DIRECTION('',(0.,-0.707106781186546,0.707106781186549));
#3196=DIRECTION('center_axis',(0.,-1.,0.));
#3197=DIRECTION('ref_axis',(0.,0.,1.));
#3198=DIRECTION('center_axis',(0.,1.,0.));
#3199=DIRECTION('ref_axis',(0.,0.,1.));
#3200=DIRECTION('center_axis',(0.,-0.707106781186549,-0.707106781186546));
#3201=DIRECTION('ref_axis',(-1.,0.,0.));
#3202=DIRECTION('',(0.,-0.707106781186546,0.707106781186549));
#3203=DIRECTION('',(-1.,0.,0.));
#3204=DIRECTION('',(1.,0.,0.));
#3205=DIRECTION('center_axis',(0.,-1.,0.));
#3206=DIRECTION('ref_axis',(0.,0.,-1.));
#3207=DIRECTION('center_axis',(0.,-1.,0.));
#3208=DIRECTION('ref_axis',(0.,0.,-1.));
#3209=DIRECTION('center_axis',(0.,1.,0.));
#3210=DIRECTION('ref_axis',(0.,0.,-1.));
#3211=DIRECTION('center_axis',(0.,1.,0.));
#3212=DIRECTION('ref_axis',(0.,0.,1.));
#3213=DIRECTION('',(0.,1.,0.));
#3214=DIRECTION('center_axis',(0.,-1.,0.));
#3215=DIRECTION('ref_axis',(0.,0.,1.));
#3216=DIRECTION('',(0.,1.,0.));
#3217=DIRECTION('center_axis',(0.,0.,-1.));
#3218=DIRECTION('ref_axis',(-1.,0.,0.));
#3219=DIRECTION('',(0.,1.,0.));
#3220=DIRECTION('',(1.,0.,0.));
#3221=DIRECTION('center_axis',(0.,-1.,0.));
#3222=DIRECTION('ref_axis',(1.,0.,0.));
#3223=DIRECTION('',(1.,0.,0.));
#3224=DIRECTION('',(0.,0.,1.));
#3225=DIRECTION('',(-1.,0.,0.));
#3226=DIRECTION('',(0.,0.,1.));
#3227=DIRECTION('',(1.,0.,0.));
#3228=DIRECTION('center_axis',(0.,-1.,0.));
#3229=DIRECTION('ref_axis',(-1.,0.,5.55111512312579E-16));
#3230=DIRECTION('',(0.,0.,-1.));
#3231=DIRECTION('center_axis',(0.,-1.,0.));
#3232=DIRECTION('ref_axis',(5.55111512312578E-16,0.,1.));
#3233=DIRECTION('',(-1.,0.,0.));
#3234=DIRECTION('center_axis',(0.,-1.,0.));
#3235=DIRECTION('ref_axis',(1.,0.,-5.55111512312579E-16));
#3236=DIRECTION('',(0.,0.,1.));
#3237=DIRECTION('center_axis',(0.,-1.,0.));
#3238=DIRECTION('ref_axis',(-5.55111512312579E-16,0.,-1.));
#3239=DIRECTION('',(1.,0.,0.));
#3240=DIRECTION('center_axis',(0.,-1.,0.));
#3241=DIRECTION('ref_axis',(0.,0.,1.));
#3242=DIRECTION('',(-1.,0.,0.));
#3243=DIRECTION('center_axis',(0.,-1.,0.));
#3244=DIRECTION('ref_axis',(0.,0.,-1.));
#3245=DIRECTION('center_axis',(0.,0.,1.));
#3246=DIRECTION('ref_axis',(1.,0.,0.));
#3247=DIRECTION('',(-1.,0.,0.));
#3248=DIRECTION('',(0.,1.,0.));
#3249=DIRECTION('center_axis',(0.,1.,0.));
#3250=DIRECTION('ref_axis',(0.,0.,-1.));
#3251=DIRECTION('center_axis',(0.,-1.,0.));
#3252=DIRECTION('ref_axis',(0.,0.,-1.));
#3253=DIRECTION('center_axis',(0.,0.,1.));
#3254=DIRECTION('ref_axis',(0.923879532511287,-0.38268343236509,0.));
#3255=DIRECTION('center_axis',(0.,0.,1.));
#3256=DIRECTION('ref_axis',(0.707106781186543,-0.707106781186552,0.));
#3257=DIRECTION('',(0.,0.,1.));
#3258=DIRECTION('center_axis',(0.,0.,-1.));
#3259=DIRECTION('ref_axis',(1.,0.,0.));
#3260=DIRECTION('',(0.,0.,-1.));
#3261=DIRECTION('center_axis',(0.,1.,0.));
#3262=DIRECTION('ref_axis',(0.,0.,1.));
#3263=DIRECTION('center_axis',(0.,1.,0.));
#3264=DIRECTION('ref_axis',(-0.707106781186547,0.,0.707106781186548));
#3265=DIRECTION('center_axis',(-1.,4.59869434058612E-16,1.11022302462516E-15));
#3266=DIRECTION('ref_axis',(-1.11022302462516E-15,0.,-1.));
#3267=DIRECTION('center_axis',(0.,-1.,0.));
#3268=DIRECTION('ref_axis',(-0.707106781186547,0.,0.707106781186548));
#3269=DIRECTION('center_axis',(1.,0.,0.));
#3270=DIRECTION('ref_axis',(0.,-0.38268343236509,-0.923879532511287));
#3271=DIRECTION('',(1.,0.,0.));
#3272=DIRECTION('center_axis',(-1.,0.,0.));
#3273=DIRECTION('ref_axis',(0.,0.,-1.));
#3274=DIRECTION('',(-1.,0.,0.));
#3275=DIRECTION('center_axis',(0.,1.,0.));
#3276=DIRECTION('ref_axis',(0.,0.,1.));
#3277=DIRECTION('center_axis',(0.,1.,0.));
#3278=DIRECTION('ref_axis',(0.707106781186548,0.,0.707106781186548));
#3279=DIRECTION('center_axis',(0.,0.,1.));
#3280=DIRECTION('ref_axis',(-1.,0.,0.));
#3281=DIRECTION('center_axis',(0.,-1.,0.));
#3282=DIRECTION('ref_axis',(0.707106781186548,0.,0.707106781186548));
#3283=DIRECTION('center_axis',(0.,0.,-1.));
#3284=DIRECTION('ref_axis',(-0.923879532511287,-0.38268343236509,0.));
#3285=DIRECTION('',(0.,0.,-1.));
#3286=DIRECTION('center_axis',(0.,0.,1.));
#3287=DIRECTION('ref_axis',(-1.,0.,0.));
#3288=DIRECTION('',(0.,0.,1.));
#3289=DIRECTION('center_axis',(0.,1.,0.));
#3290=DIRECTION('ref_axis',(0.,0.,1.));
#3291=DIRECTION('center_axis',(0.,1.,0.));
#3292=DIRECTION('ref_axis',(0.707106781186547,0.,-0.707106781186548));
#3293=DIRECTION('center_axis',(1.,-4.71027737605133E-15,0.));
#3294=DIRECTION('ref_axis',(0.,0.,1.));
#3295=DIRECTION('center_axis',(0.,-1.,0.));
#3296=DIRECTION('ref_axis',(0.707106781186548,0.,-0.707106781186547));
#3297=DIRECTION('center_axis',(-1.,0.,0.));
#3298=DIRECTION('ref_axis',(0.,-0.38268343236509,0.923879532511287));
#3299=DIRECTION('',(-1.,0.,0.));
#3300=DIRECTION('center_axis',(1.,0.,0.));
#3301=DIRECTION('ref_axis',(0.,0.,1.));
#3302=DIRECTION('',(1.,0.,0.));
#3303=DIRECTION('center_axis',(0.,1.,0.));
#3304=DIRECTION('ref_axis',(0.,0.,1.));
#3305=DIRECTION('center_axis',(0.,1.,0.));
#3306=DIRECTION('ref_axis',(-0.707106781186548,0.,-0.707106781186548));
#3307=DIRECTION('center_axis',(0.,-1.,0.));
#3308=DIRECTION('ref_axis',(-0.707106781186548,0.,-0.707106781186547));
#3309=DIRECTION('center_axis',(0.,-1.,0.));
#3310=DIRECTION('ref_axis',(-5.55111512312579E-16,0.,-1.));
#3311=DIRECTION('',(1.57009245868378E-15,0.707106781186546,0.707106781186549));
#3312=DIRECTION('',(0.707106781186549,-0.707106781186546,0.));
#3313=DIRECTION('center_axis',(0.,-0.707106781186549,0.707106781186546));
#3314=DIRECTION('ref_axis',(1.,0.,0.));
#3315=DIRECTION('',(0.,-0.707106781186546,-0.707106781186549));
#3316=DIRECTION('center_axis',(0.,-1.,0.));
#3317=DIRECTION('ref_axis',(-1.,0.,5.55111512312579E-16));
#3318=DIRECTION('',(-0.707106781186549,-0.707106781186546,7.85046229341889E-16));
#3319=DIRECTION('center_axis',(0.707106781186545,-0.70710678118655,0.));
#3320=DIRECTION('ref_axis',(0.,0.,-1.));
#3321=DIRECTION('',(-0.70710678118655,-0.707106781186545,0.));
#3322=DIRECTION('center_axis',(0.,1.,0.));
#3323=DIRECTION('ref_axis',(1.,0.,-5.55111512312579E-16));
#3324=DIRECTION('',(0.,1.,0.));
#3325=DIRECTION('center_axis',(0.,-1.,0.));
#3326=DIRECTION('ref_axis',(0.707106781186548,0.,0.707106781186548));
#3327=DIRECTION('',(0.,1.,0.));
#3328=DIRECTION('center_axis',(0.,0.,1.));
#3329=DIRECTION('ref_axis',(1.,0.,0.));
#3330=DIRECTION('',(0.,1.,0.));
#3331=DIRECTION('',(-1.,0.,0.));
#3332=DIRECTION('center_axis',(0.,1.,0.));
#3333=DIRECTION('ref_axis',(5.55111512312578E-16,0.,1.));
#3334=DIRECTION('',(0.,1.,0.));
#3335=DIRECTION('center_axis',(0.,-1.,0.));
#3336=DIRECTION('ref_axis',(-0.707106781186547,0.,0.707106781186548));
#3337=DIRECTION('center_axis',(-1.,0.,0.));
#3338=DIRECTION('ref_axis',(0.,0.,1.));
#3339=DIRECTION('',(0.,1.,0.));
#3340=DIRECTION('',(0.,0.,-1.));
#3341=DIRECTION('center_axis',(0.,-1.,0.));
#3342=DIRECTION('ref_axis',(5.55111512312578E-16,0.,1.));
#3343=DIRECTION('',(0.,-0.707106781186546,0.707106781186549));
#3344=DIRECTION('center_axis',(0.,-0.707106781186549,-0.707106781186546));
#3345=DIRECTION('ref_axis',(-1.,0.,0.));
#3346=DIRECTION('',(0.,-0.707106781186546,0.707106781186549));
#3347=DIRECTION('center_axis',(0.,-1.,0.));
#3348=DIRECTION('ref_axis',(1.,0.,-5.55111512312579E-16));
#3349=DIRECTION('',(0.707106781186549,-0.707106781186546,0.));
#3350=DIRECTION('center_axis',(-0.707106781186546,-0.707106781186549,0.));
#3351=DIRECTION('ref_axis',(0.,0.,1.));
#3352=DIRECTION('center_axis',(0.,1.,0.));
#3353=DIRECTION('ref_axis',(-1.,0.,5.55111512312579E-16));
#3354=DIRECTION('',(0.,1.,0.));
#3355=DIRECTION('center_axis',(0.,-1.,0.));
#3356=DIRECTION('ref_axis',(-0.707106781186548,0.,-0.707106781186548));
#3357=DIRECTION('center_axis',(0.,0.,-1.));
#3358=DIRECTION('ref_axis',(-1.,0.,0.));
#3359=DIRECTION('',(0.,1.,0.));
#3360=DIRECTION('',(1.,0.,0.));
#3361=DIRECTION('center_axis',(0.,-0.707106781186549,0.707106781186546));
#3362=DIRECTION('ref_axis',(1.,0.,0.));
#3363=DIRECTION('',(0.,-0.707106781186546,-0.707106781186549));
#3364=DIRECTION('',(0.,0.707106781186546,0.707106781186549));
#3365=DIRECTION('',(-1.,0.,0.));
#3366=DIRECTION('center_axis',(0.,-1.,0.));
#3367=DIRECTION('ref_axis',(0.,0.,1.));
#3368=DIRECTION('',(0.,-0.707106781186548,0.707106781186548));
#3369=DIRECTION('center_axis',(0.,1.,0.));
#3370=DIRECTION('ref_axis',(0.,0.,1.));
#3371=DIRECTION('center_axis',(0.,-0.707106781186549,-0.707106781186546));
#3372=DIRECTION('ref_axis',(-1.,0.,0.));
#3373=DIRECTION('',(0.,-0.707106781186546,0.707106781186549));
#3374=DIRECTION('',(1.,0.,0.));
#3375=DIRECTION('center_axis',(0.,-1.,0.));
#3376=DIRECTION('ref_axis',(0.,0.,-1.));
#3377=DIRECTION('center_axis',(0.,1.,0.));
#3378=DIRECTION('ref_axis',(0.,0.,-1.));
#3379=DIRECTION('center_axis',(0.,1.,0.));
#3380=DIRECTION('ref_axis',(0.,0.,1.));
#3381=DIRECTION('',(0.,1.,0.));
#3382=DIRECTION('center_axis',(0.,-1.,0.));
#3383=DIRECTION('ref_axis',(0.,0.,1.));
#3384=DIRECTION('',(0.,1.,0.));
#3385=DIRECTION('center_axis',(0.,0.,-1.));
#3386=DIRECTION('ref_axis',(-1.,0.,0.));
#3387=DIRECTION('',(0.,1.,0.));
#3388=DIRECTION('',(1.,0.,0.));
#3389=DIRECTION('center_axis',(0.,0.,1.));
#3390=DIRECTION('ref_axis',(1.,0.,0.));
#3391=DIRECTION('',(-1.,0.,0.));
#3392=DIRECTION('',(0.,1.,0.));
#3393=DIRECTION('center_axis',(0.,1.,0.));
#3394=DIRECTION('ref_axis',(0.,0.,-1.));
#3395=DIRECTION('center_axis',(0.,-1.,0.));
#3396=DIRECTION('ref_axis',(0.,0.,-1.));
#3397=DIRECTION('center_axis',(-0.707106781186547,-4.25931672860053E-17,
-0.707106781186548));
#3398=DIRECTION('ref_axis',(-0.707106781186548,0.,0.707106781186547));
#3399=DIRECTION('',(-0.707106781186548,3.14018491736755E-15,0.707106781186547));
#3400=DIRECTION('',(7.03786386450179E-17,1.,-1.30614473485313E-16));
#3401=DIRECTION('',(0.707106781186548,0.,-0.707106781186547));
#3402=DIRECTION('',(-7.03786386450179E-17,-1.,1.30614473485313E-16));
#3403=DIRECTION('center_axis',(-1.,0.,0.));
#3404=DIRECTION('ref_axis',(-4.39866491531362E-17,-1.,-7.40148683083436E-16));
#3405=DIRECTION('',(-0.707106781186551,-0.707106781186544,-7.85046229341883E-16));
#3406=DIRECTION('center_axis',(-1.,7.03786386450179E-17,0.));
#3407=DIRECTION('ref_axis',(-7.03786386450179E-17,-1.,-7.40148683083436E-16));
#3408=DIRECTION('center_axis',(1.,-7.03786386450179E-17,0.));
#3409=DIRECTION('ref_axis',(0.,-1.,-7.40148683083436E-16));
#3410=DIRECTION('center_axis',(-0.707106781186548,0.707106781186548,1.74454717631531E-15));
#3411=DIRECTION('ref_axis',(2.4671622769448E-15,0.,1.));
#3412=DIRECTION('',(-0.707106781186548,-0.707106781186548,-1.57009245868378E-15));
#3413=DIRECTION('',(-1.73635522367717E-31,-2.4671622769448E-15,1.));
#3414=DIRECTION('',(1.73635522367717E-31,2.4671622769448E-15,-1.));
#3415=DIRECTION('center_axis',(-1.,0.,0.));
#3416=DIRECTION('ref_axis',(-1.30226641775788E-31,-2.96059473233375E-15,
-1.));
#3417=DIRECTION('',(-0.70710678118655,-3.14018491736753E-15,-0.707106781186545));
#3418=DIRECTION('center_axis',(-1.,7.03786386450179E-17,0.));
#3419=DIRECTION('ref_axis',(-2.0836262684126E-31,-2.96059473233375E-15,
-1.));
#3420=DIRECTION('center_axis',(1.,-7.03786386450179E-17,0.));
#3421=DIRECTION('ref_axis',(0.,-2.96059473233375E-15,-1.));
#3422=DIRECTION('center_axis',(-0.707106781186547,9.59444025978572E-17,
0.707106781186548));
#3423=DIRECTION('ref_axis',(0.707106781186548,0.,0.707106781186547));
#3424=DIRECTION('',(-0.707106781186548,7.85046229341887E-16,-0.707106781186547));
#3425=DIRECTION('',(-7.03786386450179E-17,-1.,6.53072367426563E-17));
#3426=DIRECTION('',(7.03786386450179E-17,1.,-6.53072367426563E-17));
#3427=DIRECTION('center_axis',(-1.,0.,0.));
#3428=DIRECTION('ref_axis',(4.39866491531362E-17,1.,0.));
#3429=DIRECTION('',(-0.707106781186551,0.707106781186544,0.));
#3430=DIRECTION('center_axis',(-1.,7.03786386450179E-17,0.));
#3431=DIRECTION('ref_axis',(7.03786386450179E-17,1.,0.));
#3432=DIRECTION('center_axis',(1.,-7.03786386450179E-17,0.));
#3433=DIRECTION('ref_axis',(0.,1.,0.));
#3434=DIRECTION('center_axis',(-0.707106781186549,-0.707106781186546,0.));
#3435=DIRECTION('ref_axis',(0.,0.,1.));
#3436=DIRECTION('',(-0.707106781186546,0.707106781186549,0.));
#3437=DIRECTION('',(0.,0.,-1.));
#3438=DIRECTION('',(0.,0.,1.));
#3439=DIRECTION('center_axis',(-1.,0.,0.));
#3440=DIRECTION('ref_axis',(4.88349906659203E-32,1.11022302462516E-15,1.));
#3441=DIRECTION('center_axis',(-1.,7.03786386450179E-17,0.));
#3442=DIRECTION('ref_axis',(7.81359850654726E-32,1.11022302462516E-15,1.));
#3443=DIRECTION('center_axis',(1.,-7.03786386450179E-17,0.));
#3444=DIRECTION('ref_axis',(0.,1.11022302462516E-15,1.));
#3445=DIRECTION('center_axis',(1.,0.,0.));
#3446=DIRECTION('ref_axis',(0.,-2.96059473233375E-15,-1.));
#3447=DIRECTION('',(1.,0.,0.));
#3448=DIRECTION('center_axis',(-1.,7.03786386450179E-17,0.));
#3449=DIRECTION('ref_axis',(0.,-2.96059473233375E-15,-1.));
#3450=DIRECTION('',(1.,0.,0.));
#3451=DIRECTION('center_axis',(0.,-1.,-2.4671622769448E-15));
#3452=DIRECTION('ref_axis',(0.,2.4671622769448E-15,-1.));
#3453=DIRECTION('',(1.,0.,0.));
#3454=DIRECTION('',(-1.73635522367717E-31,-2.4671622769448E-15,1.));
#3455=DIRECTION('center_axis',(1.,0.,0.));
#3456=DIRECTION('ref_axis',(0.,-1.,-7.40148683083436E-16));
#3457=DIRECTION('',(1.,0.,0.));
#3458=DIRECTION('center_axis',(-1.,7.03786386450179E-17,0.));
#3459=DIRECTION('ref_axis',(0.,-1.,-7.40148683083436E-16));
#3460=DIRECTION('center_axis',(0.,1.30614473485313E-16,1.));
#3461=DIRECTION('ref_axis',(0.,-1.,1.30614473485313E-16));
#3462=DIRECTION('',(1.,0.,0.));
#3463=DIRECTION('',(7.03786386450179E-17,1.,-1.30614473485313E-16));
#3464=DIRECTION('center_axis',(-1.,7.03786386450179E-17,0.));
#3465=DIRECTION('ref_axis',(-7.03786386450179E-17,-1.,0.));
#3466=DIRECTION('',(-7.03786386450179E-17,-1.,0.));
#3467=DIRECTION('',(0.,0.,1.));
#3468=DIRECTION('',(7.03786386450179E-17,1.,0.));
#3469=DIRECTION('',(0.,0.,1.));
#3470=DIRECTION('center_axis',(0.,-6.53072367426563E-17,-1.));
#3471=DIRECTION('ref_axis',(0.,1.,-6.53072367426563E-17));
#3472=DIRECTION('',(-7.03786386450179E-17,-1.,6.53072367426563E-17));
#3473=DIRECTION('',(1.,0.,0.));
#3474=DIRECTION('center_axis',(1.,0.,0.));
#3475=DIRECTION('ref_axis',(0.,1.11022302462516E-15,1.));
#3476=DIRECTION('',(1.,0.,0.));
#3477=DIRECTION('center_axis',(-1.,7.03786386450179E-17,0.));
#3478=DIRECTION('ref_axis',(0.,1.11022302462516E-15,1.));
#3479=DIRECTION('center_axis',(0.,1.,0.));
#3480=DIRECTION('ref_axis',(0.,0.,1.));
#3481=DIRECTION('',(1.,0.,0.));
#3482=DIRECTION('',(0.,0.,-1.));
#3483=DIRECTION('center_axis',(1.,0.,0.));
#3484=DIRECTION('ref_axis',(0.,1.,0.));
#3485=DIRECTION('center_axis',(-1.,7.03786386450179E-17,0.));
#3486=DIRECTION('ref_axis',(0.,1.,0.));
#3487=DIRECTION('center_axis',(0.,0.,-1.));
#3488=DIRECTION('ref_axis',(0.707106781186555,0.70710678118654,0.));
#3489=DIRECTION('center_axis',(0.,0.,-1.));
#3490=DIRECTION('ref_axis',(0.,1.,0.));
#3491=DIRECTION('center_axis',(0.,0.,1.));
#3492=DIRECTION('ref_axis',(1.,0.,0.));
#3493=DIRECTION('',(0.,0.,1.));
#3494=DIRECTION('center_axis',(0.,-1.,0.));
#3495=DIRECTION('ref_axis',(0.,0.,-1.));
#3496=DIRECTION('center_axis',(-1.,0.,0.));
#3497=DIRECTION('ref_axis',(0.,0.,1.));
#3498=DIRECTION('center_axis',(0.,1.,0.));
#3499=DIRECTION('ref_axis',(-0.707106781186548,0.,-0.707106781186547));
#3500=DIRECTION('center_axis',(1.,0.,0.));
#3501=DIRECTION('ref_axis',(0.,0.70710678118654,0.707106781186555));
#3502=DIRECTION('center_axis',(-1.,0.,2.77555756156289E-15));
#3503=DIRECTION('ref_axis',(2.77555756156289E-15,0.,1.));
#3504=DIRECTION('',(-1.,0.,0.));
#3505=DIRECTION('center_axis',(0.,-1.,0.));
#3506=DIRECTION('ref_axis',(0.,0.,-1.));
#3507=DIRECTION('center_axis',(1.38777878078145E-15,0.,-1.));
#3508=DIRECTION('ref_axis',(-1.,0.,-1.38777878078145E-15));
#3509=DIRECTION('center_axis',(0.,1.,0.));
#3510=DIRECTION('ref_axis',(0.707106781186547,0.,-0.707106781186548));
#3511=DIRECTION('center_axis',(0.,-1.,0.));
#3512=DIRECTION('ref_axis',(0.707106781186547,0.,-0.707106781186548));
#3513=DIRECTION('center_axis',(0.,0.,1.));
#3514=DIRECTION('ref_axis',(-0.707106781186555,0.70710678118654,0.));
#3515=DIRECTION('center_axis',(0.,0.,-1.));
#3516=DIRECTION('ref_axis',(-1.,0.,0.));
#3517=DIRECTION('',(0.,0.,-1.));
#3518=DIRECTION('',(0.,0.,1.));
#3519=DIRECTION('center_axis',(0.,-1.,0.));
#3520=DIRECTION('ref_axis',(0.,0.,-1.));
#3521=DIRECTION('center_axis',(1.,0.,1.38777878078144E-15));
#3522=DIRECTION('ref_axis',(1.38777878078144E-15,0.,-1.));
#3523=DIRECTION('center_axis',(0.,1.,0.));
#3524=DIRECTION('ref_axis',(0.707106781186547,0.,0.707106781186547));
#3525=DIRECTION('center_axis',(-1.,0.,0.));
#3526=DIRECTION('ref_axis',(0.,0.70710678118654,-0.707106781186555));
#3527=DIRECTION('center_axis',(1.,0.,0.));
#3528=DIRECTION('ref_axis',(0.,0.,-1.));
#3529=DIRECTION('',(1.,0.,0.));
#3530=DIRECTION('center_axis',(0.,-1.,0.));
#3531=DIRECTION('ref_axis',(0.,0.,-1.));
#3532=DIRECTION('center_axis',(0.,1.,0.));
#3533=DIRECTION('ref_axis',(-0.707106781186547,0.,0.707106781186548));
#3534=DIRECTION('center_axis',(0.,1.,0.));
#3535=DIRECTION('ref_axis',(-5.55111512312579E-16,0.,-1.));
#3536=DIRECTION('',(0.,1.,0.));
#3537=DIRECTION('center_axis',(0.,-1.,0.));
#3538=DIRECTION('ref_axis',(1.,0.,0.));
#3539=DIRECTION('',(1.,0.,0.));
#3540=DIRECTION('',(0.,0.,1.));
#3541=DIRECTION('',(-1.,0.,0.));
#3542=DIRECTION('',(0.,0.,1.));
#3543=DIRECTION('center_axis',(1.,0.,0.));
#3544=DIRECTION('ref_axis',(0.,0.,-1.));
#3545=DIRECTION('center_axis',(0.,0.,-1.));
#3546=DIRECTION('ref_axis',(-1.,0.,0.));
#3547=DIRECTION('center_axis',(0.,0.,1.));
#3548=DIRECTION('ref_axis',(-1.,0.,0.));
#3549=DIRECTION('center_axis',(0.,-1.,0.));
#3550=DIRECTION('ref_axis',(1.,0.,0.));
#3551=DIRECTION('center_axis',(0.,0.,-1.));
#3552=DIRECTION('ref_axis',(-1.,0.,0.));
#3553=DIRECTION('center_axis',(0.,0.,1.));
#3554=DIRECTION('ref_axis',(1.,0.,0.));
#3555=DIRECTION('',(1.,0.,0.));
#3556=DIRECTION('center_axis',(0.,0.,-1.));
#3557=DIRECTION('ref_axis',(-0.707106781186548,0.707106781186547,0.));
#3558=DIRECTION('',(7.03786386450179E-17,1.,0.));
#3559=DIRECTION('center_axis',(0.,0.,-1.));
#3560=DIRECTION('ref_axis',(-0.707106781186548,-0.707106781186548,0.));
#3561=DIRECTION('',(-1.,0.,0.));
#3562=DIRECTION('center_axis',(0.,0.,-1.));
#3563=DIRECTION('ref_axis',(0.707106781186548,-0.707106781186547,0.));
#3564=DIRECTION('',(-3.51893193225089E-17,-1.,0.));
#3565=DIRECTION('center_axis',(0.,0.,-1.));
#3566=DIRECTION('ref_axis',(0.707106781186548,0.707106781186547,0.));
#3567=DIRECTION('',(-2.08492586784067E-16,1.,0.));
#3568=DIRECTION('center_axis',(0.,0.,-1.));
#3569=DIRECTION('ref_axis',(1.,8.97149918889015E-16,0.));
#3570=DIRECTION('',(-4.16985173568134E-16,-1.,0.));
#3571=DIRECTION('center_axis',(0.,0.,-1.));
#3572=DIRECTION('ref_axis',(-1.,4.48574959444508E-16,0.));
#3573=DIRECTION('center_axis',(0.,0.,-1.));
#3574=DIRECTION('ref_axis',(-1.,0.,0.));
#3575=DIRECTION('',(0.,0.,-1.));
#3576=DIRECTION('center_axis',(0.,0.,1.));
#3577=DIRECTION('ref_axis',(-1.,0.,0.));
#3578=DIRECTION('center_axis',(-1.,0.,0.));
#3579=DIRECTION('ref_axis',(0.,0.707106781186548,0.707106781186548));
#3580=DIRECTION('center_axis',(-1.,0.,0.));
#3581=DIRECTION('ref_axis',(0.,0.,1.));
#3582=DIRECTION('',(-1.,0.,0.));
#3583=DIRECTION('center_axis',(1.,-5.55111512312578E-15,0.));
#3584=DIRECTION('ref_axis',(5.55111512312578E-15,1.,0.));
#3585=DIRECTION('center_axis',(0.,0.,1.));
#3586=DIRECTION('ref_axis',(1.,0.,0.));
#3587=DIRECTION('center_axis',(0.,1.,0.));
#3588=DIRECTION('ref_axis',(-1.,0.,0.));
#3589=DIRECTION('center_axis',(0.,0.,1.));
#3590=DIRECTION('ref_axis',(-0.707106781186548,0.707106781186547,0.));
#3591=DIRECTION('center_axis',(-7.03786386450179E-17,-1.,0.));
#3592=DIRECTION('ref_axis',(-0.707106781186548,0.,0.707106781186548));
#3593=DIRECTION('center_axis',(1.11022302462516E-14,1.,0.));
#3594=DIRECTION('ref_axis',(-1.,1.11022302462516E-14,0.));
#3595=DIRECTION('center_axis',(0.,0.,1.));
#3596=DIRECTION('ref_axis',(1.,0.,0.));
#3597=DIRECTION('center_axis',(-1.,0.,0.));
#3598=DIRECTION('ref_axis',(0.,-1.,0.));
#3599=DIRECTION('center_axis',(0.,0.,1.));
#3600=DIRECTION('ref_axis',(-0.707106781186548,-0.707106781186548,0.));
#3601=DIRECTION('center_axis',(1.,0.,0.));
#3602=DIRECTION('ref_axis',(0.,-0.707106781186548,0.707106781186548));
#3603=DIRECTION('center_axis',(-1.,0.,0.));
#3604=DIRECTION('ref_axis',(0.,-1.,0.));
#3605=DIRECTION('center_axis',(0.,0.,1.));
#3606=DIRECTION('ref_axis',(1.,0.,0.));
#3607=DIRECTION('center_axis',(0.,-1.,0.));
#3608=DIRECTION('ref_axis',(1.,0.,0.));
#3609=DIRECTION('center_axis',(0.,0.,1.));
#3610=DIRECTION('ref_axis',(0.707106781186548,-0.707106781186547,0.));
#3611=DIRECTION('center_axis',(3.51893193225089E-17,1.,0.));
#3612=DIRECTION('ref_axis',(0.707106781186548,0.,0.707106781186548));
#3613=DIRECTION('center_axis',(-1.11022302462516E-14,-1.,0.));
#3614=DIRECTION('ref_axis',(1.,-1.11022302462516E-14,0.));
#3615=DIRECTION('',(3.51893193225089E-17,1.,0.));
#3616=DIRECTION('center_axis',(0.,0.,1.));
#3617=DIRECTION('ref_axis',(1.,0.,0.));
#3618=DIRECTION('center_axis',(0.,0.,1.));
#3619=DIRECTION('ref_axis',(0.707106781186548,0.707106781186547,0.));
#3620=DIRECTION('center_axis',(0.,0.,1.));
#3621=DIRECTION('ref_axis',(-1.,1.4210854715202E-15,0.));
#3622=DIRECTION('center_axis',(0.,0.,-1.));
#3623=DIRECTION('ref_axis',(-0.707106781186548,-0.707106781186548,0.));
#3624=DIRECTION('center_axis',(0.,0.,1.));
#3625=DIRECTION('ref_axis',(-3.5527136788005E-16,1.,0.));
#3626=DIRECTION('',(0.,0.,1.));
#3627=DIRECTION('center_axis',(0.,0.,-1.));
#3628=DIRECTION('ref_axis',(-0.707106781186548,0.707106781186547,0.));
#3629=DIRECTION('center_axis',(0.,1.,0.));
#3630=DIRECTION('ref_axis',(-1.,0.,0.));
#3631=DIRECTION('',(0.,0.,1.));
#3632=DIRECTION('',(1.,0.,0.));
#3633=DIRECTION('center_axis',(-1.,0.,0.));
#3634=DIRECTION('ref_axis',(0.,0.707106781186548,-0.707106781186547));
#3635=DIRECTION('center_axis',(-1.,0.,0.));
#3636=DIRECTION('ref_axis',(0.,1.,0.));
#3637=DIRECTION('',(-1.,0.,0.));
#3638=DIRECTION('center_axis',(1.,-5.55111512312578E-15,0.));
#3639=DIRECTION('ref_axis',(0.,0.,-1.));
#3640=DIRECTION('center_axis',(0.,0.,1.));
#3641=DIRECTION('ref_axis',(1.,0.,0.));
#3642=DIRECTION('center_axis',(0.,1.,0.));
#3643=DIRECTION('ref_axis',(0.,0.,-1.));
#3644=DIRECTION('center_axis',(0.,0.,1.));
#3645=DIRECTION('ref_axis',(-0.707106781186548,0.707106781186547,0.));
#3646=DIRECTION('center_axis',(-7.03786386450179E-17,-1.,0.));
#3647=DIRECTION('ref_axis',(-0.707106781186548,0.,-0.707106781186547));
#3648=DIRECTION('center_axis',(1.11022302462516E-14,1.,0.));
#3649=DIRECTION('ref_axis',(0.,0.,-1.));
#3650=DIRECTION('',(-7.03786386450179E-17,-1.,0.));
#3651=DIRECTION('center_axis',(0.,0.,1.));
#3652=DIRECTION('ref_axis',(1.,0.,0.));
#3653=DIRECTION('center_axis',(-1.,0.,0.));
#3654=DIRECTION('ref_axis',(0.,0.,-1.));
#3655=DIRECTION('center_axis',(0.,0.,1.));
#3656=DIRECTION('ref_axis',(-0.707106781186548,-0.707106781186548,0.));
#3657=DIRECTION('center_axis',(1.,0.,0.));
#3658=DIRECTION('ref_axis',(0.,-0.707106781186548,-0.707106781186547));
#3659=DIRECTION('center_axis',(-1.,0.,0.));
#3660=DIRECTION('ref_axis',(0.,0.,-1.));
#3661=DIRECTION('',(1.,0.,0.));
#3662=DIRECTION('center_axis',(0.,0.,1.));
#3663=DIRECTION('ref_axis',(1.,0.,0.));
#3664=DIRECTION('center_axis',(0.,-1.,0.));
#3665=DIRECTION('ref_axis',(0.,0.,-1.));
#3666=DIRECTION('center_axis',(0.,0.,-1.));
#3667=DIRECTION('ref_axis',(0.707106781186548,-0.707106781186547,0.));
#3668=DIRECTION('center_axis',(0.,0.,1.));
#3669=DIRECTION('ref_axis',(0.707106781186548,-0.707106781186547,0.));
#3670=DIRECTION('center_axis',(3.51893193225089E-17,1.,0.));
#3671=DIRECTION('ref_axis',(0.707106781186548,0.,-0.707106781186547));
#3672=DIRECTION('center_axis',(-1.11022302462516E-14,-1.,0.));
#3673=DIRECTION('ref_axis',(0.,0.,-1.));
#3674=DIRECTION('',(-3.51893193225089E-17,-1.,0.));
#3675=DIRECTION('',(3.51893193225089E-17,1.,0.));
#3676=DIRECTION('center_axis',(0.,0.,1.));
#3677=DIRECTION('ref_axis',(1.,0.,0.));
#3678=DIRECTION('center_axis',(0.,0.,-1.));
#3679=DIRECTION('ref_axis',(0.707106781186548,0.707106781186547,0.));
#3680=DIRECTION('center_axis',(0.,0.,1.));
#3681=DIRECTION('ref_axis',(0.707106781186548,0.707106781186547,0.));
#3682=DIRECTION('center_axis',(0.,0.,1.));
#3683=DIRECTION('ref_axis',(7.105427357601E-16,-1.,0.));
#3684=DIRECTION('',(0.,0.,1.));
#3685=DIRECTION('center_axis',(1.,-3.51893193225089E-17,0.));
#3686=DIRECTION('ref_axis',(3.51893193225089E-17,1.,0.));
#3687=DIRECTION('',(0.,0.,1.));
#3688=DIRECTION('center_axis',(0.,0.,1.));
#3689=DIRECTION('ref_axis',(1.,-1.4210854715202E-15,0.));
#3690=DIRECTION('center_axis',(0.,0.,1.));
#3691=DIRECTION('ref_axis',(1.,0.,0.));
#3692=DIRECTION('',(1.,0.,0.));
#3693=DIRECTION('center_axis',(0.,0.,-1.));
#3694=DIRECTION('ref_axis',(-0.707106781186548,0.707106781186548,0.));
#3695=DIRECTION('',(7.03786386450179E-17,1.,0.));
#3696=DIRECTION('center_axis',(0.,0.,-1.));
#3697=DIRECTION('ref_axis',(-0.707106781186547,-0.707106781186548,0.));
#3698=DIRECTION('',(-1.,0.,0.));
#3699=DIRECTION('center_axis',(0.,0.,-1.));
#3700=DIRECTION('ref_axis',(0.707106781186548,-0.707106781186547,0.));
#3701=DIRECTION('',(-3.51893193225089E-17,-1.,0.));
#3702=DIRECTION('center_axis',(0.,0.,-1.));
#3703=DIRECTION('ref_axis',(0.707106781186548,0.707106781186547,0.));
#3704=DIRECTION('center_axis',(-1.,0.,0.));
#3705=DIRECTION('ref_axis',(0.,-0.707106781186553,-0.707106781186543));
#3706=DIRECTION('center_axis',(-1.,0.,0.));
#3707=DIRECTION('ref_axis',(0.,0.,-1.));
#3708=DIRECTION('',(-1.,0.,0.));
#3709=DIRECTION('center_axis',(1.,8.88178419700128E-15,0.));
#3710=DIRECTION('ref_axis',(8.88178419700128E-15,-1.,0.));
#3711=DIRECTION('center_axis',(0.,0.,1.));
#3712=DIRECTION('ref_axis',(1.,0.,0.));
#3713=DIRECTION('center_axis',(0.,1.,0.));
#3714=DIRECTION('ref_axis',(1.,0.,0.));
#3715=DIRECTION('center_axis',(0.,0.,1.));
#3716=DIRECTION('ref_axis',(-0.707106781186548,0.707106781186548,0.));
#3717=DIRECTION('center_axis',(-7.03786386450179E-17,-1.,0.));
#3718=DIRECTION('ref_axis',(0.707106781186546,0.,-0.707106781186549));
#3719=DIRECTION('center_axis',(-1.77635683940024E-14,1.,0.));
#3720=DIRECTION('ref_axis',(1.,1.77635683940024E-14,0.));
#3721=DIRECTION('',(-7.03786386450179E-17,-1.,0.));
#3722=DIRECTION('center_axis',(0.,0.,1.));
#3723=DIRECTION('ref_axis',(1.,0.,0.));
#3724=DIRECTION('center_axis',(-1.,0.,0.));
#3725=DIRECTION('ref_axis',(0.,1.,0.));
#3726=DIRECTION('center_axis',(0.,0.,1.));
#3727=DIRECTION('ref_axis',(-0.707106781186547,-0.707106781186548,0.));
#3728=DIRECTION('center_axis',(1.,0.,0.));
#3729=DIRECTION('ref_axis',(0.,0.707106781186553,-0.707106781186543));
#3730=DIRECTION('center_axis',(-1.,0.,0.));
#3731=DIRECTION('ref_axis',(0.,1.,0.));
#3732=DIRECTION('center_axis',(0.,0.,1.));
#3733=DIRECTION('ref_axis',(1.,0.,0.));
#3734=DIRECTION('center_axis',(0.,-1.,0.));
#3735=DIRECTION('ref_axis',(-1.,0.,0.));
#3736=DIRECTION('center_axis',(0.,0.,1.));
#3737=DIRECTION('ref_axis',(0.707106781186548,-0.707106781186547,0.));
#3738=DIRECTION('center_axis',(3.51893193225089E-17,1.,0.));
#3739=DIRECTION('ref_axis',(-0.707106781186553,0.,-0.707106781186543));
#3740=DIRECTION('center_axis',(1.77635683940024E-14,-1.,0.));
#3741=DIRECTION('ref_axis',(-1.,-1.77635683940024E-14,0.));
#3742=DIRECTION('',(3.51893193225089E-17,1.,0.));
#3743=DIRECTION('center_axis',(0.,0.,1.));
#3744=DIRECTION('ref_axis',(1.,0.,0.));
#3745=DIRECTION('center_axis',(0.,0.,1.));
#3746=DIRECTION('ref_axis',(0.707106781186548,0.707106781186547,0.));
#3747=DIRECTION('center_axis',(0.,0.,1.));
#3748=DIRECTION('ref_axis',(-1.,1.4210854715202E-15,0.));
#3749=DIRECTION('',(0.,0.,1.));
#3750=DIRECTION('center_axis',(0.,0.,-1.));
#3751=DIRECTION('ref_axis',(-1.,1.4210854715202E-15,0.));
#3752=DIRECTION('center_axis',(-1.,7.03786386450179E-17,0.));
#3753=DIRECTION('ref_axis',(-7.03786386450179E-17,-1.,0.));
#3754=DIRECTION('',(0.,0.,1.));
#3755=DIRECTION('',(7.03786386450179E-17,1.,0.));
#3756=DIRECTION('center_axis',(0.,0.,1.));
#3757=DIRECTION('ref_axis',(-3.5527136788005E-16,1.,0.));
#3758=DIRECTION('',(0.,0.,1.));
#3759=DIRECTION('center_axis',(0.,0.,-1.));
#3760=DIRECTION('ref_axis',(-3.5527136788005E-16,1.,0.));
#3761=DIRECTION('center_axis',(0.,1.,0.));
#3762=DIRECTION('ref_axis',(-1.,0.,0.));
#3763=DIRECTION('',(0.,0.,1.));
#3764=DIRECTION('',(1.,0.,0.));
#3765=DIRECTION('center_axis',(1.,-4.16985173568134E-16,0.));
#3766=DIRECTION('ref_axis',(-4.16985173568134E-16,-1.,0.));
#3767=DIRECTION('',(4.16985173568134E-16,1.,0.));
#3768=DIRECTION('',(0.,0.,-1.));
#3769=DIRECTION('',(0.,0.,-1.));
#3770=DIRECTION('center_axis',(0.,0.,-1.));
#3771=DIRECTION('ref_axis',(1.,8.97149918889015E-16,0.));
#3772=DIRECTION('center_axis',(0.,0.,1.));
#3773=DIRECTION('ref_axis',(1.,8.97149918889015E-16,0.));
#3774=DIRECTION('',(0.,0.,-1.));
#3775=DIRECTION('center_axis',(-1.,-2.08492586784067E-16,0.));
#3776=DIRECTION('ref_axis',(-2.08492586784067E-16,1.,0.));
#3777=DIRECTION('',(2.08492586784067E-16,-1.,0.));
#3778=DIRECTION('',(0.,0.,-1.));
#3779=DIRECTION('center_axis',(0.,0.,-1.));
#3780=DIRECTION('ref_axis',(-1.,4.48574959444508E-16,0.));
#3781=DIRECTION('center_axis',(0.,0.,1.));
#3782=DIRECTION('ref_axis',(-1.,4.48574959444508E-16,0.));
#3783=DIRECTION('center_axis',(0.,0.,1.));
#3784=DIRECTION('ref_axis',(1.,-1.4210854715202E-15,0.));
#3785=DIRECTION('',(0.,0.,1.));
#3786=DIRECTION('center_axis',(0.,0.,-1.));
#3787=DIRECTION('ref_axis',(1.,-1.4210854715202E-15,0.));
#3788=DIRECTION('center_axis',(1.,-3.51893193225089E-17,0.));
#3789=DIRECTION('ref_axis',(3.51893193225089E-17,1.,0.));
#3790=DIRECTION('',(0.,0.,1.));
#3791=DIRECTION('',(-3.51893193225089E-17,-1.,0.));
#3792=DIRECTION('center_axis',(0.,0.,1.));
#3793=DIRECTION('ref_axis',(7.105427357601E-16,-1.,0.));
#3794=DIRECTION('center_axis',(0.,0.,-1.));
#3795=DIRECTION('ref_axis',(7.105427357601E-16,-1.,0.));
#3796=DIRECTION('center_axis',(0.,0.,1.));
#3797=DIRECTION('ref_axis',(1.,0.,0.));
#3798=DIRECTION('center_axis',(-2.08492586784067E-16,-1.,0.));
#3799=DIRECTION('ref_axis',(-0.707106781186548,0.,0.707106781186548));
#3800=DIRECTION('center_axis',(0.,-1.,0.));
#3801=DIRECTION('ref_axis',(0.,0.,1.));
#3802=DIRECTION('',(-2.08492586784067E-16,-1.,0.));
#3803=DIRECTION('center_axis',(0.,1.,0.));
#3804=DIRECTION('ref_axis',(-1.,0.,0.));
#3805=DIRECTION('',(2.08492586784067E-16,1.,0.));
#3806=DIRECTION('center_axis',(0.,0.,1.));
#3807=DIRECTION('ref_axis',(1.,0.,0.));
#3808=DIRECTION('center_axis',(0.,-1.,0.));
#3809=DIRECTION('ref_axis',(1.,0.,0.));
#3810=DIRECTION('center_axis',(0.,0.,-1.));
#3811=DIRECTION('ref_axis',(0.,-1.,0.));
#3812=DIRECTION('center_axis',(0.,0.,1.));
#3813=DIRECTION('ref_axis',(0.,-1.,0.));
#3814=DIRECTION('center_axis',(2.08492586784067E-16,1.,0.));
#3815=DIRECTION('ref_axis',(0.707106781186547,0.,0.707106781186548));
#3816=DIRECTION('center_axis',(0.,-1.,0.));
#3817=DIRECTION('ref_axis',(1.,0.,0.));
#3818=DIRECTION('',(-2.08492586784067E-16,-1.,0.));
#3819=DIRECTION('',(2.08492586784067E-16,1.,0.));
#3820=DIRECTION('center_axis',(0.,0.,1.));
#3821=DIRECTION('ref_axis',(1.,0.,0.));
#3822=DIRECTION('center_axis',(0.,0.,-1.));
#3823=DIRECTION('ref_axis',(0.,1.,0.));
#3824=DIRECTION('center_axis',(0.,0.,1.));
#3825=DIRECTION('ref_axis',(0.,1.,0.));
#3826=DIRECTION('center_axis',(0.,0.,1.));
#3827=DIRECTION('ref_axis',(-1.,0.,0.));
#3828=DIRECTION('',(0.,0.,1.));
#3829=DIRECTION('center_axis',(0.,0.,-1.));
#3830=DIRECTION('ref_axis',(-1.,0.,0.));
#3831=DIRECTION('',(0.,0.,1.));
#3832=DIRECTION('center_axis',(-1.,2.08492586784067E-16,0.));
#3833=DIRECTION('ref_axis',(-2.08492586784067E-16,-1.,0.));
#3834=DIRECTION('',(0.,0.,1.));
#3835=DIRECTION('',(2.08492586784067E-16,1.,0.));
#3836=DIRECTION('center_axis',(0.,0.,1.));
#3837=DIRECTION('ref_axis',(-1.,0.,0.));
#3838=DIRECTION('',(-2.08492586784067E-16,-1.,0.));
#3839=DIRECTION('center_axis',(0.,0.,-1.));
#3840=DIRECTION('ref_axis',(-1.,0.,0.));
#3841=DIRECTION('',(2.08492586784067E-16,1.,0.));
#3842=DIRECTION('center_axis',(0.,0.,-1.));
#3843=DIRECTION('ref_axis',(1.,0.,0.));
#3844=DIRECTION('center_axis',(1.,-2.08492586784067E-16,0.));
#3845=DIRECTION('ref_axis',(2.08492586784067E-16,1.,0.));
#3846=DIRECTION('',(2.08492586784067E-16,1.,0.));
#3847=DIRECTION('',(0.,0.,1.));
#3848=DIRECTION('',(0.,0.,1.));
#3849=DIRECTION('center_axis',(0.,0.,1.));
#3850=DIRECTION('ref_axis',(-1.,0.,0.));
#3851=DIRECTION('center_axis',(0.,0.,1.));
#3852=DIRECTION('ref_axis',(-1.,0.,0.));
#3853=DIRECTION('',(0.,0.,1.));
#3854=DIRECTION('center_axis',(-1.,2.08492586784067E-16,0.));
#3855=DIRECTION('ref_axis',(-2.08492586784067E-16,-1.,0.));
#3856=DIRECTION('',(-2.08492586784067E-16,-1.,0.));
#3857=DIRECTION('',(0.,0.,1.));
#3858=DIRECTION('center_axis',(0.,0.,1.));
#3859=DIRECTION('ref_axis',(1.,0.,0.));
#3860=DIRECTION('center_axis',(0.,0.,1.));
#3861=DIRECTION('ref_axis',(1.,0.,0.));
#3862=DIRECTION('center_axis',(1.,-2.08492586784067E-16,0.));
#3863=DIRECTION('ref_axis',(2.08492586784067E-16,1.,0.));
#3864=DIRECTION('',(-2.08492586784067E-16,-1.,0.));
#3865=DIRECTION('',(0.,0.,1.));
#3866=DIRECTION('center_axis',(0.,0.,1.));
#3867=DIRECTION('ref_axis',(1.,0.,0.));
#3868=DIRECTION('center_axis',(0.,0.,-1.));
#3869=DIRECTION('ref_axis',(1.,0.,0.));
#3870=DIRECTION('center_axis',(0.,0.,1.));
#3871=DIRECTION('ref_axis',(-1.,0.,0.));
#3872=CARTESIAN_POINT('',(0.,0.,0.));
#3873=CARTESIAN_POINT('Origin',(38.1,-2.90000000000002,5.00000007450581));
#3874=CARTESIAN_POINT('',(38.6,-2.90000000000002,6.25000007450581));
#3875=CARTESIAN_POINT('',(38.1,-2.90000000000002,6.75000007450581));
#3876=CARTESIAN_POINT('Origin',(38.1,-2.90000000000002,6.25000007450581));
#3877=CARTESIAN_POINT('',(38.1,-2.90000000000002,3.25000007450581));
#3878=CARTESIAN_POINT('Origin',(38.1,-2.90000000000002,5.00000007450581));
#3879=CARTESIAN_POINT('',(38.6,-2.90000000000002,3.75000007450581));
#3880=CARTESIAN_POINT('Origin',(38.1,-2.90000000000002,3.75000007450581));
#3881=CARTESIAN_POINT('Origin',(38.6,-2.90000000000002,5.00000007450581));
#3882=CARTESIAN_POINT('Origin',(38.1,-0.400000000000017,3.75000007450581));
#3883=CARTESIAN_POINT('',(38.1,7.09999999999998,3.25000007450581));
#3884=CARTESIAN_POINT('',(38.6,7.09999999999998,3.75000007450581));
#3885=CARTESIAN_POINT('Origin',(38.1,7.09999999999998,3.75000007450581));
#3886=CARTESIAN_POINT('',(38.6,-0.400000000000017,3.75000007450581));
#3887=CARTESIAN_POINT('',(38.1,-0.400000000000017,3.25000007450581));
#3888=CARTESIAN_POINT('Origin',(38.1,7.09999999999998,5.00000007450581));
#3889=CARTESIAN_POINT('',(38.1,7.09999999999998,6.75000007450581));
#3890=CARTESIAN_POINT('',(38.6,7.09999999999998,6.25000007450581));
#3891=CARTESIAN_POINT('Origin',(38.1,7.09999999999998,6.25000007450581));
#3892=CARTESIAN_POINT('Origin',(38.6,7.09999999999998,5.00000007450581));
#3893=CARTESIAN_POINT('Origin',(38.1,7.09999999999998,5.00000007450581));
#3894=CARTESIAN_POINT('Origin',(38.1,4.59999999999998,6.25000007450581));
#3895=CARTESIAN_POINT('',(38.6,4.59999999999998,6.25000007450581));
#3896=CARTESIAN_POINT('',(38.1,4.59999999999998,6.75000007450581));
#3897=CARTESIAN_POINT('Origin',(37.6,-2.90000000000002,3.25000007450581));
#3898=CARTESIAN_POINT('',(37.6,-2.90000000000002,3.25000007450581));
#3899=CARTESIAN_POINT('',(37.6,-2.90000000000002,3.25000007450581));
#3900=CARTESIAN_POINT('',(37.6,7.09999999999998,3.25000007450581));
#3901=CARTESIAN_POINT('',(37.6,-33.,3.25000007450581));
#3902=CARTESIAN_POINT('',(37.6,7.09999999999998,3.25000007450581));
#3903=CARTESIAN_POINT('Origin',(37.6,-2.90000000000002,5.00000007450581));
#3904=CARTESIAN_POINT('',(37.6,-2.90000000000002,6.75000007450581));
#3905=CARTESIAN_POINT('',(37.6,-2.90000000000002,6.75000007450581));
#3906=CARTESIAN_POINT('Origin',(37.6,-2.90000000000002,5.00000007450581));
#3907=CARTESIAN_POINT('Origin',(38.6,2.09999999999998,5.00000007450581));
#3908=CARTESIAN_POINT('Origin',(37.6,7.09999999999998,6.75000007450581));
#3909=CARTESIAN_POINT('',(37.6,7.09999999999998,6.75000007450581));
#3910=CARTESIAN_POINT('',(37.6,7.09999999999998,6.75000007450581));
#3911=CARTESIAN_POINT('',(37.6,-28.,6.75000007450581));
#3912=CARTESIAN_POINT('Origin',(37.6,7.09999999999998,5.00000007450581));
#3913=CARTESIAN_POINT('Origin',(37.6,7.09999999999998,5.00000007450581));
#3914=CARTESIAN_POINT('Origin',(38.1,14.1,5.00000007450581));
#3915=CARTESIAN_POINT('',(38.6,14.1,6.25000007450581));
#3916=CARTESIAN_POINT('',(38.1,14.1,6.75000007450581));
#3917=CARTESIAN_POINT('Origin',(38.1,14.1,6.25000007450581));
#3918=CARTESIAN_POINT('',(38.1,14.1,3.25000007450581));
#3919=CARTESIAN_POINT('Origin',(38.1,14.1,5.00000007450581));
#3920=CARTESIAN_POINT('',(38.6,14.1,3.75000007450581));
#3921=CARTESIAN_POINT('Origin',(38.1,14.1,3.75000007450581));
#3922=CARTESIAN_POINT('Origin',(38.6,14.1,5.00000007450581));
#3923=CARTESIAN_POINT('Origin',(38.1,16.6,3.75000007450581));
#3924=CARTESIAN_POINT('',(38.1,24.1,3.25000007450581));
#3925=CARTESIAN_POINT('',(38.6,24.1,3.75000007450581));
#3926=CARTESIAN_POINT('Origin',(38.1,24.1,3.75000007450581));
#3927=CARTESIAN_POINT('',(38.6,16.6,3.75000007450581));
#3928=CARTESIAN_POINT('',(38.1,16.6,3.25000007450581));
#3929=CARTESIAN_POINT('Origin',(38.1,24.1,5.00000007450581));
#3930=CARTESIAN_POINT('',(38.1,24.1,6.75000007450581));
#3931=CARTESIAN_POINT('',(38.6,24.1,6.25000007450581));
#3932=CARTESIAN_POINT('Origin',(38.1,24.1,6.25000007450581));
#3933=CARTESIAN_POINT('Origin',(38.6,24.1,5.00000007450581));
#3934=CARTESIAN_POINT('Origin',(38.1,24.1,5.00000007450581));
#3935=CARTESIAN_POINT('Origin',(38.1,21.6,6.25000007450581));
#3936=CARTESIAN_POINT('',(38.6,21.6,6.25000007450581));
#3937=CARTESIAN_POINT('',(38.1,21.6,6.75000007450581));
#3938=CARTESIAN_POINT('Origin',(37.6,14.1,3.25000007450581));
#3939=CARTESIAN_POINT('',(37.6,14.1,3.25000007450581));
#3940=CARTESIAN_POINT('',(37.6,14.1,3.25000007450581));
#3941=CARTESIAN_POINT('',(37.6,24.1,3.25000007450581));
#3942=CARTESIAN_POINT('',(37.6,-24.5,3.25000007450581));
#3943=CARTESIAN_POINT('',(37.6,24.1,3.25000007450581));
#3944=CARTESIAN_POINT('Origin',(37.6,14.1,5.00000007450581));
#3945=CARTESIAN_POINT('',(37.6,14.1,6.75000007450581));
#3946=CARTESIAN_POINT('',(37.6,14.1,6.75000007450581));
#3947=CARTESIAN_POINT('Origin',(37.6,14.1,5.00000007450581));
#3948=CARTESIAN_POINT('Origin',(38.6,19.1,5.00000007450581));
#3949=CARTESIAN_POINT('Origin',(37.6,24.1,6.75000007450581));
#3950=CARTESIAN_POINT('',(37.6,24.1,6.75000007450581));
#3951=CARTESIAN_POINT('',(37.6,24.1,6.75000007450581));
#3952=CARTESIAN_POINT('',(37.6,-19.5,6.75000007450581));
#3953=CARTESIAN_POINT('Origin',(37.6,24.1,5.00000007450581));
#3954=CARTESIAN_POINT('Origin',(37.6,24.1,5.00000007450581));
#3955=CARTESIAN_POINT('Origin',(38.1,34.1,5.00000007450581));
#3956=CARTESIAN_POINT('',(38.6,34.1,6.25000007450581));
#3957=CARTESIAN_POINT('',(38.1,34.1,6.75000007450581));
#3958=CARTESIAN_POINT('Origin',(38.1,34.1,6.25000007450581));
#3959=CARTESIAN_POINT('',(38.1,34.1,3.25000007450581));
#3960=CARTESIAN_POINT('Origin',(38.1,34.1,5.00000007450581));
#3961=CARTESIAN_POINT('',(38.6,34.1,3.75000007450581));
#3962=CARTESIAN_POINT('Origin',(38.1,34.1,3.75000007450581));
#3963=CARTESIAN_POINT('Origin',(38.6,34.1,5.00000007450581));
#3964=CARTESIAN_POINT('Origin',(38.1,35.6,3.75000007450581));
#3965=CARTESIAN_POINT('',(38.1,40.1,3.25000007450581));
#3966=CARTESIAN_POINT('',(38.6,40.1,3.75000007450581));
#3967=CARTESIAN_POINT('Origin',(38.1,40.1,3.75000007450581));
#3968=CARTESIAN_POINT('',(38.6,35.6,3.75000007450581));
#3969=CARTESIAN_POINT('',(38.1,35.6,3.25000007450581));
#3970=CARTESIAN_POINT('Origin',(38.1,40.1,5.00000007450581));
#3971=CARTESIAN_POINT('',(38.1,40.1,6.75000007450581));
#3972=CARTESIAN_POINT('',(38.6,40.1,6.25000007450581));
#3973=CARTESIAN_POINT('Origin',(38.1,40.1,6.25000007450581));
#3974=CARTESIAN_POINT('Origin',(38.6,40.1,5.00000007450581));
#3975=CARTESIAN_POINT('Origin',(38.1,40.1,5.00000007450581));
#3976=CARTESIAN_POINT('Origin',(38.1,38.6,6.25000007450581));
#3977=CARTESIAN_POINT('',(38.6,38.6,6.25000007450581));
#3978=CARTESIAN_POINT('',(38.1,38.6,6.75000007450581));
#3979=CARTESIAN_POINT('Origin',(37.6,34.1,3.25000007450581));
#3980=CARTESIAN_POINT('',(37.6,34.1,3.25000007450581));
#3981=CARTESIAN_POINT('',(37.6,34.1,3.25000007450581));
#3982=CARTESIAN_POINT('',(37.6,40.1,3.25000007450581));
#3983=CARTESIAN_POINT('',(37.6,-14.5,3.25000007450581));
#3984=CARTESIAN_POINT('',(37.6,40.1,3.25000007450581));
#3985=CARTESIAN_POINT('Origin',(37.6,34.1,5.00000007450581));
#3986=CARTESIAN_POINT('',(37.6,34.1,6.75000007450581));
#3987=CARTESIAN_POINT('',(37.6,34.1,6.75000007450581));
#3988=CARTESIAN_POINT('Origin',(37.6,34.1,5.00000007450581));
#3989=CARTESIAN_POINT('Origin',(38.6,37.1,5.00000007450581));
#3990=CARTESIAN_POINT('Origin',(37.6,40.1,6.75000007450581));
#3991=CARTESIAN_POINT('',(37.6,40.1,6.75000007450581));
#3992=CARTESIAN_POINT('',(37.6,40.1,6.75000007450581));
#3993=CARTESIAN_POINT('',(37.6,-11.5,6.75000007450581));
#3994=CARTESIAN_POINT('Origin',(37.6,40.1,5.00000007450581));
#3995=CARTESIAN_POINT('Origin',(37.6,40.1,5.00000007450581));
#3996=CARTESIAN_POINT('Origin',(-38.1,27.7000002011657,3.50000004470348));
#3997=CARTESIAN_POINT('',(-38.6,32.2000002682209,3.50000004470348));
#3998=CARTESIAN_POINT('',(-38.1,32.2000002682209,3.00000004470348));
#3999=CARTESIAN_POINT('Origin',(-38.1,32.2000002682209,3.50000004470348));
#4000=CARTESIAN_POINT('',(-38.1,14.2,3.00000004470348));
#4001=CARTESIAN_POINT('',(-38.1,27.7000002011657,3.00000004470348));
#4002=CARTESIAN_POINT('',(-38.6,14.2,3.50000004470348));
#4003=CARTESIAN_POINT('Origin',(-38.1,14.2,3.50000004470348));
#4004=CARTESIAN_POINT('',(-38.6,27.7000002011657,3.50000004470348));
#4005=CARTESIAN_POINT('Origin',(-38.1,14.2,5.00000007450581));
#4006=CARTESIAN_POINT('',(-38.1,14.2,7.00000010430813));
#4007=CARTESIAN_POINT('',(-38.6,14.2,6.50000010430813));
#4008=CARTESIAN_POINT('Origin',(-38.1,14.2,6.50000010430813));
#4009=CARTESIAN_POINT('Origin',(-38.6,14.2,5.00000007450581));
#4010=CARTESIAN_POINT('Origin',(-38.1,14.2,5.00000007450581));
#4011=CARTESIAN_POINT('Origin',(-38.1,18.7000000670552,6.50000010430813));
#4012=CARTESIAN_POINT('',(-38.1,32.2000002682209,7.00000010430813));
#4013=CARTESIAN_POINT('',(-38.6,32.2000002682209,6.50000010430813));
#4014=CARTESIAN_POINT('Origin',(-38.1,32.2000002682209,6.50000010430813));
#4015=CARTESIAN_POINT('',(-38.6,18.7000000670552,6.50000010430813));
#4016=CARTESIAN_POINT('',(-38.1,18.7000000670552,7.00000010430813));
#4017=CARTESIAN_POINT('Origin',(-38.1,32.2000002682209,5.00000007450581));
#4018=CARTESIAN_POINT('Origin',(-38.6,32.2000002682209,5.00000007450581));
#4019=CARTESIAN_POINT('Origin',(-38.1,32.2000002682209,5.00000007450581));
#4020=CARTESIAN_POINT('Origin',(-37.6,14.2,5.00000007450581));
#4021=CARTESIAN_POINT('',(-37.6,14.2,3.00000004470348));
#4022=CARTESIAN_POINT('',(-37.6,14.2,3.00000004470348));
#4023=CARTESIAN_POINT('',(-37.6,14.2,7.00000010430813));
#4024=CARTESIAN_POINT('Origin',(-37.6,14.2,5.00000007450581));
#4025=CARTESIAN_POINT('',(-37.6,14.2,7.00000010430813));
#4026=CARTESIAN_POINT('Origin',(-37.6,32.2000002682209,3.00000004470348));
#4027=CARTESIAN_POINT('',(-37.6,32.2000002682209,3.00000004470348));
#4028=CARTESIAN_POINT('',(-37.6,32.2000002682209,3.00000004470348));
#4029=CARTESIAN_POINT('',(-37.6,47.6500001341105,3.00000004470348));
#4030=CARTESIAN_POINT('Origin',(-38.6,23.2000001341105,5.00000007450581));
#4031=CARTESIAN_POINT('Origin',(-37.6,32.2000002682209,5.00000007450581));
#4032=CARTESIAN_POINT('',(-37.6,32.2000002682209,7.00000010430813));
#4033=CARTESIAN_POINT('',(-37.6,32.2000002682209,7.00000010430813));
#4034=CARTESIAN_POINT('Origin',(-37.6,32.2000002682209,5.00000007450581));
#4035=CARTESIAN_POINT('Origin',(-37.6,14.2,7.00000010430813));
#4036=CARTESIAN_POINT('',(-37.6,38.65,7.00000010430813));
#4037=CARTESIAN_POINT('Origin',(-1.55,-75.35,2.75000007450581));
#4038=CARTESIAN_POINT('',(15.,-75.1,3.00000007450581));
#4039=CARTESIAN_POINT('',(15.,-75.6,2.50000007450581));
#4040=CARTESIAN_POINT('',(15.,-75.1,3.00000007450581));
#4041=CARTESIAN_POINT('',(22.,-75.6,2.50000007450581));
#4042=CARTESIAN_POINT('',(-1.55,-75.6,2.50000007450581));
#4043=CARTESIAN_POINT('',(22.,-75.1,3.00000007450581));
#4044=CARTESIAN_POINT('',(22.,-75.6,2.50000007450581));
#4045=CARTESIAN_POINT('',(-1.55,-75.1,3.00000007450581));
#4046=CARTESIAN_POINT('Origin',(15.,-75.35,5.00000007450581));
#4047=CARTESIAN_POINT('',(15.,-75.1,7.00000007450581));
#4048=CARTESIAN_POINT('',(15.,-75.6,7.50000007450581));
#4049=CARTESIAN_POINT('',(15.,-75.1,7.00000007450581));
#4050=CARTESIAN_POINT('Origin',(15.,-75.6,5.00000007450581));
#4051=CARTESIAN_POINT('Origin',(15.,-75.1,5.00000007450581));
#4052=CARTESIAN_POINT('Origin',(-5.05,-75.35,7.25000007450581));
#4053=CARTESIAN_POINT('',(22.,-75.1,7.00000007450581));
#4054=CARTESIAN_POINT('',(22.,-75.6,7.50000007450581));
#4055=CARTESIAN_POINT('',(22.,-75.1,7.00000007450581));
#4056=CARTESIAN_POINT('',(-5.05,-75.6,7.50000007450581));
#4057=CARTESIAN_POINT('',(-5.05,-75.1,7.00000007450581));
#4058=CARTESIAN_POINT('Origin',(22.,-75.35,5.00000007450581));
#4059=CARTESIAN_POINT('Origin',(22.,-75.6,5.00000007450581));
#4060=CARTESIAN_POINT('Origin',(22.,-75.1,5.00000007450581));
#4061=CARTESIAN_POINT('Origin',(15.,-75.6,5.00000007450581));
#4062=CARTESIAN_POINT('',(15.,-74.1,3.00000007450581));
#4063=CARTESIAN_POINT('',(15.,-75.6,3.00000007450581));
#4064=CARTESIAN_POINT('',(15.,-74.1,7.00000007450581));
#4065=CARTESIAN_POINT('Origin',(15.,-74.1,5.00000007450581));
#4066=CARTESIAN_POINT('',(15.,-75.6,7.00000007450581));
#4067=CARTESIAN_POINT('Origin',(22.,-75.6,3.00000007450581));
#4068=CARTESIAN_POINT('',(22.,-74.1,3.00000007450581));
#4069=CARTESIAN_POINT('',(22.,-75.6,3.00000007450581));
#4070=CARTESIAN_POINT('',(-1.55,-74.1,3.00000007450581));
#4071=CARTESIAN_POINT('Origin',(-25.1,-75.6,0.));
#4072=CARTESIAN_POINT('',(-25.1,-75.6,9.5));
#4073=CARTESIAN_POINT('',(25.1,-75.6,9.5));
#4074=CARTESIAN_POINT('',(-12.55,-75.6,9.5));
#4075=CARTESIAN_POINT('',(-25.1,-75.6,0.8));
#4076=CARTESIAN_POINT('',(-25.1,-75.6,0.));
#4077=CARTESIAN_POINT('',(25.1,-75.6,0.8));
#4078=CARTESIAN_POINT('',(-12.55,-75.6,0.8));
#4079=CARTESIAN_POINT('',(25.1,-75.6,0.));
#4080=CARTESIAN_POINT('',(-5.,-75.6,1.25000007450581));
#4081=CARTESIAN_POINT('',(5.,-75.6,1.25000007450581));
#4082=CARTESIAN_POINT('',(-10.05,-75.6,1.25000007450581));
#4083=CARTESIAN_POINT('',(-7.5,-75.6,3.75000007450581));
#4084=CARTESIAN_POINT('Origin',(-5.,-75.6,3.75000007450581));
#4085=CARTESIAN_POINT('',(-7.5,-75.6,6.25000007450581));
#4086=CARTESIAN_POINT('',(-7.5,-75.6,1.8750000372529));
#4087=CARTESIAN_POINT('',(-5.,-75.6,8.75000007450581));
#4088=CARTESIAN_POINT('Origin',(-5.,-75.6,6.25000007450581));
#4089=CARTESIAN_POINT('',(5.,-75.6,8.75000007450581));
#4090=CARTESIAN_POINT('',(-15.05,-75.6,8.75000007450581));
#4091=CARTESIAN_POINT('',(7.5,-75.6,6.25000007450581));
#4092=CARTESIAN_POINT('Origin',(5.,-75.6,6.25000007450581));
#4093=CARTESIAN_POINT('',(7.5,-75.6,3.75000007450581));
#4094=CARTESIAN_POINT('',(7.5,-75.6,3.1250000372529));
#4095=CARTESIAN_POINT('Origin',(5.,-75.6,3.75000007450581));
#4096=CARTESIAN_POINT('',(-19.9,-75.6,2.50000007450581));
#4097=CARTESIAN_POINT('',(-14.9,-75.6,2.50000007450581));
#4098=CARTESIAN_POINT('',(-20.,-75.6,2.50000007450581));
#4099=CARTESIAN_POINT('',(-19.9,-75.6,7.5000000745058));
#4100=CARTESIAN_POINT('Origin',(-19.9,-75.6,5.00000007450581));
#4101=CARTESIAN_POINT('',(-14.9,-75.6,7.50000007450581));
#4102=CARTESIAN_POINT('',(-22.5,-75.6,7.50000007450581));
#4103=CARTESIAN_POINT('Origin',(-14.9,-75.6,5.00000007450581));
#4104=CARTESIAN_POINT('Origin',(15.,-75.6,7.00000007450581));
#4105=CARTESIAN_POINT('',(22.,-74.1,7.00000007450581));
#4106=CARTESIAN_POINT('',(-5.05,-74.1,7.00000007450581));
#4107=CARTESIAN_POINT('',(22.,-75.6,7.00000007450581));
#4108=CARTESIAN_POINT('Origin',(22.,-75.6,5.00000007450581));
#4109=CARTESIAN_POINT('Origin',(22.,-74.1,5.00000007450581));
#4110=CARTESIAN_POINT('Origin',(-7.5,-74.8928932188135,2.81250005587935));
#4111=CARTESIAN_POINT('',(-7.14644660940673,-75.2464466094067,3.75000007450581));
#4112=CARTESIAN_POINT('',(-7.,-74.8928932188135,3.75000007450581));
#4113=CARTESIAN_POINT('Origin',(-7.5,-74.8928932188135,3.75000007450581));
#4114=CARTESIAN_POINT('',(-7.,-74.8928932188135,6.25000007450581));
#4115=CARTESIAN_POINT('',(-7.,-74.8928932188135,2.81250005587935));
#4116=CARTESIAN_POINT('',(-7.14644660940673,-75.2464466094067,6.25000007450581));
#4117=CARTESIAN_POINT('Origin',(-7.5,-74.8928932188135,6.25000007450581));
#4118=CARTESIAN_POINT('',(-7.14644660940673,-75.2464466094067,2.81250005587935));
#4119=CARTESIAN_POINT('Origin',(-5.,-74.8928932188135,6.25000007450581));
#4120=CARTESIAN_POINT('',(-5.,-74.8928932188135,8.25000007450581));
#4121=CARTESIAN_POINT('Origin',(-5.,-74.8928932188135,6.25000007450581));
#4122=CARTESIAN_POINT('',(-5.,-75.2464466094067,8.39644668391253));
#4123=CARTESIAN_POINT('Origin',(-5.,-74.8928932188135,8.75000007450581));
#4124=CARTESIAN_POINT('Origin',(-5.,-75.2464466094067,6.25000007450581));
#4125=CARTESIAN_POINT('Origin',(-10.025,-74.8928932188135,8.75000007450581));
#4126=CARTESIAN_POINT('',(5.,-74.8928932188135,8.25000007450581));
#4127=CARTESIAN_POINT('',(-10.025,-74.8928932188135,8.25000007450581));
#4128=CARTESIAN_POINT('',(5.,-75.2464466094067,8.39644668391254));
#4129=CARTESIAN_POINT('Origin',(5.,-74.8928932188135,8.75000007450581));
#4130=CARTESIAN_POINT('',(-10.025,-75.2464466094067,8.39644668391253));
#4131=CARTESIAN_POINT('Origin',(5.,-74.8928932188135,6.25000007450581));
#4132=CARTESIAN_POINT('',(7.,-74.8928932188135,6.25000007450581));
#4133=CARTESIAN_POINT('Origin',(5.,-74.8928932188135,6.25000007450581));
#4134=CARTESIAN_POINT('',(7.14644660940673,-75.2464466094067,6.25000007450581));
#4135=CARTESIAN_POINT('Origin',(7.5,-74.8928932188135,6.25000007450581));
#4136=CARTESIAN_POINT('Origin',(5.,-75.2464466094067,6.25000007450581));
#4137=CARTESIAN_POINT('Origin',(7.5,-74.8928932188135,4.68750005587935));
#4138=CARTESIAN_POINT('',(7.,-74.8928932188135,3.75000007450581));
#4139=CARTESIAN_POINT('',(7.,-74.8928932188135,4.68750005587935));
#4140=CARTESIAN_POINT('',(7.14644660940673,-75.2464466094067,3.75000007450581));
#4141=CARTESIAN_POINT('Origin',(7.5,-74.8928932188135,3.75000007450581));
#4142=CARTESIAN_POINT('',(7.14644660940673,-75.2464466094067,4.68750005587935));
#4143=CARTESIAN_POINT('Origin',(5.,-74.8928932188135,3.75000007450581));
#4144=CARTESIAN_POINT('',(5.,-74.8928932188135,1.75000007450581));
#4145=CARTESIAN_POINT('Origin',(5.,-74.8928932188135,3.75000007450581));
#4146=CARTESIAN_POINT('',(5.,-75.2464466094067,1.60355346509908));
#4147=CARTESIAN_POINT('Origin',(5.,-74.8928932188135,1.25000007450581));
#4148=CARTESIAN_POINT('Origin',(5.,-75.2464466094067,3.7500000745058));
#4149=CARTESIAN_POINT('Origin',(-2.525,-74.8928932188135,1.25000007450581));
#4150=CARTESIAN_POINT('',(-5.,-74.8928932188135,1.75000007450581));
#4151=CARTESIAN_POINT('',(-2.525,-74.8928932188135,1.75000007450581));
#4152=CARTESIAN_POINT('',(-5.,-75.2464466094067,1.60355346509907));
#4153=CARTESIAN_POINT('Origin',(-5.,-74.8928932188135,1.25000007450581));
#4154=CARTESIAN_POINT('',(-2.525,-75.2464466094067,1.60355346509908));
#4155=CARTESIAN_POINT('Origin',(-5.,-74.8928932188135,3.75000007450581));
#4156=CARTESIAN_POINT('Origin',(-5.,-74.8928932188135,3.75000007450581));
#4157=CARTESIAN_POINT('Origin',(-5.,-75.2464466094067,3.75000007450581));
#4158=CARTESIAN_POINT('Origin',(5.,-75.35,3.75000007450581));
#4159=CARTESIAN_POINT('',(5.,-75.6,1.25000007450581));
#4160=CARTESIAN_POINT('',(7.,-75.1,3.75000007450581));
#4161=CARTESIAN_POINT('Origin',(-10.05,-75.35,1.50000007450581));
#4162=CARTESIAN_POINT('',(-5.,-75.1,1.75000007450581));
#4163=CARTESIAN_POINT('Origin',(-5.,-75.35,3.75000007450581));
#4164=CARTESIAN_POINT('',(-7.,-75.1,3.75000007450581));
#4165=CARTESIAN_POINT('Origin',(-7.25,-75.35,1.8750000372529));
#4166=CARTESIAN_POINT('',(-7.,-75.1,6.25000007450581));
#4167=CARTESIAN_POINT('Origin',(5.,-75.6,6.25000007450581));
#4168=CARTESIAN_POINT('',(5.,-74.5,8.25000007450581));
#4169=CARTESIAN_POINT('',(5.,-75.6,8.25000007450581));
#4170=CARTESIAN_POINT('',(7.,-74.5,6.25000007450581));
#4171=CARTESIAN_POINT('Origin',(5.,-74.5,6.25000007450581));
#4172=CARTESIAN_POINT('',(7.,-75.6,6.25000007450581));
#4173=CARTESIAN_POINT('Origin',(-5.,-75.6,8.25000007450581));
#4174=CARTESIAN_POINT('',(-5.,-74.5,8.25000007450581));
#4175=CARTESIAN_POINT('',(-5.,-75.6,8.25000007450581));
#4176=CARTESIAN_POINT('',(-15.05,-74.5,8.25000007450581));
#4177=CARTESIAN_POINT('Origin',(-5.,-75.6,6.25000007450581));
#4178=CARTESIAN_POINT('',(-7.,-74.5,6.25000007450581));
#4179=CARTESIAN_POINT('',(-7.,-75.6,6.25000007450581));
#4180=CARTESIAN_POINT('Origin',(-5.,-74.5,6.25000007450581));
#4181=CARTESIAN_POINT('Origin',(-7.,-75.6,3.75000007450581));
#4182=CARTESIAN_POINT('',(-7.,-74.5,3.75000007450581));
#4183=CARTESIAN_POINT('',(-7.,-75.6,3.75000007450581));
#4184=CARTESIAN_POINT('',(-7.,-74.5,1.8750000372529));
#4185=CARTESIAN_POINT('Origin',(-5.,-75.35,6.25000007450581));
#4186=CARTESIAN_POINT('',(-5.,-75.1,8.25000007450581));
#4187=CARTESIAN_POINT('Origin',(-15.05,-75.35,8.50000007450581));
#4188=CARTESIAN_POINT('',(5.,-75.1,8.25000007450581));
#4189=CARTESIAN_POINT('Origin',(5.,-75.35,6.25000007450581));
#4190=CARTESIAN_POINT('',(7.,-75.1,6.25000007450581));
#4191=CARTESIAN_POINT('Origin',(7.25,-75.35,3.1250000372529));
#4192=CARTESIAN_POINT('Origin',(-5.,-75.6,3.75000007450581));
#4193=CARTESIAN_POINT('',(-5.,-74.5,1.75000007450581));
#4194=CARTESIAN_POINT('',(-5.,-75.6,1.75000007450581));
#4195=CARTESIAN_POINT('Origin',(-5.,-74.5,3.75000007450581));
#4196=CARTESIAN_POINT('Origin',(5.,-75.6,1.75000007450581));
#4197=CARTESIAN_POINT('',(5.,-74.5,1.75000007450581));
#4198=CARTESIAN_POINT('',(5.,-75.6,1.75000007450581));
#4199=CARTESIAN_POINT('',(-10.05,-74.5,1.75000007450581));
#4200=CARTESIAN_POINT('Origin',(-20.,-75.35,2.75000007450581));
#4201=CARTESIAN_POINT('',(-19.9,-75.1,3.00000007450581));
#4202=CARTESIAN_POINT('',(-19.9,-75.1,3.00000007450581));
#4203=CARTESIAN_POINT('',(-14.9,-75.1,3.00000007450581));
#4204=CARTESIAN_POINT('',(-14.9,-75.6,2.50000007450581));
#4205=CARTESIAN_POINT('',(-20.,-75.1,3.00000007450581));
#4206=CARTESIAN_POINT('Origin',(-19.9,-75.35,5.00000007450581));
#4207=CARTESIAN_POINT('',(-19.9,-75.1,7.00000007450581));
#4208=CARTESIAN_POINT('',(-19.9,-75.1,7.00000007450581));
#4209=CARTESIAN_POINT('Origin',(-19.9,-75.1,5.00000007450581));
#4210=CARTESIAN_POINT('Origin',(-22.5,-75.35,7.25000007450581));
#4211=CARTESIAN_POINT('',(-14.9,-75.1,7.00000007450581));
#4212=CARTESIAN_POINT('',(-14.9,-75.1,7.00000007450581));
#4213=CARTESIAN_POINT('',(-22.5,-75.1,7.00000007450581));
#4214=CARTESIAN_POINT('Origin',(-14.9,-75.35,5.00000007450581));
#4215=CARTESIAN_POINT('Origin',(-14.9,-75.1,5.00000007450581));
#4216=CARTESIAN_POINT('Origin',(-19.9,-75.6,5.00000007450581));
#4217=CARTESIAN_POINT('',(-19.9,-74.1,3.00000007450581));
#4218=CARTESIAN_POINT('',(-19.9,-75.6,3.00000007450581));
#4219=CARTESIAN_POINT('',(-19.9,-74.1,7.00000007450581));
#4220=CARTESIAN_POINT('Origin',(-19.9,-74.1,5.00000007450581));
#4221=CARTESIAN_POINT('',(-19.9,-75.6,7.00000007450581));
#4222=CARTESIAN_POINT('Origin',(-14.9,-75.6,3.00000007450581));
#4223=CARTESIAN_POINT('',(-14.9,-74.1,3.00000007450581));
#4224=CARTESIAN_POINT('',(-14.9,-75.6,3.00000007450581));
#4225=CARTESIAN_POINT('',(-20.,-74.1,3.00000007450581));
#4226=CARTESIAN_POINT('Origin',(-19.9,-75.6,7.00000007450581));
#4227=CARTESIAN_POINT('',(-14.9,-74.1,7.00000007450581));
#4228=CARTESIAN_POINT('',(-22.5,-74.1,7.00000007450581));
#4229=CARTESIAN_POINT('',(-14.9,-75.6,7.00000007450581));
#4230=CARTESIAN_POINT('Origin',(-14.9,-75.6,5.00000007450581));
#4231=CARTESIAN_POINT('Origin',(-14.9,-74.1,5.00000007450581));
#4232=CARTESIAN_POINT('Origin',(-37.1,29.9,8.05));
#4233=CARTESIAN_POINT('',(-36.6,-20.3,7.55));
#4234=CARTESIAN_POINT('',(-37.6,-20.3,8.55));
#4235=CARTESIAN_POINT('',(-36.6,-20.3,7.55));
#4236=CARTESIAN_POINT('',(-37.6,-3.3,8.55));
#4237=CARTESIAN_POINT('',(-37.6,29.9,8.54999999999999));
#4238=CARTESIAN_POINT('',(-36.6,-3.3,7.55));
#4239=CARTESIAN_POINT('',(-37.6,-3.3,8.55));
#4240=CARTESIAN_POINT('',(-36.6,29.9,7.54999999999999));
#4241=CARTESIAN_POINT('Origin',(-37.1,-20.3,6.05));
#4242=CARTESIAN_POINT('',(-36.6,-21.8,6.05));
#4243=CARTESIAN_POINT('',(-37.6,-22.8,6.05));
#4244=CARTESIAN_POINT('',(-36.6,-21.8,6.05));
#4245=CARTESIAN_POINT('Origin',(-37.6,-20.3,6.05));
#4246=CARTESIAN_POINT('Origin',(-36.6,-20.3,6.05));
#4247=CARTESIAN_POINT('Origin',(-37.1,-22.3,3.02499999999989));
#4248=CARTESIAN_POINT('',(-36.6,-21.8,4.25));
#4249=CARTESIAN_POINT('',(-37.6,-22.8,4.25));
#4250=CARTESIAN_POINT('',(-36.6,-21.8,4.25));
#4251=CARTESIAN_POINT('',(-37.6,-22.8,3.02499999999989));
#4252=CARTESIAN_POINT('',(-36.6,-21.8,3.02499999999989));
#4253=CARTESIAN_POINT('Origin',(-37.1,-20.3,4.25));
#4254=CARTESIAN_POINT('',(-36.6,-20.3,2.75));
#4255=CARTESIAN_POINT('',(-37.6,-20.3,1.75));
#4256=CARTESIAN_POINT('',(-36.6,-20.3,2.75));
#4257=CARTESIAN_POINT('Origin',(-37.6,-20.3,4.25));
#4258=CARTESIAN_POINT('Origin',(-36.6,-20.3,4.25));
#4259=CARTESIAN_POINT('Origin',(-37.1,21.4,2.25));
#4260=CARTESIAN_POINT('',(-36.6,-3.3,2.75));
#4261=CARTESIAN_POINT('',(-37.6,-3.3,1.75));
#4262=CARTESIAN_POINT('',(-36.6,-3.3,2.75));
#4263=CARTESIAN_POINT('',(-37.6,21.4,1.75));
#4264=CARTESIAN_POINT('',(-36.6,21.4,2.75));
#4265=CARTESIAN_POINT('Origin',(-37.1,-3.3,4.25));
#4266=CARTESIAN_POINT('',(-36.6,-1.8,4.25));
#4267=CARTESIAN_POINT('',(-37.6,-0.799999999999997,4.25));
#4268=CARTESIAN_POINT('',(-36.6,-1.8,4.25));
#4269=CARTESIAN_POINT('Origin',(-37.6,-3.3,4.25));
#4270=CARTESIAN_POINT('Origin',(-36.6,-3.3,4.25));
#4271=CARTESIAN_POINT('Origin',(-37.1,-1.3,2.125));
#4272=CARTESIAN_POINT('',(-36.6,-1.8,6.05));
#4273=CARTESIAN_POINT('',(-37.6,-0.799999999999996,6.05));
#4274=CARTESIAN_POINT('',(-36.6,-1.8,6.05));
#4275=CARTESIAN_POINT('',(-37.6,-0.799999999999996,2.125));
#4276=CARTESIAN_POINT('',(-36.6,-1.8,2.125));
#4277=CARTESIAN_POINT('Origin',(-37.1,-3.3,6.05));
#4278=CARTESIAN_POINT('Origin',(-37.6,-3.3,6.05));
#4279=CARTESIAN_POINT('Origin',(-36.6,-3.3,6.05));
#4280=CARTESIAN_POINT('Origin',(-37.6,-20.3,4.25));
#4281=CARTESIAN_POINT('',(-36.1,-21.8,4.25));
#4282=CARTESIAN_POINT('',(-37.6,-21.8,4.25));
#4283=CARTESIAN_POINT('',(-36.1,-20.3,2.75));
#4284=CARTESIAN_POINT('Origin',(-36.1,-20.3,4.25));
#4285=CARTESIAN_POINT('',(-37.6,-20.3,2.75));
#4286=CARTESIAN_POINT('Origin',(-37.6,-21.8,6.05));
#4287=CARTESIAN_POINT('',(-36.1,-21.8,6.05));
#4288=CARTESIAN_POINT('',(-37.6,-21.8,6.05));
#4289=CARTESIAN_POINT('',(-36.1,-21.8,3.02499999999989));
#4290=CARTESIAN_POINT('Origin',(-37.6,-20.3,6.05));
#4291=CARTESIAN_POINT('',(-36.1,-20.3,7.55));
#4292=CARTESIAN_POINT('',(-37.6,-20.3,7.55));
#4293=CARTESIAN_POINT('Origin',(-36.1,-20.3,6.05));
#4294=CARTESIAN_POINT('Origin',(-37.6,-3.3,7.55));
#4295=CARTESIAN_POINT('',(-36.1,-3.3,7.55));
#4296=CARTESIAN_POINT('',(-37.6,-3.3,7.55));
#4297=CARTESIAN_POINT('',(-36.1,29.9,7.54999999999999));
#4298=CARTESIAN_POINT('Origin',(-37.6,63.1,0.));
#4299=CARTESIAN_POINT('',(-37.6,63.1,9.5));
#4300=CARTESIAN_POINT('',(-37.6,-63.1,9.5));
#4301=CARTESIAN_POINT('',(-37.6,31.55,9.5));
#4302=CARTESIAN_POINT('',(-37.6,63.1,0.8));
#4303=CARTESIAN_POINT('',(-37.6,63.1,0.));
#4304=CARTESIAN_POINT('',(-37.6,-63.1,0.8));
#4305=CARTESIAN_POINT('',(-37.6,31.55,0.8));
#4306=CARTESIAN_POINT('',(-37.6,-63.1,0.));
#4307=CARTESIAN_POINT('Origin',(-37.6,-20.3,2.75));
#4308=CARTESIAN_POINT('',(-36.1,-3.3,2.75));
#4309=CARTESIAN_POINT('',(-36.1,21.4,2.75));
#4310=CARTESIAN_POINT('',(-37.6,-3.3,2.75));
#4311=CARTESIAN_POINT('Origin',(-37.6,-3.3,6.05));
#4312=CARTESIAN_POINT('',(-36.1,-1.8,6.05));
#4313=CARTESIAN_POINT('',(-37.6,-1.8,6.05));
#4314=CARTESIAN_POINT('Origin',(-36.1,-3.3,6.05));
#4315=CARTESIAN_POINT('Origin',(-37.6,-1.8,4.25));
#4316=CARTESIAN_POINT('',(-36.1,-1.8,4.25));
#4317=CARTESIAN_POINT('',(-37.6,-1.8,4.25));
#4318=CARTESIAN_POINT('',(-36.1,-1.8,2.125));
#4319=CARTESIAN_POINT('Origin',(-37.6,-3.3,4.25));
#4320=CARTESIAN_POINT('Origin',(-36.1,-3.3,4.25));
#4321=CARTESIAN_POINT('Origin',(-7.4,-74.5,1.8750000372529));
#4322=CARTESIAN_POINT('',(-7.4,-74.1,6.25000007450581));
#4323=CARTESIAN_POINT('Origin',(-7.4,-74.5,6.25000007450581));
#4324=CARTESIAN_POINT('',(-7.4,-74.1,3.75000007450581));
#4325=CARTESIAN_POINT('Origin',(-7.4,-74.5,3.75000007450581));
#4326=CARTESIAN_POINT('',(-7.4,-74.1,1.8750000372529));
#4327=CARTESIAN_POINT('Origin',(-5.,-74.5,3.75000007450581));
#4328=CARTESIAN_POINT('',(-5.,-74.1,1.35000007450581));
#4329=CARTESIAN_POINT('Origin',(-5.,-74.5,1.35000007450581));
#4330=CARTESIAN_POINT('Origin',(-5.,-74.1,3.75000007450581));
#4331=CARTESIAN_POINT('Origin',(-10.05,-74.5,1.35000007450581));
#4332=CARTESIAN_POINT('',(5.,-74.1,1.35000007450581));
#4333=CARTESIAN_POINT('Origin',(5.,-74.5,1.35000007450581));
#4334=CARTESIAN_POINT('',(-10.05,-74.1,1.35000007450581));
#4335=CARTESIAN_POINT('Origin',(5.,-74.5,3.75000007450581));
#4336=CARTESIAN_POINT('',(7.,-74.5,3.75000007450581));
#4337=CARTESIAN_POINT('',(7.4,-74.1,3.75000007450581));
#4338=CARTESIAN_POINT('Origin',(7.4,-74.5,3.75000007450581));
#4339=CARTESIAN_POINT('Origin',(5.,-74.1,3.75000007450581));
#4340=CARTESIAN_POINT('Origin',(5.,-74.5,3.75000007450581));
#4341=CARTESIAN_POINT('Origin',(7.4,-74.5,3.1250000372529));
#4342=CARTESIAN_POINT('',(7.4,-74.1,6.25000007450581));
#4343=CARTESIAN_POINT('Origin',(7.4,-74.5,6.25000007450581));
#4344=CARTESIAN_POINT('',(7.4,-74.1,3.1250000372529));
#4345=CARTESIAN_POINT('',(7.,-74.5,3.1250000372529));
#4346=CARTESIAN_POINT('Origin',(5.,-74.5,6.25000007450581));
#4347=CARTESIAN_POINT('',(5.,-74.1,8.65000007450581));
#4348=CARTESIAN_POINT('Origin',(5.,-74.5,8.65000007450581));
#4349=CARTESIAN_POINT('Origin',(5.,-74.1,6.25000007450581));
#4350=CARTESIAN_POINT('Origin',(-15.05,-74.5,8.65000007450581));
#4351=CARTESIAN_POINT('',(-5.,-74.1,8.65000007450581));
#4352=CARTESIAN_POINT('Origin',(-5.,-74.5,8.65000007450581));
#4353=CARTESIAN_POINT('',(-15.05,-74.1,8.65000007450581));
#4354=CARTESIAN_POINT('Origin',(-5.,-74.5,6.25000007450581));
#4355=CARTESIAN_POINT('Origin',(-5.,-74.1,6.25000007450581));
#4356=CARTESIAN_POINT('Origin',(5.,-75.6,3.75000007450581));
#4357=CARTESIAN_POINT('',(7.,-75.6,3.75000007450581));
#4358=CARTESIAN_POINT('Origin',(-25.1,-74.1,0.));
#4359=CARTESIAN_POINT('',(-25.1,-74.1,0.5));
#4360=CARTESIAN_POINT('',(25.1,-74.1,0.5));
#4361=CARTESIAN_POINT('',(-12.55,-74.1,0.5));
#4362=CARTESIAN_POINT('',(-25.1,-74.1,8.8));
#4363=CARTESIAN_POINT('',(-25.1,-74.1,0.));
#4364=CARTESIAN_POINT('',(25.1,-74.1,8.8));
#4365=CARTESIAN_POINT('',(-12.55,-74.1,8.8));
#4366=CARTESIAN_POINT('',(25.1,-74.1,0.));
#4367=CARTESIAN_POINT('Origin',(7.,-75.6,6.25000007450581));
#4368=CARTESIAN_POINT('Origin',(-4.49999999999999,52.05,10.));
#4369=CARTESIAN_POINT('',(-0.749999999999989,52.05,10.3));
#4370=CARTESIAN_POINT('Origin',(-4.49999999999999,52.05,10.3));
#4371=CARTESIAN_POINT('',(-1.04999999999999,52.05,10.));
#4372=CARTESIAN_POINT('Origin',(-0.749999999999989,52.05,10.));
#4373=CARTESIAN_POINT('Origin',(-4.49999999999999,52.05,10.));
#4374=CARTESIAN_POINT('Origin',(0.,0.,10.3));
#4375=CARTESIAN_POINT('',(-25.1,74.8,10.3));
#4376=CARTESIAN_POINT('',(25.1,74.8,10.3));
#4377=CARTESIAN_POINT('',(12.55,74.8,10.3));
#4378=CARTESIAN_POINT('',(-36.8,63.1,10.3));
#4379=CARTESIAN_POINT('Origin',(-25.1,63.1,10.3));
#4380=CARTESIAN_POINT('',(-36.8,-63.1,10.3));
#4381=CARTESIAN_POINT('',(-36.8,31.55,10.3));
#4382=CARTESIAN_POINT('',(-25.1,-74.8,10.3));
#4383=CARTESIAN_POINT('Origin',(-25.1,-63.1,10.3));
#4384=CARTESIAN_POINT('',(25.1,-74.8,10.3));
#4385=CARTESIAN_POINT('',(-12.55,-74.8,10.3));
#4386=CARTESIAN_POINT('',(36.8,-63.1,10.3));
#4387=CARTESIAN_POINT('Origin',(25.1,-63.1,10.3));
#4388=CARTESIAN_POINT('',(36.8,63.1,10.3));
#4389=CARTESIAN_POINT('',(36.8,-31.55,10.3));
#4390=CARTESIAN_POINT('Origin',(25.1,63.1,10.3));
#4391=CARTESIAN_POINT('',(-30.1,36.9,10.3));
#4392=CARTESIAN_POINT('',(-30.1,58.2,10.3));
#4393=CARTESIAN_POINT('',(-30.1,18.45,10.3));
#4394=CARTESIAN_POINT('',(-10.3,58.2,10.3));
#4395=CARTESIAN_POINT('Origin',(-20.2,58.2,10.3));
#4396=CARTESIAN_POINT('',(-10.3,36.9,10.3));
#4397=CARTESIAN_POINT('',(-10.3,29.1,10.3));
#4398=CARTESIAN_POINT('Origin',(-20.2,36.9,10.3));
#4399=CARTESIAN_POINT('Origin',(-4.49999999999999,52.05,10.3));
#4400=CARTESIAN_POINT('',(-1.04999999999999,52.05,8.8));
#4401=CARTESIAN_POINT('',(-1.04999999999999,52.05,10.3));
#4402=CARTESIAN_POINT('Origin',(-4.49999999999999,52.05,8.8));
#4403=CARTESIAN_POINT('Origin',(12.55,74.8,9.5));
#4404=CARTESIAN_POINT('',(25.1,75.6,9.5));
#4405=CARTESIAN_POINT('Origin',(25.1,74.8,9.5));
#4406=CARTESIAN_POINT('',(-25.1,75.6,9.5));
#4407=CARTESIAN_POINT('',(12.55,75.6,9.5));
#4408=CARTESIAN_POINT('Origin',(-25.1,74.8,9.5));
#4409=CARTESIAN_POINT('Origin',(-25.1,63.1,9.5));
#4410=CARTESIAN_POINT('Origin',(-36.8,63.1,9.5));
#4411=CARTESIAN_POINT('Origin',(-25.1,63.1,9.5));
#4412=CARTESIAN_POINT('Origin',(-36.8,31.55,9.5));
#4413=CARTESIAN_POINT('Origin',(-36.8,-63.1,9.5));
#4414=CARTESIAN_POINT('Origin',(-25.1,-63.1,9.5));
#4415=CARTESIAN_POINT('Origin',(-25.1,-74.8,9.5));
#4416=CARTESIAN_POINT('Origin',(-25.1,-63.1,9.5));
#4417=CARTESIAN_POINT('Origin',(-12.55,-74.8,9.5));
#4418=CARTESIAN_POINT('Origin',(25.1,-74.8,9.5));
#4419=CARTESIAN_POINT('Origin',(25.1,-63.1,9.5));
#4420=CARTESIAN_POINT('',(37.6,-63.1,9.5));
#4421=CARTESIAN_POINT('Origin',(36.8,-63.1,9.5));
#4422=CARTESIAN_POINT('Origin',(25.1,-63.1,9.5));
#4423=CARTESIAN_POINT('Origin',(36.8,-31.55,9.5));
#4424=CARTESIAN_POINT('',(37.6,63.1,9.5));
#4425=CARTESIAN_POINT('Origin',(36.8,63.1,9.5));
#4426=CARTESIAN_POINT('',(37.6,-31.55,9.5));
#4427=CARTESIAN_POINT('Origin',(25.1,63.1,9.5));
#4428=CARTESIAN_POINT('Origin',(25.1,63.1,9.5));
#4429=CARTESIAN_POINT('Origin',(-25.1,-63.1,0.));
#4430=CARTESIAN_POINT('Origin',(-25.1,-63.1,0.8));
#4431=CARTESIAN_POINT('Origin',(-25.1,63.1,0.));
#4432=CARTESIAN_POINT('',(-25.1,75.6,0.8));
#4433=CARTESIAN_POINT('',(-25.1,75.6,0.));
#4434=CARTESIAN_POINT('Origin',(-25.1,63.1,0.8));
#4435=CARTESIAN_POINT('Origin',(25.1,75.6,0.));
#4436=CARTESIAN_POINT('',(25.1,75.6,0.8));
#4437=CARTESIAN_POINT('',(25.1,75.6,0.));
#4438=CARTESIAN_POINT('',(12.55,75.6,0.8));
#4439=CARTESIAN_POINT('Origin',(12.55,74.8,0.8));
#4440=CARTESIAN_POINT('',(25.1,74.8,0.));
#4441=CARTESIAN_POINT('Origin',(25.1,74.8,0.8));
#4442=CARTESIAN_POINT('',(-25.1,74.8,0.));
#4443=CARTESIAN_POINT('',(12.55,74.8,0.));
#4444=CARTESIAN_POINT('Origin',(-25.1,74.8,0.8));
#4445=CARTESIAN_POINT('Origin',(-25.1,63.1,0.8));
#4446=CARTESIAN_POINT('',(-36.8,63.1,0.));
#4447=CARTESIAN_POINT('Origin',(-36.8,63.1,0.8));
#4448=CARTESIAN_POINT('Origin',(-25.1,63.1,0.));
#4449=CARTESIAN_POINT('Origin',(-36.8,31.55,0.8));
#4450=CARTESIAN_POINT('',(-36.8,-63.1,0.));
#4451=CARTESIAN_POINT('Origin',(-36.8,-63.1,0.8));
#4452=CARTESIAN_POINT('',(-36.8,31.55,0.));
#4453=CARTESIAN_POINT('Origin',(-25.1,-63.1,0.8));
#4454=CARTESIAN_POINT('',(-25.1,-74.8,0.));
#4455=CARTESIAN_POINT('Origin',(-25.1,-74.8,0.8));
#4456=CARTESIAN_POINT('Origin',(-25.1,-63.1,0.));
#4457=CARTESIAN_POINT('Origin',(-12.55,-74.8,0.8));
#4458=CARTESIAN_POINT('',(25.1,-74.8,0.));
#4459=CARTESIAN_POINT('Origin',(25.1,-74.8,0.8));
#4460=CARTESIAN_POINT('',(-12.55,-74.8,0.));
#4461=CARTESIAN_POINT('Origin',(25.1,-63.1,0.8));
#4462=CARTESIAN_POINT('',(36.8,-63.1,0.));
#4463=CARTESIAN_POINT('',(37.6,-63.1,0.8));
#4464=CARTESIAN_POINT('Origin',(36.8,-63.1,0.8));
#4465=CARTESIAN_POINT('Origin',(25.1,-63.1,0.8));
#4466=CARTESIAN_POINT('Origin',(25.1,-63.1,0.));
#4467=CARTESIAN_POINT('Origin',(36.8,-31.55,0.8));
#4468=CARTESIAN_POINT('',(36.8,63.1,0.));
#4469=CARTESIAN_POINT('',(37.6,63.1,0.8));
#4470=CARTESIAN_POINT('Origin',(36.8,63.1,0.8));
#4471=CARTESIAN_POINT('',(37.6,-31.55,0.8));
#4472=CARTESIAN_POINT('',(36.8,-31.55,0.));
#4473=CARTESIAN_POINT('Origin',(25.1,63.1,0.8));
#4474=CARTESIAN_POINT('Origin',(25.1,63.1,0.8));
#4475=CARTESIAN_POINT('Origin',(25.1,63.1,0.));
#4476=CARTESIAN_POINT('Origin',(25.1,-63.1,0.));
#4477=CARTESIAN_POINT('',(37.6,-63.1,0.));
#4478=CARTESIAN_POINT('Origin',(37.6,-63.1,0.));
#4479=CARTESIAN_POINT('',(37.6,63.1,0.));
#4480=CARTESIAN_POINT('Origin',(25.1,63.1,0.));
#4481=CARTESIAN_POINT('Origin',(0.,0.,0.));
#4482=CARTESIAN_POINT('',(-25.1,74.6,0.));
#4483=CARTESIAN_POINT('',(25.1,74.6,0.));
#4484=CARTESIAN_POINT('',(12.55,74.6,0.));
#4485=CARTESIAN_POINT('',(-36.6,63.1,0.));
#4486=CARTESIAN_POINT('Origin',(-25.1,63.1,0.));
#4487=CARTESIAN_POINT('',(-36.6,-63.1,0.));
#4488=CARTESIAN_POINT('',(-36.6,31.55,0.));
#4489=CARTESIAN_POINT('',(-25.1,-74.6,0.));
#4490=CARTESIAN_POINT('Origin',(-25.1,-63.1,0.));
#4491=CARTESIAN_POINT('',(25.1,-74.6,0.));
#4492=CARTESIAN_POINT('',(-12.55,-74.6,0.));
#4493=CARTESIAN_POINT('',(36.6,-63.1,0.));
#4494=CARTESIAN_POINT('Origin',(25.1,-63.1,0.));
#4495=CARTESIAN_POINT('',(36.6,63.1,0.));
#4496=CARTESIAN_POINT('',(36.6,-31.55,0.));
#4497=CARTESIAN_POINT('Origin',(25.1,63.1,0.));
#4498=CARTESIAN_POINT('Origin',(12.55,74.6,0.5));
#4499=CARTESIAN_POINT('',(25.1,74.1,0.5));
#4500=CARTESIAN_POINT('Origin',(25.1,74.6,0.5));
#4501=CARTESIAN_POINT('',(-25.1,74.1,0.5));
#4502=CARTESIAN_POINT('',(12.55,74.1,0.5));
#4503=CARTESIAN_POINT('Origin',(-25.1,74.6,0.5));
#4504=CARTESIAN_POINT('Origin',(-25.1,63.1,0.5));
#4505=CARTESIAN_POINT('',(-36.1,63.1,0.5));
#4506=CARTESIAN_POINT('Origin',(-36.6,63.1,0.5));
#4507=CARTESIAN_POINT('Origin',(-25.1,63.1,0.5));
#4508=CARTESIAN_POINT('Origin',(-36.6,31.55,0.5));
#4509=CARTESIAN_POINT('',(-36.1,-63.1,0.5));
#4510=CARTESIAN_POINT('Origin',(-36.6,-63.1,0.5));
#4511=CARTESIAN_POINT('',(-36.1,31.55,0.5));
#4512=CARTESIAN_POINT('Origin',(-25.1,-63.1,0.5));
#4513=CARTESIAN_POINT('Origin',(-25.1,-74.6,0.5));
#4514=CARTESIAN_POINT('Origin',(-25.1,-63.1,0.5));
#4515=CARTESIAN_POINT('Origin',(-12.55,-74.6,0.5));
#4516=CARTESIAN_POINT('Origin',(25.1,-74.6,0.5));
#4517=CARTESIAN_POINT('Origin',(25.1,-63.1,0.5));
#4518=CARTESIAN_POINT('',(36.1,-63.1,0.5));
#4519=CARTESIAN_POINT('Origin',(36.6,-63.1,0.5));
#4520=CARTESIAN_POINT('Origin',(25.1,-63.1,0.5));
#4521=CARTESIAN_POINT('Origin',(36.6,-31.55,0.5));
#4522=CARTESIAN_POINT('',(36.1,63.1,0.5));
#4523=CARTESIAN_POINT('Origin',(36.6,63.1,0.5));
#4524=CARTESIAN_POINT('',(36.1,-31.55,0.5));
#4525=CARTESIAN_POINT('Origin',(25.1,63.1,0.5));
#4526=CARTESIAN_POINT('Origin',(25.1,63.1,0.5));
#4527=CARTESIAN_POINT('Origin',(-25.1,-63.1,0.));
#4528=CARTESIAN_POINT('',(-36.1,-63.1,8.8));
#4529=CARTESIAN_POINT('',(-36.1,-63.1,0.));
#4530=CARTESIAN_POINT('Origin',(-25.1,-63.1,8.8));
#4531=CARTESIAN_POINT('Origin',(-36.1,63.1,0.));
#4532=CARTESIAN_POINT('',(-36.1,63.1,8.8));
#4533=CARTESIAN_POINT('',(-36.1,63.1,0.));
#4534=CARTESIAN_POINT('',(-36.1,31.55,8.8));
#4535=CARTESIAN_POINT('Origin',(-25.1,63.1,0.));
#4536=CARTESIAN_POINT('',(-25.1,74.1,8.8));
#4537=CARTESIAN_POINT('',(-25.1,74.1,0.));
#4538=CARTESIAN_POINT('Origin',(-25.1,63.1,8.8));
#4539=CARTESIAN_POINT('Origin',(25.1,74.1,0.));
#4540=CARTESIAN_POINT('',(25.1,74.1,8.8));
#4541=CARTESIAN_POINT('',(25.1,74.1,0.));
#4542=CARTESIAN_POINT('',(12.55,74.1,8.8));
#4543=CARTESIAN_POINT('Origin',(-10.3,58.2,10.3));
#4544=CARTESIAN_POINT('',(-10.3,36.9,8.8));
#4545=CARTESIAN_POINT('',(-10.3,58.2,8.8));
#4546=CARTESIAN_POINT('',(-10.3,29.1,8.8));
#4547=CARTESIAN_POINT('',(-10.3,36.9,10.3));
#4548=CARTESIAN_POINT('',(-10.3,58.2,10.3));
#4549=CARTESIAN_POINT('Origin',(-20.2,58.2,10.3));
#4550=CARTESIAN_POINT('',(-30.1,58.2,8.8));
#4551=CARTESIAN_POINT('Origin',(-20.2,58.2,8.8));
#4552=CARTESIAN_POINT('',(-30.1,58.2,10.3));
#4553=CARTESIAN_POINT('Origin',(-30.1,36.9,10.3));
#4554=CARTESIAN_POINT('',(-30.1,36.9,8.8));
#4555=CARTESIAN_POINT('',(-30.1,18.45,8.8));
#4556=CARTESIAN_POINT('',(-30.1,36.9,10.3));
#4557=CARTESIAN_POINT('Origin',(-20.2,36.9,10.3));
#4558=CARTESIAN_POINT('Origin',(-20.2,36.9,8.8));
#4559=CARTESIAN_POINT('Origin',(25.1,63.1,0.));
#4560=CARTESIAN_POINT('',(36.1,63.1,8.8));
#4561=CARTESIAN_POINT('',(36.1,63.1,0.));
#4562=CARTESIAN_POINT('Origin',(25.1,63.1,8.8));
#4563=CARTESIAN_POINT('Origin',(36.1,-63.1,0.));
#4564=CARTESIAN_POINT('',(36.1,-63.1,8.8));
#4565=CARTESIAN_POINT('',(36.1,-63.1,0.));
#4566=CARTESIAN_POINT('',(36.1,-31.55,8.8));
#4567=CARTESIAN_POINT('Origin',(25.1,-63.1,0.));
#4568=CARTESIAN_POINT('Origin',(25.1,-63.1,8.8));
#4569=CARTESIAN_POINT('Origin',(0.,0.,8.8));
#4570=CARTESIAN_POINT('Origin',(-30.8,52.875,10.7));
#4571=CARTESIAN_POINT('',(-30.8,58.2,11.5));
#4572=CARTESIAN_POINT('',(-31.6,58.2,10.7));
#4573=CARTESIAN_POINT('Origin',(-30.8,58.2,10.7));
#4574=CARTESIAN_POINT('',(-31.6,36.9,10.7));
#4575=CARTESIAN_POINT('',(-31.6,52.875,10.7));
#4576=CARTESIAN_POINT('',(-30.8,36.9,11.5));
#4577=CARTESIAN_POINT('Origin',(-30.8,36.9,10.7));
#4578=CARTESIAN_POINT('',(-30.8,52.875,11.5));
#4579=CARTESIAN_POINT('Origin',(-20.2,36.9,10.7));
#4580=CARTESIAN_POINT('',(-8.79999999999999,36.9,10.7));
#4581=CARTESIAN_POINT('',(-9.59999999999999,36.9,11.5));
#4582=CARTESIAN_POINT('Origin',(-9.59999999999999,36.9,10.7));
#4583=CARTESIAN_POINT('Origin',(-20.2,36.9,11.5));
#4584=CARTESIAN_POINT('Origin',(-20.2,36.9,10.7));
#4585=CARTESIAN_POINT('Origin',(-9.59999999999999,42.225,10.7));
#4586=CARTESIAN_POINT('',(-8.79999999999998,58.2,10.7));
#4587=CARTESIAN_POINT('',(-9.59999999999998,58.2,11.5));
#4588=CARTESIAN_POINT('Origin',(-9.59999999999998,58.2,10.7));
#4589=CARTESIAN_POINT('',(-9.59999999999999,42.225,11.5));
#4590=CARTESIAN_POINT('',(-8.79999999999999,42.225,10.7));
#4591=CARTESIAN_POINT('Origin',(-20.2,58.2,10.7));
#4592=CARTESIAN_POINT('Origin',(-20.2,58.2,11.5));
#4593=CARTESIAN_POINT('Origin',(-20.2,58.2,10.7));
#4594=CARTESIAN_POINT('Origin',(-20.2,36.9,10.3));
#4595=CARTESIAN_POINT('',(-31.6,36.9,10.3));
#4596=CARTESIAN_POINT('',(-31.6,36.9,10.3));
#4597=CARTESIAN_POINT('',(-8.79999999999999,36.9,10.3));
#4598=CARTESIAN_POINT('Origin',(-20.2,36.9,10.3));
#4599=CARTESIAN_POINT('',(-8.79999999999999,36.9,10.3));
#4600=CARTESIAN_POINT('Origin',(-31.6,58.2,10.3));
#4601=CARTESIAN_POINT('',(-31.6,58.2,10.3));
#4602=CARTESIAN_POINT('',(-31.6,58.2,10.3));
#4603=CARTESIAN_POINT('',(-31.6,52.875,10.3));
#4604=CARTESIAN_POINT('Origin',(-20.2,47.55,11.5));
#4605=CARTESIAN_POINT('',(-10.3,58.2,11.5));
#4606=CARTESIAN_POINT('',(-10.3,36.9,11.5));
#4607=CARTESIAN_POINT('',(-10.3,36.9,11.5));
#4608=CARTESIAN_POINT('',(-30.1,36.9,11.5));
#4609=CARTESIAN_POINT('Origin',(-20.2,36.9,11.5));
#4610=CARTESIAN_POINT('',(-30.1,58.2,11.5));
#4611=CARTESIAN_POINT('',(-30.1,58.2,11.5));
#4612=CARTESIAN_POINT('Origin',(-20.2,58.2,11.5));
#4613=CARTESIAN_POINT('Origin',(-10.3,36.9,10.3));
#4614=CARTESIAN_POINT('',(-10.3,36.9,10.3));
#4615=CARTESIAN_POINT('',(-10.3,58.2,10.3));
#4616=CARTESIAN_POINT('',(-10.3,36.9,10.3));
#4617=CARTESIAN_POINT('',(-10.3,36.9,10.3));
#4618=CARTESIAN_POINT('',(-10.3,58.2,10.3));
#4619=CARTESIAN_POINT('Origin',(-20.2,36.9,10.3));
#4620=CARTESIAN_POINT('',(-30.1,36.9,10.3));
#4621=CARTESIAN_POINT('Origin',(-20.2,36.9,10.3));
#4622=CARTESIAN_POINT('',(-30.1,36.9,10.3));
#4623=CARTESIAN_POINT('Origin',(-30.1,58.2,10.3));
#4624=CARTESIAN_POINT('',(-30.1,58.2,10.3));
#4625=CARTESIAN_POINT('',(-30.1,58.2,10.3));
#4626=CARTESIAN_POINT('',(-30.1,58.2,10.3));
#4627=CARTESIAN_POINT('Origin',(-20.2,58.2,10.3));
#4628=CARTESIAN_POINT('Origin',(-20.2,58.2,10.3));
#4629=CARTESIAN_POINT('Origin',(-8.79999999999999,36.9,10.3));
#4630=CARTESIAN_POINT('',(-8.79999999999999,58.2,10.3));
#4631=CARTESIAN_POINT('',(-8.79999999999999,42.225,10.3));
#4632=CARTESIAN_POINT('',(-8.79999999999998,58.2,10.3));
#4633=CARTESIAN_POINT('Origin',(-20.2,58.2,10.3));
#4634=CARTESIAN_POINT('Origin',(-20.2,58.2,10.3));
#4635=CARTESIAN_POINT('Origin',(-20.2,47.55,10.3));
#4636=UNCERTAINTY_MEASURE_WITH_UNIT(LENGTH_MEASURE(0.01),#4640,
'DISTANCE_ACCURACY_VALUE',
'Maximum model space distance between geometric entities at asserted c
onnectivities');
#4637=UNCERTAINTY_MEASURE_WITH_UNIT(LENGTH_MEASURE(0.01),#4640,
'DISTANCE_ACCURACY_VALUE',
'Maximum model space distance between geometric entities at asserted c
onnectivities');
#4638=(
GEOMETRIC_REPRESENTATION_CONTEXT(3)
GLOBAL_UNCERTAINTY_ASSIGNED_CONTEXT((#4636))
GLOBAL_UNIT_ASSIGNED_CONTEXT((#4640,#4642,#4643))
REPRESENTATION_CONTEXT('','3D')
);
#4639=(
GEOMETRIC_REPRESENTATION_CONTEXT(3)
GLOBAL_UNCERTAINTY_ASSIGNED_CONTEXT((#4637))
GLOBAL_UNIT_ASSIGNED_CONTEXT((#4640,#4642,#4643))
REPRESENTATION_CONTEXT('','3D')
);
#4640=(
LENGTH_UNIT()
NAMED_UNIT(*)
SI_UNIT(.MILLI.,.METRE.)
);
#4641=(
LENGTH_UNIT()
NAMED_UNIT(*)
SI_UNIT($,.METRE.)
);
#4642=(
NAMED_UNIT(*)
PLANE_ANGLE_UNIT()
SI_UNIT($,.RADIAN.)
);
#4643=(
NAMED_UNIT(*)
SI_UNIT($,.STERADIAN.)
SOLID_ANGLE_UNIT()
);
#4644=SHAPE_DEFINITION_REPRESENTATION(#4645,#4646);
#4645=PRODUCT_DEFINITION_SHAPE('',$,#4648);
#4646=SHAPE_REPRESENTATION('',(#2655),#4638);
#4647=PRODUCT_DEFINITION_CONTEXT('part definition',#4652,'design');
#4648=PRODUCT_DEFINITION('2026-09-29-19-07-58-699','Iphone 16 Case',#4649,
#4647);
#4649=PRODUCT_DEFINITION_FORMATION('',$,#4654);
#4650=PRODUCT_RELATED_PRODUCT_CATEGORY('Iphone 16 Case',
'Iphone 16 Case',(#4654));
#4651=APPLICATION_PROTOCOL_DEFINITION('international standard',
'automotive_design',2009,#4652);
#4652=APPLICATION_CONTEXT(
'Core Data for Automotive Mechanical Design Process');
#4653=PRODUCT_CONTEXT('part definition',#4652,'mechanical');
#4654=PRODUCT('2026-09-29-19-07-58-699','Iphone 16 Case',$,(#4653));
#4655=PRESENTATION_STYLE_ASSIGNMENT((#4656));
#4656=SURFACE_STYLE_USAGE(.BOTH.,#4657);
#4657=SURFACE_SIDE_STYLE('',(#4658));
#4658=SURFACE_STYLE_FILL_AREA(#4659);
#4659=FILL_AREA_STYLE('Steel - Satin',(#4660));
#4660=FILL_AREA_STYLE_COLOUR('Steel - Satin',#4661);
#4661=COLOUR_RGB('Steel - Satin',0.627450980392157,0.627450980392157,0.627450980392157);
ENDSEC;
END-ISO-10303-21;
