ISO-10303-21;
HEADER;
/* Generated by software containing ST-Developer
 * from STEP Tools, Inc. (www.steptools.com) 
 */

FILE_DESCRIPTION(
/* description */ (''),
/* implementation_level */ '2;1');

FILE_NAME(
/* name */ 'simple-footwear.step',
/* time_stamp */ '2026-10-03T23:13:41+04:00',
/* author */ (''),
/* organization */ (''),
/* preprocessor_version */ 'ST-DEVELOPER v20.2',
/* originating_system */ 'Autodesk Translation Framework v15.15.0.0',
/* authorisation */ '');

FILE_SCHEMA (('AP203_CONFIGURATION_CONTROLLED_3D_DESIGN_OF_MECHANICAL_PARTS_AND_ASSEMBLIES_MIM_LF { 1 0 10303 203 3 1 4 }',
'AUTOMOTIVE_DESIGN { 1 0 10303 214 3 1 1 }','FEATURE_BASED_PROCESS_PLANNING',
'AP242_MANAGED_MODEL_BASED_3D_ENGINEERING_MIM_LF { 1 0 10303 442 3 1 4 }'));
ENDSEC;

DATA;
#10=MECHANICAL_DESIGN_GEOMETRIC_PRESENTATION_REPRESENTATION('',(#13),#5528);
#11=SHAPE_REPRESENTATION_RELATIONSHIP('SRR','None',#5535,#12);
#12=ADVANCED_BREP_SHAPE_REPRESENTATION('',(#14),#5527);
#13=STYLED_ITEM('',(#5544),#14);
#14=MANIFOLD_SOLID_BREP('Body3',#148);
#15=PLANE('',#162);
#16=PLANE('',#163);
#17=LINE('',#2388,#21);
#18=LINE('',#2401,#22);
#19=LINE('',#2459,#23);
#20=LINE('',#2503,#24);
#21=VECTOR('',#166,10.);
#22=VECTOR('',#167,10.);
#23=VECTOR('',#168,10.);
#24=VECTOR('',#169,10.);
#25=FACE_OUTER_BOUND('',#34,.T.);
#26=FACE_OUTER_BOUND('',#35,.T.);
#27=FACE_OUTER_BOUND('',#36,.T.);
#28=FACE_OUTER_BOUND('',#37,.T.);
#29=FACE_OUTER_BOUND('',#38,.T.);
#30=FACE_OUTER_BOUND('',#39,.T.);
#31=FACE_OUTER_BOUND('',#40,.T.);
#32=FACE_OUTER_BOUND('',#41,.T.);
#33=FACE_OUTER_BOUND('',#42,.T.);
#34=EDGE_LOOP('',(#92,#93,#94,#95,#96));
#35=EDGE_LOOP('',(#97,#98,#99,#100));
#36=EDGE_LOOP('',(#101,#102,#103,#104));
#37=EDGE_LOOP('',(#105,#106,#107,#108,#109));
#38=EDGE_LOOP('',(#110,#111,#112,#113,#114,#115,#116,#117));
#39=EDGE_LOOP('',(#118,#119));
#40=EDGE_LOOP('',(#120,#121,#122,#123,#124,#125,#126));
#41=EDGE_LOOP('',(#127));
#42=EDGE_LOOP('',(#128,#129,#130,#131));
#43=B_SPLINE_CURVE_WITH_KNOTS('',3,(#1913,#1914,#1915,#1916,#1917,#1918,
#1919,#1920,#1921,#1922,#1923,#1924,#1925,#1926,#1927,#1928,#1929,#1930,
#1931,#1932,#1933,#1934,#1935,#1936,#1937,#1938,#1939,#1940,#1941,#1942,
#1943),.UNSPECIFIED.,.F.,.F.,(4,1,2,1,1,1,1,1,1,1,1,1,1,1,1,1,1,1,1,1,1,
1,1,1,1,1,1,4),(-1.02802859852441,-1.02149750722772,-1.,-0.996875,-0.99375,
-0.9921875,-0.9875,-0.975,-0.95,-0.9125,-0.9,-0.85,-0.8,-0.775,-0.7,-0.6,
-0.55,-0.53125,-0.5,-0.45,-0.4,-0.325,-0.3,-0.25,-0.2,-0.15,-0.05,0.),
 .UNSPECIFIED.);
#44=B_SPLINE_CURVE_WITH_KNOTS('',3,(#1945,#1946,#1947,#1948,#1949,#1950,
#1951,#1952,#1953,#1954,#1955,#1956,#1957,#1958,#1959,#1960,#1961,#1962,
#1963,#1964,#1965,#1966,#1967,#1968,#1969,#1970,#1971,#1972,#1973,#1974,
#1975),.UNSPECIFIED.,.F.,.F.,(4,3,3,3,3,3,3,3,3,3,4),(167.284523586448,
167.84230338684,169.747206621542,171.160338183836,172.575105666923,173.221846022657,
173.91465189018,174.612589261625,175.274998814423,176.397992714944,176.819408116184),
 .UNSPECIFIED.);
#45=B_SPLINE_CURVE_WITH_KNOTS('',3,(#1977,#1978,#1979,#1980),
 .UNSPECIFIED.,.F.,.F.,(4,4),(1.,1.0109159925754),.UNSPECIFIED.);
#46=B_SPLINE_CURVE_WITH_KNOTS('',3,(#1982,#1983,#1984,#1985,#1986,#1987,
#1988,#1989,#1990,#1991,#1992,#1993,#1994,#1995,#1996,#1997,#1998,#1999,
#2000,#2001,#2002,#2003,#2004,#2005,#2006,#2007,#2008,#2009,#2010,#2011,
#2012,#2013,#2014,#2015,#2016,#2017,#2018,#2019,#2020,#2021,#2022,#2023,
#2024,#2025,#2026,#2027,#2028,#2029,#2030,#2031,#2032,#2033,#2034,#2035,
#2036,#2037,#2038,#2039,#2040,#2041,#2042,#2043,#2044,#2045,#2046,#2047,
#2048,#2049,#2050,#2051,#2052,#2053,#2054,#2055,#2056,#2057,#2058,#2059,
#2060,#2061,#2062,#2063,#2064,#2065,#2066,#2067,#2068,#2069,#2070,#2071,
#2072,#2073,#2074,#2075,#2076,#2077,#2078,#2079,#2080,#2081,#2082,#2083,
#2084,#2085,#2086,#2087,#2088,#2089,#2090,#2091,#2092,#2093,#2094,#2095,
#2096,#2097,#2098,#2099,#2100,#2101,#2102,#2103,#2104,#2105,#2106,#2107,
#2108,#2109,#2110,#2111,#2112,#2113,#2114,#2115,#2116,#2117,#2118,#2119,
#2120,#2121,#2122,#2123,#2124,#2125,#2126,#2127,#2128,#2129,#2130,#2131,
#2132,#2133,#2134,#2135,#2136,#2137,#2138,#2139,#2140,#2141,#2142,#2143,
#2144,#2145,#2146,#2147,#2148,#2149,#2150,#2151,#2152,#2153,#2154,#2155,
#2156,#2157,#2158,#2159,#2160,#2161,#2162,#2163,#2164,#2165,#2166,#2167,
#2168,#2169,#2170,#2171,#2172,#2173,#2174,#2175,#2176,#2177,#2178,#2179,
#2180,#2181,#2182,#2183,#2184,#2185,#2186,#2187,#2188,#2189,#2190,#2191,
#2192,#2193,#2194,#2195,#2196,#2197,#2198,#2199,#2200,#2201,#2202,#2203,
#2204,#2205,#2206,#2207,#2208,#2209,#2210,#2211,#2212,#2213,#2214,#2215,
#2216,#2217,#2218,#2219,#2220,#2221,#2222,#2223,#2224,#2225,#2226,#2227,
#2228,#2229,#2230,#2231,#2232,#2233,#2234,#2235,#2236,#2237,#2238,#2239,
#2240,#2241,#2242,#2243,#2244,#2245,#2246,#2247,#2248,#2249,#2250,#2251,
#2252,#2253,#2254,#2255,#2256,#2257,#2258,#2259,#2260,#2261,#2262,#2263,
#2264,#2265,#2266,#2267,#2268,#2269,#2270,#2271,#2272,#2273,#2274,#2275,
#2276,#2277,#2278,#2279,#2280,#2281,#2282,#2283,#2284,#2285,#2286,#2287,
#2288,#2289,#2290,#2291,#2292,#2293,#2294,#2295,#2296,#2297,#2298,#2299,
#2300,#2301,#2302,#2303,#2304,#2305,#2306,#2307,#2308,#2309,#2310,#2311,
#2312,#2313,#2314,#2315,#2316,#2317,#2318,#2319,#2320,#2321,#2322,#2323,
#2324,#2325,#2326,#2327,#2328,#2329,#2330,#2331,#2332,#2333,#2334,#2335,
#2336,#2337,#2338,#2339),.UNSPECIFIED.,.F.,.F.,(4,3,3,3,3,3,3,3,3,3,3,3,
3,3,3,3,3,3,3,3,3,3,3,3,3,3,3,3,3,3,3,3,3,3,3,3,3,3,3,3,3,3,3,3,3,3,3,3,
3,3,3,3,3,3,3,3,3,3,3,3,3,3,3,3,3,3,3,3,3,3,3,3,3,3,3,3,3,3,3,3,3,3,3,3,
3,3,3,3,3,3,3,3,3,3,3,3,3,3,3,3,3,3,3,3,3,3,3,3,3,3,3,3,3,3,3,3,3,3,3,4),
(0.,0.00482550236357543,0.00982360381132317,0.0150153535103067,0.0204199110652978,
0.0260544357608967,0.0319345179030831,0.0380752254253468,0.0444923205238878,
0.0512048785633615,0.0582381248869025,0.065804833755783,0.073766796967107,
0.0821578648916007,0.091004723927321,0.100309354929901,0.110012143812033,
0.119972153569078,0.129997617429876,0.139917713440035,0.149651131928652,
0.159220581955284,0.168618351943898,0.177849981938064,0.186940717778399,
0.195906202075598,0.204667557969629,0.213252031697156,0.221680558689792,
0.229968964374064,0.23800352892536,0.246007426461109,0.254097345204454,
0.262270666880095,0.270523414421079,0.278849913075214,0.287179441366781,
0.295610808140543,0.304186716795637,0.312915380169261,0.321811172627278,
0.330902857747406,0.340256342973887,0.349868095051851,0.360102475835233,
0.37104424265983,0.383320513850956,0.397989255413999,0.410252965093931,
0.420890637374317,0.430740542115893,0.439987263098557,0.44881136180191,
0.457423684273755,0.465901439206978,0.474246729219369,0.482461624075316,
0.49054816119914,0.498666174474249,0.506856210233818,0.515119494320881,
0.523435824860792,0.53188983653632,0.540545195222153,0.549422947175458,
0.55854985949349,0.567964954483677,0.577712185543282,0.587754587248274,
0.598141664563544,0.608949047346679,0.620281463858793,0.632935869022712,
0.647091558489959,0.662073113885651,0.675259676678634,0.687255019977941,
0.698492823635305,0.70922416037463,0.719657946254505,0.729847919802591,
0.739915340702882,0.749974215351206,0.760018896097262,0.769756474388362,
0.778786143696643,0.787025380828964,0.794607883839099,0.801677502331859,
0.808390447585284,0.814841580616542,0.82104365488172,0.827056662261193,
0.832928465198893,0.838698261093207,0.844398405773843,0.850055115067538,
0.855686794917952,0.86130355889297,0.866917315562902,0.872534283572226,
0.878160527508233,0.883804842787689,0.889480532941713,0.895205906011606,
0.901003893630686,0.907191150278768,0.913302283588577,0.919587097635415,
0.926078682039762,0.932810460100321,0.939814370339662,0.947337574047204,
0.955131790092006,0.963241290135602,0.97166029664517,0.980518883012411,
0.9896279465879,0.999079641903698,1.),.UNSPECIFIED.);
#47=B_SPLINE_CURVE_WITH_KNOTS('',3,(#2340,#2341,#2342,#2343,#2344,#2345),
 .UNSPECIFIED.,.F.,.F.,(4,1,1,4),(0.,0.0933592407572406,0.140038861135861,
0.16338981494789),.UNSPECIFIED.);
#48=B_SPLINE_CURVE_WITH_KNOTS('',3,(#2390,#2391,#2392,#2393,#2394,#2395,
#2396,#2397,#2398,#2399),.UNSPECIFIED.,.F.,.F.,(4,1,1,1,1,1,1,4),(0.47882614656848,
0.50463133403217,0.530436521495859,0.556241708959549,0.582046896423239,
0.607852083886928,0.633657271350618,0.659462458814307),.UNSPECIFIED.);
#49=B_SPLINE_CURVE_WITH_KNOTS('',3,(#2402,#2403,#2404,#2405,#2406,#2407,
#2408,#2409,#2410,#2411),.UNSPECIFIED.,.F.,.F.,(4,1,1,1,1,1,1,4),(0.47882614656848,
0.50463133403217,0.530436521495859,0.556241708959549,0.582046896423239,
0.607852083886928,0.633657271350618,0.659462458814307),.UNSPECIFIED.);
#50=B_SPLINE_CURVE_WITH_KNOTS('',3,(#2449,#2450,#2451,#2452,#2453,#2454,
#2455,#2456,#2457),.UNSPECIFIED.,.F.,.F.,(4,1,1,1,1,1,4),(0.326757342650342,
0.34848145749579,0.391929687186687,0.413653802032135,0.435377916877584,
0.457102031723032,0.47882614656848),.UNSPECIFIED.);
#51=B_SPLINE_CURVE_WITH_KNOTS('',3,(#2460,#2461,#2462,#2463,#2464,#2465,
#2466,#2467,#2468),.UNSPECIFIED.,.F.,.F.,(4,1,1,1,1,1,4),(0.326757342650342,
0.34848145749579,0.391929687186687,0.413653802032135,0.435377916877584,
0.457102031723032,0.47882614656848),.UNSPECIFIED.);
#52=B_SPLINE_CURVE_WITH_KNOTS('',3,(#2497,#2498,#2499,#2500,#2501),
 .UNSPECIFIED.,.F.,.F.,(4,1,4),(0.16338981494789,0.233398101893102,0.326757342650342),
 .UNSPECIFIED.);
#53=B_SPLINE_CURVE_WITH_KNOTS('',3,(#2504,#2505,#2506,#2507,#2508,#2509,
#2510),.UNSPECIFIED.,.F.,.F.,(4,1,1,1,4),(0.,0.0933592407572406,0.140038861135861,
0.233398101893102,0.326757342650342),.UNSPECIFIED.);
#54=B_SPLINE_CURVE_WITH_KNOTS('',3,(#4154,#4155,#4156,#4157,#4158,#4159,
#4160,#4161,#4162,#4163),.UNSPECIFIED.,.F.,.F.,(4,1,1,1,1,1,1,4),(0.659462458814307,
0.708110678983692,0.732434789068384,0.805407119322461,0.854055339491846,
0.902703559661231,0.951351779830615,1.),.UNSPECIFIED.);
#55=B_SPLINE_CURVE_WITH_KNOTS('',3,(#4164,#4165,#4166,#4167,#4168,#4169,
#4170,#4171,#4172,#4173,#4174,#4175,#4176,#4177,#4178,#4179,#4180,#4181,
#4182,#4183,#4184,#4185,#4186,#4187,#4188,#4189,#4190,#4191,#4192,#4193,
#4194,#4195,#4196,#4197,#4198,#4199,#4200,#4201,#4202,#4203,#4204,#4205,
#4206,#4207,#4208,#4209,#4210,#4211,#4212,#4213,#4214,#4215,#4216,#4217,
#4218,#4219,#4220,#4221,#4222,#4223,#4224,#4225,#4226,#4227,#4228,#4229,
#4230,#4231,#4232,#4233,#4234,#4235,#4236,#4237,#4238,#4239,#4240,#4241,
#4242,#4243,#4244,#4245,#4246,#4247,#4248,#4249,#4250,#4251,#4252,#4253,
#4254,#4255,#4256,#4257,#4258,#4259,#4260,#4261,#4262,#4263,#4264,#4265,
#4266,#4267,#4268,#4269,#4270,#4271,#4272,#4273,#4274,#4275,#4276,#4277,
#4278,#4279,#4280,#4281,#4282,#4283,#4284,#4285,#4286,#4287),
 .UNSPECIFIED.,.F.,.F.,(4,3,3,3,3,3,3,3,3,3,3,3,3,3,3,3,3,3,3,3,3,3,3,3,
3,3,3,3,3,3,3,3,3,3,3,3,3,3,3,3,3,4),(87.7059873470999,88.2455396724073,
89.1134207690841,90.2459341042019,90.9191467064646,92.7850239077334,93.2952340221406,
94.6480796693987,95.6801509866172,98.8167798541356,100.201549273084,101.502904190299,
106.782431459355,109.422297141929,112.455441950705,114.277049661536,116.002555343258,
119.419898364376,120.773181926765,123.414640191941,124.451167535053,126.632877599193,
127.863436286035,128.876569890569,134.271145217438,138.584041408915,140.424246104133,
141.904848048173,144.345123171744,145.997757491613,146.99116942553,148.832939035868,
150.169570171161,151.80983696411,152.739579116718,153.838327698745,155.794029999508,
158.422202264093,160.047164215564,161.156186567401,165.071991954597,167.284523586448),
 .UNSPECIFIED.);
#56=B_SPLINE_CURVE_WITH_KNOTS('',3,(#5310,#5311,#5312,#5313,#5314,#5315,
#5316,#5317,#5318,#5319,#5320,#5321,#5322,#5323,#5324,#5325,#5326,#5327,
#5328,#5329,#5330,#5331,#5332,#5333,#5334,#5335,#5336,#5337,#5338,#5339,
#5340,#5341,#5342,#5343,#5344,#5345,#5346,#5347,#5348,#5349,#5350,#5351,
#5352,#5353,#5354,#5355,#5356,#5357,#5358,#5359,#5360,#5361,#5362,#5363,
#5364,#5365,#5366,#5367,#5368,#5369,#5370,#5371,#5372,#5373,#5374,#5375,
#5376,#5377,#5378,#5379,#5380,#5381,#5382,#5383,#5384,#5385,#5386,#5387,
#5388,#5389,#5390,#5391,#5392,#5393,#5394,#5395,#5396,#5397,#5398,#5399,
#5400,#5401,#5402,#5403,#5404,#5405,#5406,#5407,#5408,#5409,#5410,#5411,
#5412,#5413,#5414,#5415,#5416,#5417,#5418,#5419,#5420,#5421,#5422,#5423,
#5424,#5425,#5426,#5427,#5428,#5429,#5430,#5431,#5432,#5433,#5434,#5435,
#5436,#5437,#5438,#5439,#5440,#5441,#5442,#5443,#5444,#5445),
 .UNSPECIFIED.,.T.,.F.,(4,3,3,3,3,3,3,3,3,3,3,3,3,3,3,3,3,3,3,3,3,3,3,3,
3,3,3,3,3,3,3,3,3,3,3,3,3,3,3,3,3,3,3,3,3,4),(16.5394883331294,16.9171500543608,
17.2948117755924,17.672473496824,18.0501352180556,18.5536841796978,19.0572331413399,
19.309007622161,19.5607821029821,20.0643310646242,20.5678800262664,21.0714289879086,
21.4490907091402,21.8267524303718,22.2044141516034,22.582075872835,22.9827331417057,
23.3833904105763,23.7840476794469,24.1847049483176,24.5853622171882,24.9860194860589,
25.3866767549295,25.7873340238001,26.4619212194837,26.7992148173255,27.1365084151673,
27.473802013009,27.8110956108508,28.4856828065344,28.8480620614639,29.2104413163934,
29.5728205713229,29.9351998262524,30.4183721661584,30.9015445060644,31.1431306760174,
31.3847168459704,31.8678891858764,32.0490788133412,32.3510615257824,32.8342338656885,
33.196613120618,33.5589923755475,33.921371630477,34.2837508854065),
 .UNSPECIFIED.);
#57=B_SPLINE_CURVE_WITH_KNOTS('',3,(#5446,#5447,#5448,#5449,#5450,#5451,
#5452,#5453,#5454,#5455,#5456,#5457,#5458,#5459,#5460,#5461,#5462,#5463,
#5464,#5465),.UNSPECIFIED.,.F.,.F.,(4,1,1,1,1,1,1,1,1,1,1,1,1,1,1,1,1,4),
(0.,0.0714285714285715,0.142857142857143,0.214285714285715,0.285714285714286,
0.333333333333334,0.380952380952381,0.428571428571429,0.476190476190477,
0.523809523809524,0.571428571428572,0.642857142857144,0.678571428571429,
0.714285714285715,0.785714285714287,0.857142857142858,0.92857142857143,
1.),.UNSPECIFIED.);
#58=B_SPLINE_CURVE_WITH_KNOTS('',3,(#5466,#5467,#5468,#5469,#5470,#5471,
#5472,#5473,#5474,#5475,#5476,#5477,#5478,#5479,#5480,#5481,#5482,#5483),
 .UNSPECIFIED.,.F.,.F.,(4,1,1,1,1,1,1,1,1,1,1,1,1,1,1,4),(0.659462458814307,
0.680746055138413,0.702029651462519,0.723313247786625,0.74459684411073,
0.772974972542872,0.801353100975013,0.829731229407154,0.843920293623224,
0.858109357839295,0.886487486271436,0.914865614703577,0.936149211027683,
0.957432807351788,0.978716403675894,1.),.UNSPECIFIED.);
#59=VERTEX_POINT('',#1911);
#60=VERTEX_POINT('',#1912);
#61=VERTEX_POINT('',#1944);
#62=VERTEX_POINT('',#1976);
#63=VERTEX_POINT('',#1981);
#64=VERTEX_POINT('',#2386);
#65=VERTEX_POINT('',#2387);
#66=VERTEX_POINT('',#2389);
#67=VERTEX_POINT('',#2400);
#68=VERTEX_POINT('',#2448);
#69=VERTEX_POINT('',#2458);
#70=VERTEX_POINT('',#2502);
#71=VERTEX_POINT('',#5309);
#72=EDGE_CURVE('',#59,#60,#43,.T.);
#73=EDGE_CURVE('',#61,#59,#44,.F.);
#74=EDGE_CURVE('',#62,#61,#45,.T.);
#75=EDGE_CURVE('',#63,#62,#46,.T.);
#76=EDGE_CURVE('',#63,#60,#47,.T.);
#77=EDGE_CURVE('',#64,#65,#17,.T.);
#78=EDGE_CURVE('',#66,#64,#48,.T.);
#79=EDGE_CURVE('',#66,#67,#18,.T.);
#80=EDGE_CURVE('',#67,#65,#49,.T.);
#81=EDGE_CURVE('',#68,#66,#50,.T.);
#82=EDGE_CURVE('',#68,#69,#19,.T.);
#83=EDGE_CURVE('',#69,#67,#51,.T.);
#84=EDGE_CURVE('',#60,#68,#52,.T.);
#85=EDGE_CURVE('',#70,#63,#20,.T.);
#86=EDGE_CURVE('',#70,#69,#53,.T.);
#87=EDGE_CURVE('',#64,#63,#54,.T.);
#88=EDGE_CURVE('',#59,#61,#55,.F.);
#89=EDGE_CURVE('',#71,#71,#56,.F.);
#90=EDGE_CURVE('',#70,#71,#57,.T.);
#91=EDGE_CURVE('',#65,#70,#58,.T.);
#92=ORIENTED_EDGE('',*,*,#72,.F.);
#93=ORIENTED_EDGE('',*,*,#73,.F.);
#94=ORIENTED_EDGE('',*,*,#74,.F.);
#95=ORIENTED_EDGE('',*,*,#75,.F.);
#96=ORIENTED_EDGE('',*,*,#76,.T.);
#97=ORIENTED_EDGE('',*,*,#77,.F.);
#98=ORIENTED_EDGE('',*,*,#78,.F.);
#99=ORIENTED_EDGE('',*,*,#79,.T.);
#100=ORIENTED_EDGE('',*,*,#80,.T.);
#101=ORIENTED_EDGE('',*,*,#79,.F.);
#102=ORIENTED_EDGE('',*,*,#81,.F.);
#103=ORIENTED_EDGE('',*,*,#82,.T.);
#104=ORIENTED_EDGE('',*,*,#83,.T.);
#105=ORIENTED_EDGE('',*,*,#82,.F.);
#106=ORIENTED_EDGE('',*,*,#84,.F.);
#107=ORIENTED_EDGE('',*,*,#76,.F.);
#108=ORIENTED_EDGE('',*,*,#85,.F.);
#109=ORIENTED_EDGE('',*,*,#86,.T.);
#110=ORIENTED_EDGE('',*,*,#72,.T.);
#111=ORIENTED_EDGE('',*,*,#84,.T.);
#112=ORIENTED_EDGE('',*,*,#81,.T.);
#113=ORIENTED_EDGE('',*,*,#78,.T.);
#114=ORIENTED_EDGE('',*,*,#87,.T.);
#115=ORIENTED_EDGE('',*,*,#75,.T.);
#116=ORIENTED_EDGE('',*,*,#74,.T.);
#117=ORIENTED_EDGE('',*,*,#88,.F.);
#118=ORIENTED_EDGE('',*,*,#73,.T.);
#119=ORIENTED_EDGE('',*,*,#88,.T.);
#120=ORIENTED_EDGE('',*,*,#89,.T.);
#121=ORIENTED_EDGE('',*,*,#90,.F.);
#122=ORIENTED_EDGE('',*,*,#91,.F.);
#123=ORIENTED_EDGE('',*,*,#80,.F.);
#124=ORIENTED_EDGE('',*,*,#83,.F.);
#125=ORIENTED_EDGE('',*,*,#86,.F.);
#126=ORIENTED_EDGE('',*,*,#90,.T.);
#127=ORIENTED_EDGE('',*,*,#89,.F.);
#128=ORIENTED_EDGE('',*,*,#77,.T.);
#129=ORIENTED_EDGE('',*,*,#91,.T.);
#130=ORIENTED_EDGE('',*,*,#85,.T.);
#131=ORIENTED_EDGE('',*,*,#87,.F.);
#132=B_SPLINE_SURFACE_WITH_KNOTS('',3,3,((#175,#176,#177,#178,#179,#180,
#181,#182,#183,#184,#185,#186,#187,#188,#189,#190,#191,#192,#193,#194,#195,
#196,#197,#198,#199,#200,#201,#202,#203,#204,#205),(#206,#207,#208,#209,
#210,#211,#212,#213,#214,#215,#216,#217,#218,#219,#220,#221,#222,#223,#224,
#225,#226,#227,#228,#229,#230,#231,#232,#233,#234,#235,#236),(#237,#238,
#239,#240,#241,#242,#243,#244,#245,#246,#247,#248,#249,#250,#251,#252,#253,
#254,#255,#256,#257,#258,#259,#260,#261,#262,#263,#264,#265,#266,#267),
(#268,#269,#270,#271,#272,#273,#274,#275,#276,#277,#278,#279,#280,#281,
#282,#283,#284,#285,#286,#287,#288,#289,#290,#291,#292,#293,#294,#295,#296,
#297,#298),(#299,#300,#301,#302,#303,#304,#305,#306,#307,#308,#309,#310,
#311,#312,#313,#314,#315,#316,#317,#318,#319,#320,#321,#322,#323,#324,#325,
#326,#327,#328,#329),(#330,#331,#332,#333,#334,#335,#336,#337,#338,#339,
#340,#341,#342,#343,#344,#345,#346,#347,#348,#349,#350,#351,#352,#353,#354,
#355,#356,#357,#358,#359,#360),(#361,#362,#363,#364,#365,#366,#367,#368,
#369,#370,#371,#372,#373,#374,#375,#376,#377,#378,#379,#380,#381,#382,#383,
#384,#385,#386,#387,#388,#389,#390,#391),(#392,#393,#394,#395,#396,#397,
#398,#399,#400,#401,#402,#403,#404,#405,#406,#407,#408,#409,#410,#411,#412,
#413,#414,#415,#416,#417,#418,#419,#420,#421,#422),(#423,#424,#425,#426,
#427,#428,#429,#430,#431,#432,#433,#434,#435,#436,#437,#438,#439,#440,#441,
#442,#443,#444,#445,#446,#447,#448,#449,#450,#451,#452,#453),(#454,#455,
#456,#457,#458,#459,#460,#461,#462,#463,#464,#465,#466,#467,#468,#469,#470,
#471,#472,#473,#474,#475,#476,#477,#478,#479,#480,#481,#482,#483,#484),
(#485,#486,#487,#488,#489,#490,#491,#492,#493,#494,#495,#496,#497,#498,
#499,#500,#501,#502,#503,#504,#505,#506,#507,#508,#509,#510,#511,#512,#513,
#514,#515),(#516,#517,#518,#519,#520,#521,#522,#523,#524,#525,#526,#527,
#528,#529,#530,#531,#532,#533,#534,#535,#536,#537,#538,#539,#540,#541,#542,
#543,#544,#545,#546),(#547,#548,#549,#550,#551,#552,#553,#554,#555,#556,
#557,#558,#559,#560,#561,#562,#563,#564,#565,#566,#567,#568,#569,#570,#571,
#572,#573,#574,#575,#576,#577),(#578,#579,#580,#581,#582,#583,#584,#585,
#586,#587,#588,#589,#590,#591,#592,#593,#594,#595,#596,#597,#598,#599,#600,
#601,#602,#603,#604,#605,#606,#607,#608),(#609,#610,#611,#612,#613,#614,
#615,#616,#617,#618,#619,#620,#621,#622,#623,#624,#625,#626,#627,#628,#629,
#630,#631,#632,#633,#634,#635,#636,#637,#638,#639),(#640,#641,#642,#643,
#644,#645,#646,#647,#648,#649,#650,#651,#652,#653,#654,#655,#656,#657,#658,
#659,#660,#661,#662,#663,#664,#665,#666,#667,#668,#669,#670),(#671,#672,
#673,#674,#675,#676,#677,#678,#679,#680,#681,#682,#683,#684,#685,#686,#687,
#688,#689,#690,#691,#692,#693,#694,#695,#696,#697,#698,#699,#700,#701),
(#702,#703,#704,#705,#706,#707,#708,#709,#710,#711,#712,#713,#714,#715,
#716,#717,#718,#719,#720,#721,#722,#723,#724,#725,#726,#727,#728,#729,#730,
#731,#732),(#733,#734,#735,#736,#737,#738,#739,#740,#741,#742,#743,#744,
#745,#746,#747,#748,#749,#750,#751,#752,#753,#754,#755,#756,#757,#758,#759,
#760,#761,#762,#763),(#764,#765,#766,#767,#768,#769,#770,#771,#772,#773,
#774,#775,#776,#777,#778,#779,#780,#781,#782,#783,#784,#785,#786,#787,#788,
#789,#790,#791,#792,#793,#794),(#795,#796,#797,#798,#799,#800,#801,#802,
#803,#804,#805,#806,#807,#808,#809,#810,#811,#812,#813,#814,#815,#816,#817,
#818,#819,#820,#821,#822,#823,#824,#825),(#826,#827,#828,#829,#830,#831,
#832,#833,#834,#835,#836,#837,#838,#839,#840,#841,#842,#843,#844,#845,#846,
#847,#848,#849,#850,#851,#852,#853,#854,#855,#856),(#857,#858,#859,#860,
#861,#862,#863,#864,#865,#866,#867,#868,#869,#870,#871,#872,#873,#874,#875,
#876,#877,#878,#879,#880,#881,#882,#883,#884,#885,#886,#887),(#888,#889,
#890,#891,#892,#893,#894,#895,#896,#897,#898,#899,#900,#901,#902,#903,#904,
#905,#906,#907,#908,#909,#910,#911,#912,#913,#914,#915,#916,#917,#918),
(#919,#920,#921,#922,#923,#924,#925,#926,#927,#928,#929,#930,#931,#932,
#933,#934,#935,#936,#937,#938,#939,#940,#941,#942,#943,#944,#945,#946,#947,
#948,#949),(#950,#951,#952,#953,#954,#955,#956,#957,#958,#959,#960,#961,
#962,#963,#964,#965,#966,#967,#968,#969,#970,#971,#972,#973,#974,#975,#976,
#977,#978,#979,#980),(#981,#982,#983,#984,#985,#986,#987,#988,#989,#990,
#991,#992,#993,#994,#995,#996,#997,#998,#999,#1000,#1001,#1002,#1003,#1004,
#1005,#1006,#1007,#1008,#1009,#1010,#1011),(#1012,#1013,#1014,#1015,#1016,
#1017,#1018,#1019,#1020,#1021,#1022,#1023,#1024,#1025,#1026,#1027,#1028,
#1029,#1030,#1031,#1032,#1033,#1034,#1035,#1036,#1037,#1038,#1039,#1040,
#1041,#1042),(#1043,#1044,#1045,#1046,#1047,#1048,#1049,#1050,#1051,#1052,
#1053,#1054,#1055,#1056,#1057,#1058,#1059,#1060,#1061,#1062,#1063,#1064,
#1065,#1066,#1067,#1068,#1069,#1070,#1071,#1072,#1073),(#1074,#1075,#1076,
#1077,#1078,#1079,#1080,#1081,#1082,#1083,#1084,#1085,#1086,#1087,#1088,
#1089,#1090,#1091,#1092,#1093,#1094,#1095,#1096,#1097,#1098,#1099,#1100,
#1101,#1102,#1103,#1104),(#1105,#1106,#1107,#1108,#1109,#1110,#1111,#1112,
#1113,#1114,#1115,#1116,#1117,#1118,#1119,#1120,#1121,#1122,#1123,#1124,
#1125,#1126,#1127,#1128,#1129,#1130,#1131,#1132,#1133,#1134,#1135),(#1136,
#1137,#1138,#1139,#1140,#1141,#1142,#1143,#1144,#1145,#1146,#1147,#1148,
#1149,#1150,#1151,#1152,#1153,#1154,#1155,#1156,#1157,#1158,#1159,#1160,
#1161,#1162,#1163,#1164,#1165,#1166),(#1167,#1168,#1169,#1170,#1171,#1172,
#1173,#1174,#1175,#1176,#1177,#1178,#1179,#1180,#1181,#1182,#1183,#1184,
#1185,#1186,#1187,#1188,#1189,#1190,#1191,#1192,#1193,#1194,#1195,#1196,
#1197),(#1198,#1199,#1200,#1201,#1202,#1203,#1204,#1205,#1206,#1207,#1208,
#1209,#1210,#1211,#1212,#1213,#1214,#1215,#1216,#1217,#1218,#1219,#1220,
#1221,#1222,#1223,#1224,#1225,#1226,#1227,#1228),(#1229,#1230,#1231,#1232,
#1233,#1234,#1235,#1236,#1237,#1238,#1239,#1240,#1241,#1242,#1243,#1244,
#1245,#1246,#1247,#1248,#1249,#1250,#1251,#1252,#1253,#1254,#1255,#1256,
#1257,#1258,#1259),(#1260,#1261,#1262,#1263,#1264,#1265,#1266,#1267,#1268,
#1269,#1270,#1271,#1272,#1273,#1274,#1275,#1276,#1277,#1278,#1279,#1280,
#1281,#1282,#1283,#1284,#1285,#1286,#1287,#1288,#1289,#1290),(#1291,#1292,
#1293,#1294,#1295,#1296,#1297,#1298,#1299,#1300,#1301,#1302,#1303,#1304,
#1305,#1306,#1307,#1308,#1309,#1310,#1311,#1312,#1313,#1314,#1315,#1316,
#1317,#1318,#1319,#1320,#1321),(#1322,#1323,#1324,#1325,#1326,#1327,#1328,
#1329,#1330,#1331,#1332,#1333,#1334,#1335,#1336,#1337,#1338,#1339,#1340,
#1341,#1342,#1343,#1344,#1345,#1346,#1347,#1348,#1349,#1350,#1351,#1352),
(#1353,#1354,#1355,#1356,#1357,#1358,#1359,#1360,#1361,#1362,#1363,#1364,
#1365,#1366,#1367,#1368,#1369,#1370,#1371,#1372,#1373,#1374,#1375,#1376,
#1377,#1378,#1379,#1380,#1381,#1382,#1383),(#1384,#1385,#1386,#1387,#1388,
#1389,#1390,#1391,#1392,#1393,#1394,#1395,#1396,#1397,#1398,#1399,#1400,
#1401,#1402,#1403,#1404,#1405,#1406,#1407,#1408,#1409,#1410,#1411,#1412,
#1413,#1414),(#1415,#1416,#1417,#1418,#1419,#1420,#1421,#1422,#1423,#1424,
#1425,#1426,#1427,#1428,#1429,#1430,#1431,#1432,#1433,#1434,#1435,#1436,
#1437,#1438,#1439,#1440,#1441,#1442,#1443,#1444,#1445),(#1446,#1447,#1448,
#1449,#1450,#1451,#1452,#1453,#1454,#1455,#1456,#1457,#1458,#1459,#1460,
#1461,#1462,#1463,#1464,#1465,#1466,#1467,#1468,#1469,#1470,#1471,#1472,
#1473,#1474,#1475,#1476),(#1477,#1478,#1479,#1480,#1481,#1482,#1483,#1484,
#1485,#1486,#1487,#1488,#1489,#1490,#1491,#1492,#1493,#1494,#1495,#1496,
#1497,#1498,#1499,#1500,#1501,#1502,#1503,#1504,#1505,#1506,#1507),(#1508,
#1509,#1510,#1511,#1512,#1513,#1514,#1515,#1516,#1517,#1518,#1519,#1520,
#1521,#1522,#1523,#1524,#1525,#1526,#1527,#1528,#1529,#1530,#1531,#1532,
#1533,#1534,#1535,#1536,#1537,#1538),(#1539,#1540,#1541,#1542,#1543,#1544,
#1545,#1546,#1547,#1548,#1549,#1550,#1551,#1552,#1553,#1554,#1555,#1556,
#1557,#1558,#1559,#1560,#1561,#1562,#1563,#1564,#1565,#1566,#1567,#1568,
#1569),(#1570,#1571,#1572,#1573,#1574,#1575,#1576,#1577,#1578,#1579,#1580,
#1581,#1582,#1583,#1584,#1585,#1586,#1587,#1588,#1589,#1590,#1591,#1592,
#1593,#1594,#1595,#1596,#1597,#1598,#1599,#1600),(#1601,#1602,#1603,#1604,
#1605,#1606,#1607,#1608,#1609,#1610,#1611,#1612,#1613,#1614,#1615,#1616,
#1617,#1618,#1619,#1620,#1621,#1622,#1623,#1624,#1625,#1626,#1627,#1628,
#1629,#1630,#1631),(#1632,#1633,#1634,#1635,#1636,#1637,#1638,#1639,#1640,
#1641,#1642,#1643,#1644,#1645,#1646,#1647,#1648,#1649,#1650,#1651,#1652,
#1653,#1654,#1655,#1656,#1657,#1658,#1659,#1660,#1661,#1662),(#1663,#1664,
#1665,#1666,#1667,#1668,#1669,#1670,#1671,#1672,#1673,#1674,#1675,#1676,
#1677,#1678,#1679,#1680,#1681,#1682,#1683,#1684,#1685,#1686,#1687,#1688,
#1689,#1690,#1691,#1692,#1693),(#1694,#1695,#1696,#1697,#1698,#1699,#1700,
#1701,#1702,#1703,#1704,#1705,#1706,#1707,#1708,#1709,#1710,#1711,#1712,
#1713,#1714,#1715,#1716,#1717,#1718,#1719,#1720,#1721,#1722,#1723,#1724),
(#1725,#1726,#1727,#1728,#1729,#1730,#1731,#1732,#1733,#1734,#1735,#1736,
#1737,#1738,#1739,#1740,#1741,#1742,#1743,#1744,#1745,#1746,#1747,#1748,
#1749,#1750,#1751,#1752,#1753,#1754,#1755),(#1756,#1757,#1758,#1759,#1760,
#1761,#1762,#1763,#1764,#1765,#1766,#1767,#1768,#1769,#1770,#1771,#1772,
#1773,#1774,#1775,#1776,#1777,#1778,#1779,#1780,#1781,#1782,#1783,#1784,
#1785,#1786),(#1787,#1788,#1789,#1790,#1791,#1792,#1793,#1794,#1795,#1796,
#1797,#1798,#1799,#1800,#1801,#1802,#1803,#1804,#1805,#1806,#1807,#1808,
#1809,#1810,#1811,#1812,#1813,#1814,#1815,#1816,#1817),(#1818,#1819,#1820,
#1821,#1822,#1823,#1824,#1825,#1826,#1827,#1828,#1829,#1830,#1831,#1832,
#1833,#1834,#1835,#1836,#1837,#1838,#1839,#1840,#1841,#1842,#1843,#1844,
#1845,#1846,#1847,#1848),(#1849,#1850,#1851,#1852,#1853,#1854,#1855,#1856,
#1857,#1858,#1859,#1860,#1861,#1862,#1863,#1864,#1865,#1866,#1867,#1868,
#1869,#1870,#1871,#1872,#1873,#1874,#1875,#1876,#1877,#1878,#1879),(#1880,
#1881,#1882,#1883,#1884,#1885,#1886,#1887,#1888,#1889,#1890,#1891,#1892,
#1893,#1894,#1895,#1896,#1897,#1898,#1899,#1900,#1901,#1902,#1903,#1904,
#1905,#1906,#1907,#1908,#1909,#1910)),.UNSPECIFIED.,.T.,.F.,.F.,(4,2,1,
1,1,1,1,1,3,1,1,1,1,1,2,1,1,1,1,1,1,1,2,1,1,1,1,1,1,1,1,2,1,1,1,1,1,1,1,
1,1,1,1,1,1,1,1,4),(4,1,1,1,1,1,1,1,1,1,1,1,1,1,1,1,1,1,1,1,1,1,1,1,1,2,
1,4),(-0.00801433812527952,-0.00787224976914525,0.028824376179635,0.0410565848292286,
0.0655210021284156,0.0899854194276022,0.114449836726789,0.138914254025976,
0.163378671325162,0.186718481514474,0.210058291703785,0.233398101893097,
0.256737912082408,0.280077722271719,0.326757342650342,0.345333889404901,
0.349785655636733,0.372813968623123,0.395842281609514,0.418870594595904,
0.441898907582295,0.464927220568685,0.487955533555076,0.529637887182978,
0.543532005058945,0.57132024081088,0.599108476562815,0.60012298225632,0.608964949082138,
0.62689671231475,0.668579065942652,0.68247318381862,0.7335236234883,0.746107566227799,
0.75904884332314,0.784574063157981,0.810099282992821,0.835608917085752,
0.835624502827661,0.861149722662502,0.886674942497342,0.912200162332182,
0.937725382167023,0.963250602001863,0.985048275967068,0.988775821836703,
1.00153843175412,1.03968417315025),(0.,0.05,0.15,0.2,0.25,0.3,0.325,0.4,
0.45,0.5,0.53125,0.55,0.6,0.7,0.775,0.8,0.85,0.9,0.9125,0.95,0.975,0.9875,
0.9921875,0.99375,0.996875,1.,1.02149750722772,1.04299501445543),
 .UNSPECIFIED.);
#133=B_SPLINE_SURFACE_WITH_KNOTS('',3,3,((#2346,#2347,#2348,#2349),(#2350,
#2351,#2352,#2353),(#2354,#2355,#2356,#2357),(#2358,#2359,#2360,#2361),
(#2362,#2363,#2364,#2365),(#2366,#2367,#2368,#2369),(#2370,#2371,#2372,
#2373),(#2374,#2375,#2376,#2377),(#2378,#2379,#2380,#2381),(#2382,#2383,
#2384,#2385)),.UNSPECIFIED.,.F.,.F.,.F.,(4,1,1,1,1,1,1,4),(4,4),(0.47882614656848,
0.50463133403217,0.530436521495859,0.556241708959549,0.582046896423239,
0.607852083886928,0.633657271350618,0.659462458814307),(-0.400000000000001,
0.),.UNSPECIFIED.);
#134=B_SPLINE_SURFACE_WITH_KNOTS('',3,3,((#2412,#2413,#2414,#2415),(#2416,
#2417,#2418,#2419),(#2420,#2421,#2422,#2423),(#2424,#2425,#2426,#2427),
(#2428,#2429,#2430,#2431),(#2432,#2433,#2434,#2435),(#2436,#2437,#2438,
#2439),(#2440,#2441,#2442,#2443),(#2444,#2445,#2446,#2447)),
 .UNSPECIFIED.,.F.,.F.,.F.,(4,1,1,1,1,1,4),(4,4),(0.326757342650342,0.34848145749579,
0.391929687186687,0.413653802032135,0.435377916877584,0.457102031723032,
0.47882614656848),(-0.400000000000005,0.),.UNSPECIFIED.);
#135=B_SPLINE_SURFACE_WITH_KNOTS('',3,3,((#2469,#2470,#2471,#2472),(#2473,
#2474,#2475,#2476),(#2477,#2478,#2479,#2480),(#2481,#2482,#2483,#2484),
(#2485,#2486,#2487,#2488),(#2489,#2490,#2491,#2492),(#2493,#2494,#2495,
#2496)),.UNSPECIFIED.,.F.,.F.,.F.,(4,1,1,1,4),(4,4),(0.,0.0933592407572406,
0.140038861135861,0.233398101893102,0.326757342650342),(-0.400000000000001,
0.),.UNSPECIFIED.);
#136=B_SPLINE_SURFACE_WITH_KNOTS('',3,3,((#2511,#2512,#2513,#2514,#2515,
#2516,#2517,#2518,#2519,#2520,#2521,#2522,#2523,#2524,#2525,#2526,#2527,
#2528,#2529,#2530,#2531,#2532,#2533,#2534,#2535,#2536,#2537,#2538,#2539,
#2540,#2541),(#2542,#2543,#2544,#2545,#2546,#2547,#2548,#2549,#2550,#2551,
#2552,#2553,#2554,#2555,#2556,#2557,#2558,#2559,#2560,#2561,#2562,#2563,
#2564,#2565,#2566,#2567,#2568,#2569,#2570,#2571,#2572),(#2573,#2574,#2575,
#2576,#2577,#2578,#2579,#2580,#2581,#2582,#2583,#2584,#2585,#2586,#2587,
#2588,#2589,#2590,#2591,#2592,#2593,#2594,#2595,#2596,#2597,#2598,#2599,
#2600,#2601,#2602,#2603),(#2604,#2605,#2606,#2607,#2608,#2609,#2610,#2611,
#2612,#2613,#2614,#2615,#2616,#2617,#2618,#2619,#2620,#2621,#2622,#2623,
#2624,#2625,#2626,#2627,#2628,#2629,#2630,#2631,#2632,#2633,#2634),(#2635,
#2636,#2637,#2638,#2639,#2640,#2641,#2642,#2643,#2644,#2645,#2646,#2647,
#2648,#2649,#2650,#2651,#2652,#2653,#2654,#2655,#2656,#2657,#2658,#2659,
#2660,#2661,#2662,#2663,#2664,#2665),(#2666,#2667,#2668,#2669,#2670,#2671,
#2672,#2673,#2674,#2675,#2676,#2677,#2678,#2679,#2680,#2681,#2682,#2683,
#2684,#2685,#2686,#2687,#2688,#2689,#2690,#2691,#2692,#2693,#2694,#2695,
#2696),(#2697,#2698,#2699,#2700,#2701,#2702,#2703,#2704,#2705,#2706,#2707,
#2708,#2709,#2710,#2711,#2712,#2713,#2714,#2715,#2716,#2717,#2718,#2719,
#2720,#2721,#2722,#2723,#2724,#2725,#2726,#2727),(#2728,#2729,#2730,#2731,
#2732,#2733,#2734,#2735,#2736,#2737,#2738,#2739,#2740,#2741,#2742,#2743,
#2744,#2745,#2746,#2747,#2748,#2749,#2750,#2751,#2752,#2753,#2754,#2755,
#2756,#2757,#2758),(#2759,#2760,#2761,#2762,#2763,#2764,#2765,#2766,#2767,
#2768,#2769,#2770,#2771,#2772,#2773,#2774,#2775,#2776,#2777,#2778,#2779,
#2780,#2781,#2782,#2783,#2784,#2785,#2786,#2787,#2788,#2789),(#2790,#2791,
#2792,#2793,#2794,#2795,#2796,#2797,#2798,#2799,#2800,#2801,#2802,#2803,
#2804,#2805,#2806,#2807,#2808,#2809,#2810,#2811,#2812,#2813,#2814,#2815,
#2816,#2817,#2818,#2819,#2820),(#2821,#2822,#2823,#2824,#2825,#2826,#2827,
#2828,#2829,#2830,#2831,#2832,#2833,#2834,#2835,#2836,#2837,#2838,#2839,
#2840,#2841,#2842,#2843,#2844,#2845,#2846,#2847,#2848,#2849,#2850,#2851),
(#2852,#2853,#2854,#2855,#2856,#2857,#2858,#2859,#2860,#2861,#2862,#2863,
#2864,#2865,#2866,#2867,#2868,#2869,#2870,#2871,#2872,#2873,#2874,#2875,
#2876,#2877,#2878,#2879,#2880,#2881,#2882),(#2883,#2884,#2885,#2886,#2887,
#2888,#2889,#2890,#2891,#2892,#2893,#2894,#2895,#2896,#2897,#2898,#2899,
#2900,#2901,#2902,#2903,#2904,#2905,#2906,#2907,#2908,#2909,#2910,#2911,
#2912,#2913),(#2914,#2915,#2916,#2917,#2918,#2919,#2920,#2921,#2922,#2923,
#2924,#2925,#2926,#2927,#2928,#2929,#2930,#2931,#2932,#2933,#2934,#2935,
#2936,#2937,#2938,#2939,#2940,#2941,#2942,#2943,#2944),(#2945,#2946,#2947,
#2948,#2949,#2950,#2951,#2952,#2953,#2954,#2955,#2956,#2957,#2958,#2959,
#2960,#2961,#2962,#2963,#2964,#2965,#2966,#2967,#2968,#2969,#2970,#2971,
#2972,#2973,#2974,#2975),(#2976,#2977,#2978,#2979,#2980,#2981,#2982,#2983,
#2984,#2985,#2986,#2987,#2988,#2989,#2990,#2991,#2992,#2993,#2994,#2995,
#2996,#2997,#2998,#2999,#3000,#3001,#3002,#3003,#3004,#3005,#3006),(#3007,
#3008,#3009,#3010,#3011,#3012,#3013,#3014,#3015,#3016,#3017,#3018,#3019,
#3020,#3021,#3022,#3023,#3024,#3025,#3026,#3027,#3028,#3029,#3030,#3031,
#3032,#3033,#3034,#3035,#3036,#3037),(#3038,#3039,#3040,#3041,#3042,#3043,
#3044,#3045,#3046,#3047,#3048,#3049,#3050,#3051,#3052,#3053,#3054,#3055,
#3056,#3057,#3058,#3059,#3060,#3061,#3062,#3063,#3064,#3065,#3066,#3067,
#3068),(#3069,#3070,#3071,#3072,#3073,#3074,#3075,#3076,#3077,#3078,#3079,
#3080,#3081,#3082,#3083,#3084,#3085,#3086,#3087,#3088,#3089,#3090,#3091,
#3092,#3093,#3094,#3095,#3096,#3097,#3098,#3099),(#3100,#3101,#3102,#3103,
#3104,#3105,#3106,#3107,#3108,#3109,#3110,#3111,#3112,#3113,#3114,#3115,
#3116,#3117,#3118,#3119,#3120,#3121,#3122,#3123,#3124,#3125,#3126,#3127,
#3128,#3129,#3130),(#3131,#3132,#3133,#3134,#3135,#3136,#3137,#3138,#3139,
#3140,#3141,#3142,#3143,#3144,#3145,#3146,#3147,#3148,#3149,#3150,#3151,
#3152,#3153,#3154,#3155,#3156,#3157,#3158,#3159,#3160,#3161),(#3162,#3163,
#3164,#3165,#3166,#3167,#3168,#3169,#3170,#3171,#3172,#3173,#3174,#3175,
#3176,#3177,#3178,#3179,#3180,#3181,#3182,#3183,#3184,#3185,#3186,#3187,
#3188,#3189,#3190,#3191,#3192),(#3193,#3194,#3195,#3196,#3197,#3198,#3199,
#3200,#3201,#3202,#3203,#3204,#3205,#3206,#3207,#3208,#3209,#3210,#3211,
#3212,#3213,#3214,#3215,#3216,#3217,#3218,#3219,#3220,#3221,#3222,#3223),
(#3224,#3225,#3226,#3227,#3228,#3229,#3230,#3231,#3232,#3233,#3234,#3235,
#3236,#3237,#3238,#3239,#3240,#3241,#3242,#3243,#3244,#3245,#3246,#3247,
#3248,#3249,#3250,#3251,#3252,#3253,#3254),(#3255,#3256,#3257,#3258,#3259,
#3260,#3261,#3262,#3263,#3264,#3265,#3266,#3267,#3268,#3269,#3270,#3271,
#3272,#3273,#3274,#3275,#3276,#3277,#3278,#3279,#3280,#3281,#3282,#3283,
#3284,#3285),(#3286,#3287,#3288,#3289,#3290,#3291,#3292,#3293,#3294,#3295,
#3296,#3297,#3298,#3299,#3300,#3301,#3302,#3303,#3304,#3305,#3306,#3307,
#3308,#3309,#3310,#3311,#3312,#3313,#3314,#3315,#3316),(#3317,#3318,#3319,
#3320,#3321,#3322,#3323,#3324,#3325,#3326,#3327,#3328,#3329,#3330,#3331,
#3332,#3333,#3334,#3335,#3336,#3337,#3338,#3339,#3340,#3341,#3342,#3343,
#3344,#3345,#3346,#3347),(#3348,#3349,#3350,#3351,#3352,#3353,#3354,#3355,
#3356,#3357,#3358,#3359,#3360,#3361,#3362,#3363,#3364,#3365,#3366,#3367,
#3368,#3369,#3370,#3371,#3372,#3373,#3374,#3375,#3376,#3377,#3378),(#3379,
#3380,#3381,#3382,#3383,#3384,#3385,#3386,#3387,#3388,#3389,#3390,#3391,
#3392,#3393,#3394,#3395,#3396,#3397,#3398,#3399,#3400,#3401,#3402,#3403,
#3404,#3405,#3406,#3407,#3408,#3409),(#3410,#3411,#3412,#3413,#3414,#3415,
#3416,#3417,#3418,#3419,#3420,#3421,#3422,#3423,#3424,#3425,#3426,#3427,
#3428,#3429,#3430,#3431,#3432,#3433,#3434,#3435,#3436,#3437,#3438,#3439,
#3440),(#3441,#3442,#3443,#3444,#3445,#3446,#3447,#3448,#3449,#3450,#3451,
#3452,#3453,#3454,#3455,#3456,#3457,#3458,#3459,#3460,#3461,#3462,#3463,
#3464,#3465,#3466,#3467,#3468,#3469,#3470,#3471),(#3472,#3473,#3474,#3475,
#3476,#3477,#3478,#3479,#3480,#3481,#3482,#3483,#3484,#3485,#3486,#3487,
#3488,#3489,#3490,#3491,#3492,#3493,#3494,#3495,#3496,#3497,#3498,#3499,
#3500,#3501,#3502),(#3503,#3504,#3505,#3506,#3507,#3508,#3509,#3510,#3511,
#3512,#3513,#3514,#3515,#3516,#3517,#3518,#3519,#3520,#3521,#3522,#3523,
#3524,#3525,#3526,#3527,#3528,#3529,#3530,#3531,#3532,#3533),(#3534,#3535,
#3536,#3537,#3538,#3539,#3540,#3541,#3542,#3543,#3544,#3545,#3546,#3547,
#3548,#3549,#3550,#3551,#3552,#3553,#3554,#3555,#3556,#3557,#3558,#3559,
#3560,#3561,#3562,#3563,#3564),(#3565,#3566,#3567,#3568,#3569,#3570,#3571,
#3572,#3573,#3574,#3575,#3576,#3577,#3578,#3579,#3580,#3581,#3582,#3583,
#3584,#3585,#3586,#3587,#3588,#3589,#3590,#3591,#3592,#3593,#3594,#3595),
(#3596,#3597,#3598,#3599,#3600,#3601,#3602,#3603,#3604,#3605,#3606,#3607,
#3608,#3609,#3610,#3611,#3612,#3613,#3614,#3615,#3616,#3617,#3618,#3619,
#3620,#3621,#3622,#3623,#3624,#3625,#3626),(#3627,#3628,#3629,#3630,#3631,
#3632,#3633,#3634,#3635,#3636,#3637,#3638,#3639,#3640,#3641,#3642,#3643,
#3644,#3645,#3646,#3647,#3648,#3649,#3650,#3651,#3652,#3653,#3654,#3655,
#3656,#3657),(#3658,#3659,#3660,#3661,#3662,#3663,#3664,#3665,#3666,#3667,
#3668,#3669,#3670,#3671,#3672,#3673,#3674,#3675,#3676,#3677,#3678,#3679,
#3680,#3681,#3682,#3683,#3684,#3685,#3686,#3687,#3688),(#3689,#3690,#3691,
#3692,#3693,#3694,#3695,#3696,#3697,#3698,#3699,#3700,#3701,#3702,#3703,
#3704,#3705,#3706,#3707,#3708,#3709,#3710,#3711,#3712,#3713,#3714,#3715,
#3716,#3717,#3718,#3719),(#3720,#3721,#3722,#3723,#3724,#3725,#3726,#3727,
#3728,#3729,#3730,#3731,#3732,#3733,#3734,#3735,#3736,#3737,#3738,#3739,
#3740,#3741,#3742,#3743,#3744,#3745,#3746,#3747,#3748,#3749,#3750),(#3751,
#3752,#3753,#3754,#3755,#3756,#3757,#3758,#3759,#3760,#3761,#3762,#3763,
#3764,#3765,#3766,#3767,#3768,#3769,#3770,#3771,#3772,#3773,#3774,#3775,
#3776,#3777,#3778,#3779,#3780,#3781),(#3782,#3783,#3784,#3785,#3786,#3787,
#3788,#3789,#3790,#3791,#3792,#3793,#3794,#3795,#3796,#3797,#3798,#3799,
#3800,#3801,#3802,#3803,#3804,#3805,#3806,#3807,#3808,#3809,#3810,#3811,
#3812),(#3813,#3814,#3815,#3816,#3817,#3818,#3819,#3820,#3821,#3822,#3823,
#3824,#3825,#3826,#3827,#3828,#3829,#3830,#3831,#3832,#3833,#3834,#3835,
#3836,#3837,#3838,#3839,#3840,#3841,#3842,#3843),(#3844,#3845,#3846,#3847,
#3848,#3849,#3850,#3851,#3852,#3853,#3854,#3855,#3856,#3857,#3858,#3859,
#3860,#3861,#3862,#3863,#3864,#3865,#3866,#3867,#3868,#3869,#3870,#3871,
#3872,#3873,#3874),(#3875,#3876,#3877,#3878,#3879,#3880,#3881,#3882,#3883,
#3884,#3885,#3886,#3887,#3888,#3889,#3890,#3891,#3892,#3893,#3894,#3895,
#3896,#3897,#3898,#3899,#3900,#3901,#3902,#3903,#3904,#3905),(#3906,#3907,
#3908,#3909,#3910,#3911,#3912,#3913,#3914,#3915,#3916,#3917,#3918,#3919,
#3920,#3921,#3922,#3923,#3924,#3925,#3926,#3927,#3928,#3929,#3930,#3931,
#3932,#3933,#3934,#3935,#3936),(#3937,#3938,#3939,#3940,#3941,#3942,#3943,
#3944,#3945,#3946,#3947,#3948,#3949,#3950,#3951,#3952,#3953,#3954,#3955,
#3956,#3957,#3958,#3959,#3960,#3961,#3962,#3963,#3964,#3965,#3966,#3967),
(#3968,#3969,#3970,#3971,#3972,#3973,#3974,#3975,#3976,#3977,#3978,#3979,
#3980,#3981,#3982,#3983,#3984,#3985,#3986,#3987,#3988,#3989,#3990,#3991,
#3992,#3993,#3994,#3995,#3996,#3997,#3998),(#3999,#4000,#4001,#4002,#4003,
#4004,#4005,#4006,#4007,#4008,#4009,#4010,#4011,#4012,#4013,#4014,#4015,
#4016,#4017,#4018,#4019,#4020,#4021,#4022,#4023,#4024,#4025,#4026,#4027,
#4028,#4029),(#4030,#4031,#4032,#4033,#4034,#4035,#4036,#4037,#4038,#4039,
#4040,#4041,#4042,#4043,#4044,#4045,#4046,#4047,#4048,#4049,#4050,#4051,
#4052,#4053,#4054,#4055,#4056,#4057,#4058,#4059,#4060),(#4061,#4062,#4063,
#4064,#4065,#4066,#4067,#4068,#4069,#4070,#4071,#4072,#4073,#4074,#4075,
#4076,#4077,#4078,#4079,#4080,#4081,#4082,#4083,#4084,#4085,#4086,#4087,
#4088,#4089,#4090,#4091),(#4092,#4093,#4094,#4095,#4096,#4097,#4098,#4099,
#4100,#4101,#4102,#4103,#4104,#4105,#4106,#4107,#4108,#4109,#4110,#4111,
#4112,#4113,#4114,#4115,#4116,#4117,#4118,#4119,#4120,#4121,#4122),(#4123,
#4124,#4125,#4126,#4127,#4128,#4129,#4130,#4131,#4132,#4133,#4134,#4135,
#4136,#4137,#4138,#4139,#4140,#4141,#4142,#4143,#4144,#4145,#4146,#4147,
#4148,#4149,#4150,#4151,#4152,#4153)),.UNSPECIFIED.,.T.,.F.,.F.,(4,1,1,
1,1,1,2,1,1,1,1,1,1,1,2,1,1,1,1,1,1,1,1,2,1,1,1,1,1,1,1,1,1,1,1,1,1,1,1,
2,1,1,1,1,1,1,4),(4,1,1,1,1,1,1,1,1,1,1,1,1,1,1,1,1,1,1,1,1,1,1,1,1,2,1,
4),(1.21107718260069,1.23441699279,1.25775680297931,1.28109661316862,1.30443642335794,
1.32777623354725,1.37445585392587,1.39303240068043,1.39748416691226,1.42051247989865,
1.44354079288504,1.46656910587143,1.48959741885782,1.51262573184421,1.5356540448306,
1.5773363984585,1.59123051633447,1.61901875208641,1.64680698783834,1.64782149353185,
1.65666346035766,1.67459522359028,1.71627757721818,1.73017169509415,1.78122213476383,
1.79380607750333,1.80674735459867,1.83227257443351,1.85779779426835,1.88330742836128,
1.88332301410319,1.90884823393803,1.93437345377287,1.95989867360771,1.98542389344255,
2.01094911327739,2.0327467872426,2.03647433311223,2.04923694302965,2.08752477278191,
2.12422139873069,2.13645360738028,2.16091802467947,2.18538244197866,2.20984685927784,
2.23431127657703,2.25877569387622),(0.,0.05,0.15,0.2,0.25,0.3,0.325,0.4,
0.45,0.5,0.53125,0.55,0.6,0.7,0.775,0.8,0.85,0.9,0.9125,0.95,0.975,0.9875,
0.9921875,0.99375,0.996875,1.,1.02149750722772,1.04299501445543),
 .UNSPECIFIED.);
#137=B_SPLINE_SURFACE_WITH_KNOTS('',3,3,((#4289,#4290,#4291,#4292,#4293,
#4294,#4295,#4296,#4297,#4298,#4299,#4300,#4301,#4302,#4303,#4304,#4305,
#4306,#4307,#4308),(#4309,#4310,#4311,#4312,#4313,#4314,#4315,#4316,#4317,
#4318,#4319,#4320,#4321,#4322,#4323,#4324,#4325,#4326,#4327,#4328),(#4329,
#4330,#4331,#4332,#4333,#4334,#4335,#4336,#4337,#4338,#4339,#4340,#4341,
#4342,#4343,#4344,#4345,#4346,#4347,#4348),(#4349,#4350,#4351,#4352,#4353,
#4354,#4355,#4356,#4357,#4358,#4359,#4360,#4361,#4362,#4363,#4364,#4365,
#4366,#4367,#4368),(#4369,#4370,#4371,#4372,#4373,#4374,#4375,#4376,#4377,
#4378,#4379,#4380,#4381,#4382,#4383,#4384,#4385,#4386,#4387,#4388),(#4389,
#4390,#4391,#4392,#4393,#4394,#4395,#4396,#4397,#4398,#4399,#4400,#4401,
#4402,#4403,#4404,#4405,#4406,#4407,#4408),(#4409,#4410,#4411,#4412,#4413,
#4414,#4415,#4416,#4417,#4418,#4419,#4420,#4421,#4422,#4423,#4424,#4425,
#4426,#4427,#4428),(#4429,#4430,#4431,#4432,#4433,#4434,#4435,#4436,#4437,
#4438,#4439,#4440,#4441,#4442,#4443,#4444,#4445,#4446,#4447,#4448),(#4449,
#4450,#4451,#4452,#4453,#4454,#4455,#4456,#4457,#4458,#4459,#4460,#4461,
#4462,#4463,#4464,#4465,#4466,#4467,#4468),(#4469,#4470,#4471,#4472,#4473,
#4474,#4475,#4476,#4477,#4478,#4479,#4480,#4481,#4482,#4483,#4484,#4485,
#4486,#4487,#4488),(#4489,#4490,#4491,#4492,#4493,#4494,#4495,#4496,#4497,
#4498,#4499,#4500,#4501,#4502,#4503,#4504,#4505,#4506,#4507,#4508),(#4509,
#4510,#4511,#4512,#4513,#4514,#4515,#4516,#4517,#4518,#4519,#4520,#4521,
#4522,#4523,#4524,#4525,#4526,#4527,#4528),(#4529,#4530,#4531,#4532,#4533,
#4534,#4535,#4536,#4537,#4538,#4539,#4540,#4541,#4542,#4543,#4544,#4545,
#4546,#4547,#4548),(#4549,#4550,#4551,#4552,#4553,#4554,#4555,#4556,#4557,
#4558,#4559,#4560,#4561,#4562,#4563,#4564,#4565,#4566,#4567,#4568),(#4569,
#4570,#4571,#4572,#4573,#4574,#4575,#4576,#4577,#4578,#4579,#4580,#4581,
#4582,#4583,#4584,#4585,#4586,#4587,#4588),(#4589,#4590,#4591,#4592,#4593,
#4594,#4595,#4596,#4597,#4598,#4599,#4600,#4601,#4602,#4603,#4604,#4605,
#4606,#4607,#4608),(#4609,#4610,#4611,#4612,#4613,#4614,#4615,#4616,#4617,
#4618,#4619,#4620,#4621,#4622,#4623,#4624,#4625,#4626,#4627,#4628),(#4629,
#4630,#4631,#4632,#4633,#4634,#4635,#4636,#4637,#4638,#4639,#4640,#4641,
#4642,#4643,#4644,#4645,#4646,#4647,#4648),(#4649,#4650,#4651,#4652,#4653,
#4654,#4655,#4656,#4657,#4658,#4659,#4660,#4661,#4662,#4663,#4664,#4665,
#4666,#4667,#4668),(#4669,#4670,#4671,#4672,#4673,#4674,#4675,#4676,#4677,
#4678,#4679,#4680,#4681,#4682,#4683,#4684,#4685,#4686,#4687,#4688),(#4689,
#4690,#4691,#4692,#4693,#4694,#4695,#4696,#4697,#4698,#4699,#4700,#4701,
#4702,#4703,#4704,#4705,#4706,#4707,#4708),(#4709,#4710,#4711,#4712,#4713,
#4714,#4715,#4716,#4717,#4718,#4719,#4720,#4721,#4722,#4723,#4724,#4725,
#4726,#4727,#4728),(#4729,#4730,#4731,#4732,#4733,#4734,#4735,#4736,#4737,
#4738,#4739,#4740,#4741,#4742,#4743,#4744,#4745,#4746,#4747,#4748),(#4749,
#4750,#4751,#4752,#4753,#4754,#4755,#4756,#4757,#4758,#4759,#4760,#4761,
#4762,#4763,#4764,#4765,#4766,#4767,#4768),(#4769,#4770,#4771,#4772,#4773,
#4774,#4775,#4776,#4777,#4778,#4779,#4780,#4781,#4782,#4783,#4784,#4785,
#4786,#4787,#4788),(#4789,#4790,#4791,#4792,#4793,#4794,#4795,#4796,#4797,
#4798,#4799,#4800,#4801,#4802,#4803,#4804,#4805,#4806,#4807,#4808),(#4809,
#4810,#4811,#4812,#4813,#4814,#4815,#4816,#4817,#4818,#4819,#4820,#4821,
#4822,#4823,#4824,#4825,#4826,#4827,#4828),(#4829,#4830,#4831,#4832,#4833,
#4834,#4835,#4836,#4837,#4838,#4839,#4840,#4841,#4842,#4843,#4844,#4845,
#4846,#4847,#4848),(#4849,#4850,#4851,#4852,#4853,#4854,#4855,#4856,#4857,
#4858,#4859,#4860,#4861,#4862,#4863,#4864,#4865,#4866,#4867,#4868),(#4869,
#4870,#4871,#4872,#4873,#4874,#4875,#4876,#4877,#4878,#4879,#4880,#4881,
#4882,#4883,#4884,#4885,#4886,#4887,#4888),(#4889,#4890,#4891,#4892,#4893,
#4894,#4895,#4896,#4897,#4898,#4899,#4900,#4901,#4902,#4903,#4904,#4905,
#4906,#4907,#4908),(#4909,#4910,#4911,#4912,#4913,#4914,#4915,#4916,#4917,
#4918,#4919,#4920,#4921,#4922,#4923,#4924,#4925,#4926,#4927,#4928),(#4929,
#4930,#4931,#4932,#4933,#4934,#4935,#4936,#4937,#4938,#4939,#4940,#4941,
#4942,#4943,#4944,#4945,#4946,#4947,#4948),(#4949,#4950,#4951,#4952,#4953,
#4954,#4955,#4956,#4957,#4958,#4959,#4960,#4961,#4962,#4963,#4964,#4965,
#4966,#4967,#4968),(#4969,#4970,#4971,#4972,#4973,#4974,#4975,#4976,#4977,
#4978,#4979,#4980,#4981,#4982,#4983,#4984,#4985,#4986,#4987,#4988),(#4989,
#4990,#4991,#4992,#4993,#4994,#4995,#4996,#4997,#4998,#4999,#5000,#5001,
#5002,#5003,#5004,#5005,#5006,#5007,#5008),(#5009,#5010,#5011,#5012,#5013,
#5014,#5015,#5016,#5017,#5018,#5019,#5020,#5021,#5022,#5023,#5024,#5025,
#5026,#5027,#5028),(#5029,#5030,#5031,#5032,#5033,#5034,#5035,#5036,#5037,
#5038,#5039,#5040,#5041,#5042,#5043,#5044,#5045,#5046,#5047,#5048),(#5049,
#5050,#5051,#5052,#5053,#5054,#5055,#5056,#5057,#5058,#5059,#5060,#5061,
#5062,#5063,#5064,#5065,#5066,#5067,#5068),(#5069,#5070,#5071,#5072,#5073,
#5074,#5075,#5076,#5077,#5078,#5079,#5080,#5081,#5082,#5083,#5084,#5085,
#5086,#5087,#5088),(#5089,#5090,#5091,#5092,#5093,#5094,#5095,#5096,#5097,
#5098,#5099,#5100,#5101,#5102,#5103,#5104,#5105,#5106,#5107,#5108),(#5109,
#5110,#5111,#5112,#5113,#5114,#5115,#5116,#5117,#5118,#5119,#5120,#5121,
#5122,#5123,#5124,#5125,#5126,#5127,#5128),(#5129,#5130,#5131,#5132,#5133,
#5134,#5135,#5136,#5137,#5138,#5139,#5140,#5141,#5142,#5143,#5144,#5145,
#5146,#5147,#5148),(#5149,#5150,#5151,#5152,#5153,#5154,#5155,#5156,#5157,
#5158,#5159,#5160,#5161,#5162,#5163,#5164,#5165,#5166,#5167,#5168),(#5169,
#5170,#5171,#5172,#5173,#5174,#5175,#5176,#5177,#5178,#5179,#5180,#5181,
#5182,#5183,#5184,#5185,#5186,#5187,#5188),(#5189,#5190,#5191,#5192,#5193,
#5194,#5195,#5196,#5197,#5198,#5199,#5200,#5201,#5202,#5203,#5204,#5205,
#5206,#5207,#5208),(#5209,#5210,#5211,#5212,#5213,#5214,#5215,#5216,#5217,
#5218,#5219,#5220,#5221,#5222,#5223,#5224,#5225,#5226,#5227,#5228),(#5229,
#5230,#5231,#5232,#5233,#5234,#5235,#5236,#5237,#5238,#5239,#5240,#5241,
#5242,#5243,#5244,#5245,#5246,#5247,#5248),(#5249,#5250,#5251,#5252,#5253,
#5254,#5255,#5256,#5257,#5258,#5259,#5260,#5261,#5262,#5263,#5264,#5265,
#5266,#5267,#5268),(#5269,#5270,#5271,#5272,#5273,#5274,#5275,#5276,#5277,
#5278,#5279,#5280,#5281,#5282,#5283,#5284,#5285,#5286,#5287,#5288),(#5289,
#5290,#5291,#5292,#5293,#5294,#5295,#5296,#5297,#5298,#5299,#5300,#5301,
#5302,#5303,#5304,#5305,#5306,#5307,#5308)),.UNSPECIFIED.,.T.,.F.,.F.,(4,
1,1,1,1,1,1,1,1,1,1,1,1,1,1,1,2,1,1,1,1,1,2,1,1,1,1,1,1,1,2,1,1,1,1,1,1,
1,1,1,1,1,1,1,1,4),(4,1,1,1,1,1,1,1,1,1,1,1,1,1,1,1,1,4),(0.,0.0204223339156464,
0.0408446678312928,0.0612670017469392,0.0816893356625855,0.108919114216781,
0.125937725813153,0.136148892770976,0.163378671325171,0.176993560602269,
0.190608449879366,0.217838228433561,0.245068006987757,0.265490340903403,
0.285912674819049,0.306335008734696,0.326757342650342,0.364774543629877,
0.383783144119644,0.402791744609411,0.421800345099179,0.440808945588946,
0.47882614656848,0.501405685599209,0.523985224629937,0.546564763660665,
0.569144302691394,0.591723841722122,0.614303380752851,0.636882919783579,
0.659462458814307,0.680746055138413,0.702029651462519,0.723313247786625,
0.74459684411073,0.772974972542872,0.801353100975013,0.829731229407154,
0.843920293623224,0.858109357839295,0.886487486271436,0.914865614703577,
0.936149211027683,0.957432807351788,0.978716403675894,1.),(0.,0.0714285714285715,
0.142857142857143,0.214285714285715,0.285714285714286,0.333333333333334,
0.380952380952381,0.428571428571429,0.476190476190477,0.523809523809524,
0.571428571428572,0.642857142857144,0.678571428571429,0.714285714285715,
0.785714285714287,0.857142857142858,0.92857142857143,1.),.UNSPECIFIED.);
#138=B_SPLINE_SURFACE_WITH_KNOTS('',3,3,((#5485,#5486,#5487,#5488),(#5489,
#5490,#5491,#5492),(#5493,#5494,#5495,#5496),(#5497,#5498,#5499,#5500),
(#5501,#5502,#5503,#5504),(#5505,#5506,#5507,#5508),(#5509,#5510,#5511,
#5512),(#5513,#5514,#5515,#5516),(#5517,#5518,#5519,#5520),(#5521,#5522,
#5523,#5524)),.UNSPECIFIED.,.F.,.F.,.F.,(4,1,1,1,1,1,1,4),(4,4),(0.659462458814307,
0.708110678983692,0.732434789068384,0.805407119322461,0.854055339491846,
0.902703559661231,0.951351779830615,1.),(-0.400000000000001,0.),
 .UNSPECIFIED.);
#139=ADVANCED_FACE('',(#25),#132,.T.);
#140=ADVANCED_FACE('',(#26),#133,.T.);
#141=ADVANCED_FACE('',(#27),#134,.T.);
#142=ADVANCED_FACE('',(#28),#135,.T.);
#143=ADVANCED_FACE('',(#29),#136,.T.);
#144=ADVANCED_FACE('',(#30),#15,.F.);
#145=ADVANCED_FACE('',(#31),#137,.F.);
#146=ADVANCED_FACE('',(#32),#16,.T.);
#147=ADVANCED_FACE('',(#33),#138,.T.);
#148=CLOSED_SHELL('',(#139,#140,#141,#142,#143,#144,#145,#146,#147));
#149=DERIVED_UNIT_ELEMENT(#151,1.);
#150=DERIVED_UNIT_ELEMENT(#5530,-3.);
#151=(
MASS_UNIT()
NAMED_UNIT(*)
SI_UNIT(.KILO.,.GRAM.)
);
#152=DERIVED_UNIT((#149,#150));
#153=MEASURE_REPRESENTATION_ITEM('density measure',
POSITIVE_RATIO_MEASURE(7850.),#152);
#154=PROPERTY_DEFINITION_REPRESENTATION(#159,#156);
#155=PROPERTY_DEFINITION_REPRESENTATION(#160,#157);
#156=REPRESENTATION('material name',(#158),#5527);
#157=REPRESENTATION('density',(#153),#5527);
#158=DESCRIPTIVE_REPRESENTATION_ITEM('Steel','Steel');
#159=PROPERTY_DEFINITION('material property','material name',#5537);
#160=PROPERTY_DEFINITION('material property','density of part',#5537);
#161=AXIS2_PLACEMENT_3D('',#174,#164,#165);
#162=AXIS2_PLACEMENT_3D('',#4288,#170,#171);
#163=AXIS2_PLACEMENT_3D('',#5484,#172,#173);
#164=DIRECTION('axis',(0.,0.,1.));
#165=DIRECTION('refdir',(1.,0.,0.));
#166=DIRECTION('',(0.00407915920387094,0.962575771985622,-0.270981998749869));
#167=DIRECTION('',(-0.886568262706991,-0.381695619066667,-0.261352577844608));
#168=DIRECTION('',(-0.0769565396458879,-0.974027526956537,-0.212950857562638));
#169=DIRECTION('',(-0.824851338460813,0.263899623794979,0.499977257483052));
#170=DIRECTION('center_axis',(0.,0.,1.));
#171=DIRECTION('ref_axis',(1.,0.,0.));
#172=DIRECTION('center_axis',(0.,0.,1.));
#173=DIRECTION('ref_axis',(1.,0.,0.));
#174=CARTESIAN_POINT('',(0.,0.,0.));
#175=CARTESIAN_POINT('Ctrl Pts',(33.3426227903993,1.03787217148423,77.0000150706018));
#176=CARTESIAN_POINT('Ctrl Pts',(32.6716599135975,0.839453339984462,75.9852133603383));
#177=CARTESIAN_POINT('Ctrl Pts',(29.1672920574562,0.325276774529709,72.2392995640905));
#178=CARTESIAN_POINT('Ctrl Pts',(19.4616793526646,-0.099884184541678,66.7767028670584));
#179=CARTESIAN_POINT('Ctrl Pts',(8.64474778805939,-0.426185370597226,61.7507075331942));
#180=CARTESIAN_POINT('Ctrl Pts',(0.710692782169156,-0.609111508890356,58.1883779512903));
#181=CARTESIAN_POINT('Ctrl Pts',(-5.39057537805487,-0.714747784023623,55.4836847737747));
#182=CARTESIAN_POINT('Ctrl Pts',(-12.3001752841198,-0.796926792474413,52.5091509198125));
#183=CARTESIAN_POINT('Ctrl Pts',(-18.7927147520342,-0.821786144753764,49.9528001316285));
#184=CARTESIAN_POINT('Ctrl Pts',(-26.9543414248721,-0.76925516742264,47.5269471030602));
#185=CARTESIAN_POINT('Ctrl Pts',(-33.9411100323185,-0.688700231542847,45.9728776922369));
#186=CARTESIAN_POINT('Ctrl Pts',(-39.9114814958018,-0.609519111428929,44.8949056613646));
#187=CARTESIAN_POINT('Ctrl Pts',(-46.2390686936393,-0.522817740981567,43.8466810535333));
#188=CARTESIAN_POINT('Ctrl Pts',(-57.6624078918893,-0.364454390196889,42.0854426379785));
#189=CARTESIAN_POINT('Ctrl Pts',(-73.9022788964558,-0.151464733561363,39.2480375855486));
#190=CARTESIAN_POINT('Ctrl Pts',(-86.1794720002257,-0.0302912140815043,
34.8270949884885));
#191=CARTESIAN_POINT('Ctrl Pts',(-93.5641026082379,0.0158103107088516,30.051372776463));
#192=CARTESIAN_POINT('Ctrl Pts',(-98.4212233597281,0.0244978869103332,24.8749989377607));
#193=CARTESIAN_POINT('Ctrl Pts',(-100.313427529886,0.00854879079094998,
18.7406889170007));
#194=CARTESIAN_POINT('Ctrl Pts',(-100.417666209215,-0.00873562099555902,
12.9630223403769));
#195=CARTESIAN_POINT('Ctrl Pts',(-99.6597014725936,-0.0253375888520548,
8.45769179092289));
#196=CARTESIAN_POINT('Ctrl Pts',(-97.9376151511765,-0.0472588032262591,
3.76551786567402));
#197=CARTESIAN_POINT('Ctrl Pts',(-96.6698639315645,-0.0623190929602573,
1.037602287315));
#198=CARTESIAN_POINT('Ctrl Pts',(-96.0432183267606,-0.0694717113922894,
-0.189388067650956));
#199=CARTESIAN_POINT('Ctrl Pts',(-95.7182423347963,-0.0731848325473088,
-0.810300520849239));
#200=CARTESIAN_POINT('Ctrl Pts',(-95.4450022803226,-0.076336245588093,-1.31982320038005));
#201=CARTESIAN_POINT('Ctrl Pts',(-95.2086962910747,-0.0789025301020402,
-1.74937163777537));
#202=CARTESIAN_POINT('Ctrl Pts',(-94.3439824147151,-0.0894245262314253,
-3.29983343913925));
#203=CARTESIAN_POINT('Ctrl Pts',(-92.8456547373762,-0.107768005197066,-5.98669716881051));
#204=CARTESIAN_POINT('Ctrl Pts',(-91.3417159860534,-0.125924482955486,-8.68338296748998));
#205=CARTESIAN_POINT('Ctrl Pts',(-90.5914460094575,-0.134965150478327,-10.0287121904944));
#206=CARTESIAN_POINT('Ctrl Pts',(33.3442616760629,1.04297401002444,77.0000308581427));
#207=CARTESIAN_POINT('Ctrl Pts',(32.6732029414895,0.844708213205738,75.985175103762));
#208=CARTESIAN_POINT('Ctrl Pts',(29.1686234803516,0.331043701850094,72.2392137841269));
#209=CARTESIAN_POINT('Ctrl Pts',(19.4628615285671,-0.0931787464899555,66.77658141683));
#210=CARTESIAN_POINT('Ctrl Pts',(8.64578241878126,-0.418410802848399,61.7505363420983));
#211=CARTESIAN_POINT('Ctrl Pts',(0.71162489403202,-0.600485875749751,58.1881722525725));
#212=CARTESIAN_POINT('Ctrl Pts',(-5.38972942142892,-0.70541007093428,55.4834519669649));
#213=CARTESIAN_POINT('Ctrl Pts',(-12.2994326335872,-0.786765379022981,52.5088903457885));
#214=CARTESIAN_POINT('Ctrl Pts',(-18.792080192182,-0.810873118579281,49.9525156909229));
#215=CARTESIAN_POINT('Ctrl Pts',(-26.9538334934786,-0.757525256198763,47.5266402724826));
#216=CARTESIAN_POINT('Ctrl Pts',(-33.9406919124077,-0.676340921977838,45.9725571824906));
#217=CARTESIAN_POINT('Ctrl Pts',(-39.9111268475463,-0.596652765879846,44.8945773976));
#218=CARTESIAN_POINT('Ctrl Pts',(-46.238774320473,-0.509431830583164,43.8463455566743));
#219=CARTESIAN_POINT('Ctrl Pts',(-57.6622073578893,-0.350140335964139,42.085101625305));
#220=CARTESIAN_POINT('Ctrl Pts',(-73.9021782664803,-0.135832770199276,39.2476963420301));
#221=CARTESIAN_POINT('Ctrl Pts',(-86.1794206918059,-0.0132099241576661,
34.8267913249331));
#222=CARTESIAN_POINT('Ctrl Pts',(-93.5640897287149,0.0342260854248271,30.0511411436357));
#223=CARTESIAN_POINT('Ctrl Pts',(-98.4212785696252,0.0441712449318931,24.8748483054302));
#224=CARTESIAN_POINT('Ctrl Pts',(-100.313563809193,0.0288527652870926,18.7405469031443));
#225=CARTESIAN_POINT('Ctrl Pts',(-100.417813595007,0.0117111437071569,12.9628766480788));
#226=CARTESIAN_POINT('Ctrl Pts',(-99.6598372939712,-0.00489998728083151,
8.45755879921091));
#227=CARTESIAN_POINT('Ctrl Pts',(-97.937725507715,-0.0268900451379824,3.76541502097579));
#228=CARTESIAN_POINT('Ctrl Pts',(-96.6699596235465,-0.0419837585662537,
1.03752184058467));
#229=CARTESIAN_POINT('Ctrl Pts',(-96.043306787934,-0.0491531805774839,-0.18945801564869));
#230=CARTESIAN_POINT('Ctrl Pts',(-95.71832725242,-0.0528749205717936,-0.810364967515357));
#231=CARTESIAN_POINT('Ctrl Pts',(-95.4450844316884,-0.0560294366266304,
-1.3198830211216));
#232=CARTESIAN_POINT('Ctrl Pts',(-95.2087755514542,-0.0586076143059167,
-1.74942770038001));
#233=CARTESIAN_POINT('Ctrl Pts',(-94.3440556729157,-0.069101818896905,-3.29987403892206));
#234=CARTESIAN_POINT('Ctrl Pts',(-92.8457183656179,-0.0873864266720074,
-5.98671069394551));
#235=CARTESIAN_POINT('Ctrl Pts',(-91.3417696743418,-0.105490080921319,-8.68336950079359));
#236=CARTESIAN_POINT('Ctrl Pts',(-90.5914948665716,-0.114502983850431,-10.0286852235554));
#237=CARTESIAN_POINT('Ctrl Pts',(33.3459022166209,1.04807434995223,77.0000468081979));
#238=CARTESIAN_POINT('Ctrl Pts',(32.674747619811,0.849961886464224,75.9851369339773));
#239=CARTESIAN_POINT('Ctrl Pts',(29.1699568477353,0.336810011350739,72.239128232318));
#240=CARTESIAN_POINT('Ctrl Pts',(19.4640470430756,-0.0864737708659281,66.7764605323792));
#241=CARTESIAN_POINT('Ctrl Pts',(8.64682199356888,-0.410636751976925,61.7503659033402));
#242=CARTESIAN_POINT('Ctrl Pts',(0.71256316316996,-0.591860886513682,58.1879673784668));
#243=CARTESIAN_POINT('Ctrl Pts',(-5.38887635853031,-0.696073151038182,55.4832199686686));
#244=CARTESIAN_POINT('Ctrl Pts',(-12.2986817907149,-0.77660497573033,52.5086305011028));
#245=CARTESIAN_POINT('Ctrl Pts',(-18.7914364236603,-0.79996136829499,49.9522318241865));
#246=CARTESIAN_POINT('Ctrl Pts',(-26.9533150196757,-0.745796929448649,47.5263337243106));
#247=CARTESIAN_POINT('Ctrl Pts',(-33.9402620628876,-0.663983385211471,45.9722366570658));
#248=CARTESIAN_POINT('Ctrl Pts',(-39.9107594405828,-0.583788294469876,44.8942488389535));
#249=CARTESIAN_POINT('Ctrl Pts',(-46.2384661003423,-0.496047869437871,43.8460094705966));
#250=CARTESIAN_POINT('Ctrl Pts',(-57.6619909898613,-0.335828278997075,42.0847594570462));
#251=CARTESIAN_POINT('Ctrl Pts',(-73.9020590063389,-0.120202681248688,39.2473532030926));
#252=CARTESIAN_POINT('Ctrl Pts',(-86.1793483084372,0.00386985048602684,
34.8264848969568));
#253=CARTESIAN_POINT('Ctrl Pts',(-93.5640534587477,0.0526412494834974,30.0509059965249));
#254=CARTESIAN_POINT('Ctrl Pts',(-98.4213076607942,0.0638457486398734,24.8746941021537));
#255=CARTESIAN_POINT('Ctrl Pts',(-100.31367261248,0.0491589346291676,18.7404031159588));
#256=CARTESIAN_POINT('Ctrl Pts',(-100.417933619434,0.0321599470152072,12.9627306143323));
#257=CARTESIAN_POINT('Ctrl Pts',(-99.6599461828654,0.0155393541786806,8.45742632548149));
#258=CARTESIAN_POINT('Ctrl Pts',(-97.937809590858,-0.00651986199018983,
3.76531329067953));
#259=CARTESIAN_POINT('Ctrl Pts',(-96.6700294098387,-0.021647102957179,1.03744280980071));
#260=CARTESIAN_POINT('Ctrl Pts',(-96.0433695196103,-0.0288333741978621,
-0.189526422980416));
#261=CARTESIAN_POINT('Ctrl Pts',(-95.7183865281355,-0.032563752033826,-0.81042780992161));
#262=CARTESIAN_POINT('Ctrl Pts',(-95.4451410061597,-0.0357213797973626,
-1.31994118771802));
#263=CARTESIAN_POINT('Ctrl Pts',(-95.2088293090036,-0.0383114732138905,
-1.74948206543955));
#264=CARTESIAN_POINT('Ctrl Pts',(-94.3441035462686,-0.0487778343591438,
-3.29991279732416));
#265=CARTESIAN_POINT('Ctrl Pts',(-92.8457567966882,-0.0670034534320703,
-5.9867221302603));
#266=CARTESIAN_POINT('Ctrl Pts',(-91.341798380507,-0.0850541630273804,-8.68335369678529));
#267=CARTESIAN_POINT('Ctrl Pts',(-90.5915188492757,-0.094039234255435,-10.0286557957275));
#268=CARTESIAN_POINT('Ctrl Pts',(33.771667550922,2.37003136791069,77.0042243899646));
#269=CARTESIAN_POINT('Ctrl Pts',(33.0756579735226,2.21175067157347,75.9752633680897));
#270=CARTESIAN_POINT('Ctrl Pts',(29.5161577451577,1.83165916280152,72.2170067325004));
#271=CARTESIAN_POINT('Ctrl Pts',(19.7722765790214,1.65177979018305,66.7452660826491));
#272=CARTESIAN_POINT('Ctrl Pts',(8.91763111431682,1.60477737045199,61.7063720954038));
#273=CARTESIAN_POINT('Ctrl Pts',(0.957422175928616,1.64413948825168,58.1350643944451));
#274=CARTESIAN_POINT('Ctrl Pts',(-5.1658619852109,1.72446774227756,55.4232804135276));
#275=CARTESIAN_POINT('Ctrl Pts',(-12.1018875291888,1.8573806673013,52.4414507730569));
#276=CARTESIAN_POINT('Ctrl Pts',(-18.6221389186606,2.02875386474592,49.8787836967777));
#277=CARTESIAN_POINT('Ctrl Pts',(-26.8161557659475,2.29454854352588,47.4469294519367));
#278=CARTESIAN_POINT('Ctrl Pts',(-33.8257717582874,2.53944583164984,45.889131230102));
#279=CARTESIAN_POINT('Ctrl Pts',(-39.8121911364004,2.75104542447728,44.8089882270776));
#280=CARTESIAN_POINT('Ctrl Pts',(-46.1549603504806,2.97345227287558,43.7587208836899));
#281=CARTESIAN_POINT('Ctrl Pts',(-57.6017834235645,3.37428290141479,41.9957469914376));
#282=CARTESIAN_POINT('Ctrl Pts',(-73.8663022632176,3.93166103653727,39.157897131406));
#283=CARTESIAN_POINT('Ctrl Pts',(-86.1551103058981,4.43168040574197,34.7463209761721));
#284=CARTESIAN_POINT('Ctrl Pts',(-93.5485766895291,4.82690711030141,29.9890275323015));
#285=CARTESIAN_POINT('Ctrl Pts',(-98.4220669642209,5.16507147351293,24.8337864125579));
#286=CARTESIAN_POINT('Ctrl Pts',(-100.334745202885,5.31442658621648,18.7026636574992));
#287=CARTESIAN_POINT('Ctrl Pts',(-100.441945467298,5.33436684889892,12.924781188096));
#288=CARTESIAN_POINT('Ctrl Pts',(-99.6811826776552,5.31521530171596,8.42321597979545));
#289=CARTESIAN_POINT('Ctrl Pts',(-97.9527863403363,5.27514372115206,3.73922855061668));
#290=CARTESIAN_POINT('Ctrl Pts',(-96.6813951204634,5.25129688433801,1.01732154027225));
#291=CARTESIAN_POINT('Ctrl Pts',(-96.0529520369134,5.23973029147645,-0.206861033985074));
#292=CARTESIAN_POINT('Ctrl Pts',(-95.7270958114792,5.23375546612645,-0.826303126447579));
#293=CARTESIAN_POINT('Ctrl Pts',(-95.4531668539104,5.22978880769761,-1.33459128414185));
#294=CARTESIAN_POINT('Ctrl Pts',(-95.2161440901423,5.22410349809393,-1.76313529579935));
#295=CARTESIAN_POINT('Ctrl Pts',(-94.3499233923941,5.22086944270086,-3.30948243465488));
#296=CARTESIAN_POINT('Ctrl Pts',(-92.8491773007167,5.21796805147182,-5.98914388100182));
#297=CARTESIAN_POINT('Ctrl Pts',(-91.3427533949578,5.2136755035675,-8.67864848896517));
#298=CARTESIAN_POINT('Ctrl Pts',(-90.5912772037238,5.21192365162056,-10.0203863337707));
#299=CARTESIAN_POINT('Ctrl Pts',(34.4932696055486,4.06849445425688,77.0021358228006));
#300=CARTESIAN_POINT('Ctrl Pts',(33.7751789124103,3.97045218082862,75.955197803755));
#301=CARTESIAN_POINT('Ctrl Pts',(30.1873337586444,3.76616588285054,72.2018941756289));
#302=CARTESIAN_POINT('Ctrl Pts',(20.5308433832282,3.91951783517835,66.752123067643));
#303=CARTESIAN_POINT('Ctrl Pts',(9.78350203482957,4.27992110529963,61.7167737590891));
#304=CARTESIAN_POINT('Ctrl Pts',(1.90551806821272,4.6470417605637,58.1426495538191));
#305=CARTESIAN_POINT('Ctrl Pts',(-4.15665422376633,5.00461975001142,55.4221832964761));
#306=CARTESIAN_POINT('Ctrl Pts',(-11.026449665192,5.46036872925268,52.4255342226769));
#307=CARTESIAN_POINT('Ctrl Pts',(-17.4914908966553,5.93195249254034,49.8414439346222));
#308=CARTESIAN_POINT('Ctrl Pts',(-25.6127190821458,6.52526300089766,47.3737622264029));
#309=CARTESIAN_POINT('Ctrl Pts',(-32.5521045522032,7.01766281146255,45.7823267042742));
#310=CARTESIAN_POINT('Ctrl Pts',(-38.4739543158855,7.42396278113208,44.6723245106961));
#311=CARTESIAN_POINT('Ctrl Pts',(-44.7469330828633,7.84258738195694,43.5921569819933));
#312=CARTESIAN_POINT('Ctrl Pts',(-56.0616812191061,8.58667713207656,41.7724217468758));
#313=CARTESIAN_POINT('Ctrl Pts',(-72.1336778375888,9.60621283247997,38.8732349133412));
#314=CARTESIAN_POINT('Ctrl Pts',(-84.2426437360528,10.5968489404888,34.4005689269077));
#315=CARTESIAN_POINT('Ctrl Pts',(-91.4477038921556,11.3918487293999,29.5845894004556));
#316=CARTESIAN_POINT('Ctrl Pts',(-96.0881369453296,12.0372944359452,24.4303050362523));
#317=CARTESIAN_POINT('Ctrl Pts',(-97.8748764216926,12.342857253836,18.4694889230415));
#318=CARTESIAN_POINT('Ctrl Pts',(-97.9936549798547,12.43300173103,12.8352170063194));
#319=CARTESIAN_POINT('Ctrl Pts',(-97.2708372050095,12.4363303083908,8.42122621911341));
#320=CARTESIAN_POINT('Ctrl Pts',(-95.5954162648647,12.3951418950685,3.80498368621822));
#321=CARTESIAN_POINT('Ctrl Pts',(-94.3512260338089,12.3664181745517,1.11926445569982));
#322=CARTESIAN_POINT('Ctrl Pts',(-93.7356387579276,12.351768083432,-0.0891936917459167));
#323=CARTESIAN_POINT('Ctrl Pts',(-93.4160846227864,12.3439008512928,-0.700696726355241));
#324=CARTESIAN_POINT('Ctrl Pts',(-93.1465777389367,12.3392018255451,-1.20247077706249));
#325=CARTESIAN_POINT('Ctrl Pts',(-92.9151812188678,12.3308373764416,-1.62567644908216));
#326=CARTESIAN_POINT('Ctrl Pts',(-92.0541436634367,12.3323244188229,-3.15176221032275));
#327=CARTESIAN_POINT('Ctrl Pts',(-90.5601873025844,12.3389513259759,-5.79611900419607));
#328=CARTESIAN_POINT('Ctrl Pts',(-89.0622076006066,12.3412185698887,-8.45022874844835));
#329=CARTESIAN_POINT('Ctrl Pts',(-88.3147115020186,12.3425730256051,-9.77427247532674));
#330=CARTESIAN_POINT('Ctrl Pts',(35.8550327983818,6.45993341805597,76.9750854715307));
#331=CARTESIAN_POINT('Ctrl Pts',(35.1233710760899,6.44060335450582,75.9109133683222));
#332=CARTESIAN_POINT('Ctrl Pts',(31.5723950177419,6.46621616221819,72.2028331996454));
#333=CARTESIAN_POINT('Ctrl Pts',(22.2521870069395,7.07742918554097,66.8388368396396));
#334=CARTESIAN_POINT('Ctrl Pts',(11.894719563923,8.01731740583747,61.8414986812874));
#335=CARTESIAN_POINT('Ctrl Pts',(4.3058671553499,8.84964454797737,58.2769632247667));
#336=CARTESIAN_POINT('Ctrl Pts',(-1.53983226356094,9.59993749609342,55.5432981469448));
#337=CARTESIAN_POINT('Ctrl Pts',(-8.17290842155796,10.5132844997143,52.5128120637338));
#338=CARTESIAN_POINT('Ctrl Pts',(-14.432014682735,11.4156914247413,49.868527730707));
#339=CARTESIAN_POINT('Ctrl Pts',(-22.2915766756465,12.4737113756573,47.2953416450978));
#340=CARTESIAN_POINT('Ctrl Pts',(-28.9922212964761,13.3062995803114,45.6029990640522));
#341=CARTESIAN_POINT('Ctrl Pts',(-34.701329108,13.9721697275389,44.4030778096389));
#342=CARTESIAN_POINT('Ctrl Pts',(-40.7461165831719,14.6510203956127,43.2277773090848));
#343=CARTESIAN_POINT('Ctrl Pts',(-51.6374911048312,15.8353184337483,41.2339002946308));
#344=CARTESIAN_POINT('Ctrl Pts',(-67.0945488336004,17.4373935553253,38.0994089924451));
#345=CARTESIAN_POINT('Ctrl Pts',(-78.6560014762674,18.9222070490362,33.4409038579274));
#346=CARTESIAN_POINT('Ctrl Pts',(-85.4107511331713,20.0308109189619,28.5587768476449));
#347=CARTESIAN_POINT('Ctrl Pts',(-89.6309411024658,20.8572967717975,23.4863220209198));
#348=CARTESIAN_POINT('Ctrl Pts',(-91.2103726958817,21.2450735915861,17.8478330406553));
#349=CARTESIAN_POINT('Ctrl Pts',(-91.3068656828249,21.3897268150975,12.4982057572039));
#350=CARTESIAN_POINT('Ctrl Pts',(-90.6217591295704,21.412519032832,8.2844952498202));
#351=CARTESIAN_POINT('Ctrl Pts',(-89.0247652234863,21.3662718207898,3.84960682697991));
#352=CARTESIAN_POINT('Ctrl Pts',(-87.8293555402217,21.3259923693227,1.26657184570403));
#353=CARTESIAN_POINT('Ctrl Pts',(-87.2374982867168,21.3049874638508,0.103451047583365));
#354=CARTESIAN_POINT('Ctrl Pts',(-86.9300660275303,21.2934356967966,-0.484884876721002));
#355=CARTESIAN_POINT('Ctrl Pts',(-86.6695552307987,21.2859330328148,-0.968073772358975));
#356=CARTESIAN_POINT('Ctrl Pts',(-86.4484640926586,21.2743679280541,-1.37496842014895));
#357=CARTESIAN_POINT('Ctrl Pts',(-85.6048203154094,21.2685542030452,-2.84659975088341));
#358=CARTESIAN_POINT('Ctrl Pts',(-84.1379969585755,21.2616597380261,-5.39716638669133));
#359=CARTESIAN_POINT('Ctrl Pts',(-82.6690901950864,21.2468135978225,-7.95667441103929));
#360=CARTESIAN_POINT('Ctrl Pts',(-81.9357023240867,21.238890506405,-9.23357340367506));
#361=CARTESIAN_POINT('Ctrl Pts',(37.1577714704736,8.34766056108101,76.9363734864703));
#362=CARTESIAN_POINT('Ctrl Pts',(36.4275699417358,8.38642886335414,75.8645094414433));
#363=CARTESIAN_POINT('Ctrl Pts',(32.953305413311,8.58478323308285,72.2155443991299));
#364=CARTESIAN_POINT('Ctrl Pts',(24.017381523566,9.54291544279974,66.9532572391258));
#365=CARTESIAN_POINT('Ctrl Pts',(14.0960575561623,10.9274799626234,62.0063125271734));
#366=CARTESIAN_POINT('Ctrl Pts',(6.82509299491394,12.114604456995,58.4575862853386));
#367=CARTESIAN_POINT('Ctrl Pts',(1.21435708990599,13.1616965972544,55.7127839452212));
#368=CARTESIAN_POINT('Ctrl Pts',(-5.16449599537917,14.4178932600435,52.6472423038612));
#369=CARTESIAN_POINT('Ctrl Pts',(-11.2049089660478,15.6395239339989,49.9365549550512));
#370=CARTESIAN_POINT('Ctrl Pts',(-18.788495957795,17.0308358710183,47.2445711551216));
#371=CARTESIAN_POINT('Ctrl Pts',(-25.2367015967538,18.1002385567168,45.4387925780331));
#372=CARTESIAN_POINT('Ctrl Pts',(-30.7193739714228,18.9441513996455,44.1369619434864));
#373=CARTESIAN_POINT('Ctrl Pts',(-36.5208126440472,19.8006091038947,42.8545271126455));
#374=CARTESIAN_POINT('Ctrl Pts',(-46.9581111280786,21.2828093542849,40.6606208005058));
#375=CARTESIAN_POINT('Ctrl Pts',(-61.7545144179316,23.275710077521,37.2605695981977));
#376=CARTESIAN_POINT('Ctrl Pts',(-72.7222672079814,25.0750036501828,32.3781153430842));
#377=CARTESIAN_POINT('Ctrl Pts',(-78.9875874939374,26.3073545311682,27.4160636997035));
#378=CARTESIAN_POINT('Ctrl Pts',(-82.7908481841522,27.1341021285015,22.45500261732));
#379=CARTESIAN_POINT('Ctrl Pts',(-84.172144436362,27.5104525164182,17.1528220031784));
#380=CARTESIAN_POINT('Ctrl Pts',(-84.2263408210232,27.667034773386,12.1082925621351));
#381=CARTESIAN_POINT('Ctrl Pts',(-83.5651240341288,27.6956371659701,8.11968669298457));
#382=CARTESIAN_POINT('Ctrl Pts',(-82.0390410507342,27.6421955952538,3.8948984213806));
#383=CARTESIAN_POINT('Ctrl Pts',(-80.8921602263677,27.5903056643354,1.43091351575499));
#384=CARTESIAN_POINT('Ctrl Pts',(-80.3240475716271,27.5631004711814,0.320301933278513));
#385=CARTESIAN_POINT('Ctrl Pts',(-80.0290035979286,27.5481549366707,-0.241145174218023));
#386=CARTESIAN_POINT('Ctrl Pts',(-79.7776887821491,27.5373596409771,-0.703059982040196));
#387=CARTESIAN_POINT('Ctrl Pts',(-79.5671053386195,27.5237899264598,-1.09067005618151));
#388=CARTESIAN_POINT('Ctrl Pts',(-78.7422566182819,27.5033220261959,-2.50237529885508));
#389=CARTESIAN_POINT('Ctrl Pts',(-77.3046836820782,27.4685379852705,-4.9504976727983));
#390=CARTESIAN_POINT('Ctrl Pts',(-75.8660369585614,27.4233902592125,-7.40638097398734));
#391=CARTESIAN_POINT('Ctrl Pts',(-75.1471448643229,27.3994248731228,-8.63176881048033));
#392=CARTESIAN_POINT('Ctrl Pts',(38.968037229824,10.4226140939286,76.862122202534));
#393=CARTESIAN_POINT('Ctrl Pts',(38.2587411067259,10.5192075092136,75.7896794785526));
#394=CARTESIAN_POINT('Ctrl Pts',(34.9514513258877,10.9071578874876,72.2323231268537));
#395=CARTESIAN_POINT('Ctrl Pts',(26.6349843709905,12.2430799315823,67.1244551850301));
#396=CARTESIAN_POINT('Ctrl Pts',(17.4162198357866,14.1002379134715,62.254638638161));
#397=CARTESIAN_POINT('Ctrl Pts',(10.6586291292986,15.6569091264419,58.727168568414));
#398=CARTESIAN_POINT('Ctrl Pts',(5.43156405233294,17.0057714286175,55.9608713713044));
#399=CARTESIAN_POINT('Ctrl Pts',(-0.529555070639931,18.603555707751,52.8346042118862));
#400=CARTESIAN_POINT('Ctrl Pts',(-6.20780977589839,20.135288954369,50.0131149074751));
#401=CARTESIAN_POINT('Ctrl Pts',(-13.3493173781108,21.8224126284053,47.1310935759199));
#402=CARTESIAN_POINT('Ctrl Pts',(-19.4014742524751,23.0831173265256,45.1443333242962));
#403=CARTESIAN_POINT('Ctrl Pts',(-24.5293154406045,24.062238636279,43.6793564388389));
#404=CARTESIAN_POINT('Ctrl Pts',(-29.9488042184691,25.0571003027674,42.2172281677697));
#405=CARTESIAN_POINT('Ctrl Pts',(-39.6710357762116,26.7549354543908,39.6939527656605));
#406=CARTESIAN_POINT('Ctrl Pts',(-53.4110309863876,29.0555184746825,35.7746639064586));
#407=CARTESIAN_POINT('Ctrl Pts',(-63.395594065863,30.8688483311037,30.5002741493578));
#408=CARTESIAN_POINT('Ctrl Pts',(-68.9531123296577,31.8989147720357,25.5543982251875));
#409=CARTESIAN_POINT('Ctrl Pts',(-72.2591847935879,32.5109818354976,20.8769162897192));
#410=CARTESIAN_POINT('Ctrl Pts',(-73.4048254202911,32.7611878926304,16.0524928454025));
#411=CARTESIAN_POINT('Ctrl Pts',(-73.3719480584108,32.8485073324691,11.4527095110445));
#412=CARTESIAN_POINT('Ctrl Pts',(-72.7093745244904,32.8352313021368,7.80953382766108));
#413=CARTESIAN_POINT('Ctrl Pts',(-71.2490846872749,32.7374296636668,3.92885445147501));
#414=CARTESIAN_POINT('Ctrl Pts',(-70.1578194831645,32.6548197186454,1.66219868512354));
#415=CARTESIAN_POINT('Ctrl Pts',(-69.6181698662377,32.6129481862018,0.639024254505376));
#416=CARTESIAN_POINT('Ctrl Pts',(-69.3382264977281,32.5906569992558,0.122530371265306));
#417=CARTESIAN_POINT('Ctrl Pts',(-69.0989637737417,32.5724798789848,-0.304637157264163));
#418=CARTESIAN_POINT('Ctrl Pts',(-68.9004586652937,32.5552757054766,-0.658847081822479));
#419=CARTESIAN_POINT('Ctrl Pts',(-68.1085460095649,32.5013307969718,-1.97990242860438));
#420=CARTESIAN_POINT('Ctrl Pts',(-66.7264217812521,32.4042538666138,-4.27570468855475));
#421=CARTESIAN_POINT('Ctrl Pts',(-65.3445943438413,32.2957254857588,-6.57692013470288));
#422=CARTESIAN_POINT('Ctrl Pts',(-64.6538739733845,32.2390578659821,-7.72592817684265));
#423=CARTESIAN_POINT('Ctrl Pts',(41.002392137235,12.2874918355477,76.7605606266368));
#424=CARTESIAN_POINT('Ctrl Pts',(40.3310854807191,12.4309164192637,75.6930519288161));
#425=CARTESIAN_POINT('Ctrl Pts',(37.2668034165548,12.9879442253995,72.2384548685895));
#426=CARTESIAN_POINT('Ctrl Pts',(29.7536422582291,14.6636091402041,67.3056919883353));
#427=CARTESIAN_POINT('Ctrl Pts',(21.4682172431168,16.9315230917249,62.5211981844726));
#428=CARTESIAN_POINT('Ctrl Pts',(15.4076101921823,18.8001501449943,59.0125678649036));
#429=CARTESIAN_POINT('Ctrl Pts',(10.7206377742209,20.3965551332135,56.2133571936133));
#430=CARTESIAN_POINT('Ctrl Pts',(5.36664144122436,22.2715372861631,53.0028573406914));
#431=CARTESIAN_POINT('Ctrl Pts',(0.245143818738231,24.0547510042312,50.0312573036741));
#432=CARTESIAN_POINT('Ctrl Pts',(-6.22260850276296,25.9778527426596,46.8970163308845));
#433=CARTESIAN_POINT('Ctrl Pts',(-11.6998727403326,27.3725317358083,44.6766475671411));
#434=CARTESIAN_POINT('Ctrl Pts',(-16.3318325624242,28.4296981253554,43.0064939778496));
#435=CARTESIAN_POINT('Ctrl Pts',(-21.2211192984281,29.4886202080889,41.3157458184485));
#436=CARTESIAN_POINT('Ctrl Pts',(-29.9788782635735,31.2625727695019,38.3872223865101));
#437=CARTESIAN_POINT('Ctrl Pts',(-42.2979900019685,33.5230760171093,33.835734620422));
#438=CARTESIAN_POINT('Ctrl Pts',(-51.1230546748309,34.9604927328724,28.3759131824888));
#439=CARTESIAN_POINT('Ctrl Pts',(-55.9869714643937,35.6744855088343,23.6143018295976));
#440=CARTESIAN_POINT('Ctrl Pts',(-58.8491371966023,36.0546440633129,19.2355316223574));
#441=CARTESIAN_POINT('Ctrl Pts',(-59.7769158493967,36.1411322655501,14.799990472957));
#442=CARTESIAN_POINT('Ctrl Pts',(-59.6486396206453,36.0922376344781,10.5807804458959));
#443=CARTESIAN_POINT('Ctrl Pts',(-58.9731669482682,35.9791241686576,7.24895109423771));
#444=CARTESIAN_POINT('Ctrl Pts',(-57.5703298022261,35.7765227976659,3.70539576213171));
#445=CARTESIAN_POINT('Ctrl Pts',(-56.5346875531129,35.6319666920811,1.63917750894135));
#446=CARTESIAN_POINT('Ctrl Pts',(-56.0244067235556,35.5617846022622,0.706496939793928));
#447=CARTESIAN_POINT('Ctrl Pts',(-55.760048374235,35.5253538996318,0.236414829146838));
#448=CARTESIAN_POINT('Ctrl Pts',(-55.5341661869366,35.494822131495,-0.153905798877689));
#449=CARTESIAN_POINT('Ctrl Pts',(-55.3472013340411,35.4686344469715,-0.474309391121176));
#450=CARTESIAN_POINT('Ctrl Pts',(-54.5998229360847,35.3715508269324,-1.69222707634291));
#451=CARTESIAN_POINT('Ctrl Pts',(-53.2965481890431,35.1977589525915,-3.81236678160792));
#452=CARTESIAN_POINT('Ctrl Pts',(-51.9965379152665,35.0123767739399,-5.93615183795707));
#453=CARTESIAN_POINT('Ctrl Pts',(-51.3474130010425,34.9169596547583,-6.99714385237831));
#454=CARTESIAN_POINT('Ctrl Pts',(43.2354762667438,13.9254389454449,76.6350278055708));
#455=CARTESIAN_POINT('Ctrl Pts',(42.6181377447625,14.1041092792501,75.5786555170174));
#456=CARTESIAN_POINT('Ctrl Pts',(39.8572005973789,14.7951360574263,72.2394069466168));
#457=CARTESIAN_POINT('Ctrl Pts',(33.2906478114414,16.7453669595047,67.5018975047431));
#458=CARTESIAN_POINT('Ctrl Pts',(26.125399317017,19.3443909548512,62.8134915310962));
#459=CARTESIAN_POINT('Ctrl Pts',(20.9125872541551,21.4591719905764,59.3256526617113));
#460=CARTESIAN_POINT('Ctrl Pts',(16.8984228546912,23.245611553098,56.4875456288888));
#461=CARTESIAN_POINT('Ctrl Pts',(12.318454270198,25.3293659542847,53.1755016395395));
#462=CARTESIAN_POINT('Ctrl Pts',(7.93570493581932,27.2968451557872,50.0214208335046));
#463=CARTESIAN_POINT('Ctrl Pts',(2.37266264433718,29.3873698956327,46.568192605087));
#464=CARTESIAN_POINT('Ctrl Pts',(-2.35340220220968,30.8631228350508,44.0572239254402));
#465=CARTESIAN_POINT('Ctrl Pts',(-6.35559336346593,31.9468931588101,42.1387078200541));
#466=CARTESIAN_POINT('Ctrl Pts',(-10.5814707923143,33.0021292751037,40.1891700818838));
#467=CARTESIAN_POINT('Ctrl Pts',(-18.1536115257426,34.7167774873407,36.8027851941078));
#468=CARTESIAN_POINT('Ctrl Pts',(-28.7885389494827,36.6396897954476,31.7248312960816));
#469=CARTESIAN_POINT('Ctrl Pts',(-36.3487815936111,37.6502532277912,26.2504739417318));
#470=CARTESIAN_POINT('Ctrl Pts',(-40.4652959586478,38.0791932822563,21.6635299204924));
#471=CARTESIAN_POINT('Ctrl Pts',(-42.8398416948768,38.2306017953113,17.5321043020757));
#472=CARTESIAN_POINT('Ctrl Pts',(-43.5186956659574,38.1285799820502,13.4268611764036));
#473=CARTESIAN_POINT('Ctrl Pts',(-43.2767107916361,37.9100546088294,9.55417835186568));
#474=CARTESIAN_POINT('Ctrl Pts',(-42.5811126738417,37.669461639924,6.51473024713479));
#475=CARTESIAN_POINT('Ctrl Pts',(-41.238348392801,37.3334353077178,3.30348901711946));
#476=CARTESIAN_POINT('Ctrl Pts',(-40.2634592959437,37.1118383889163,1.43841155927531));
#477=CARTESIAN_POINT('Ctrl Pts',(-39.7855978308881,37.0067566020296,0.597759887136919));
#478=CARTESIAN_POINT('Ctrl Pts',(-39.5384790236915,36.9528981708156,0.174639748136932));
#479=CARTESIAN_POINT('Ctrl Pts',(-39.3274926275393,36.9075522668542,-0.177446427549665));
#480=CARTESIAN_POINT('Ctrl Pts',(-39.1532762547597,36.8698697528729,-0.464424268874317));
#481=CARTESIAN_POINT('Ctrl Pts',(-38.4561463476215,36.7242951607077,-1.56872850550854));
#482=CARTESIAN_POINT('Ctrl Pts',(-37.2429679659833,36.4654646683938,-3.49323744545799));
#483=CARTESIAN_POINT('Ctrl Pts',(-36.0384095988749,36.1953679196035,-5.42034994328902));
#484=CARTESIAN_POINT('Ctrl Pts',(-35.438353858918,36.0575616907375,-6.38345159844401));
#485=CARTESIAN_POINT('Ctrl Pts',(44.838085396769,14.8581119518832,76.5396137581972));
#486=CARTESIAN_POINT('Ctrl Pts',(44.2658208897843,15.0514016553631,75.4972627302663));
#487=CARTESIAN_POINT('Ctrl Pts',(41.7310196771731,15.8037407726529,72.2457918062764));
#488=CARTESIAN_POINT('Ctrl Pts',(35.8250466832626,17.889379503064,67.6468636326734));
#489=CARTESIAN_POINT('Ctrl Pts',(29.440615562735,20.6526232084368,63.0259623714351));
#490=CARTESIAN_POINT('Ctrl Pts',(24.8178732754877,22.8859638602906,59.5508863490903));
#491=CARTESIAN_POINT('Ctrl Pts',(21.2734262212296,24.7586229423764,56.6820641004847));
#492=CARTESIAN_POINT('Ctrl Pts',(17.2365509372091,26.930129741821,53.2919096109581));
#493=CARTESIAN_POINT('Ctrl Pts',(13.3776101783264,28.9644393519928,49.999268465777));
#494=CARTESIAN_POINT('Ctrl Pts',(8.46051588420968,31.0944248881912,46.2993338227432));
#495=CARTESIAN_POINT('Ctrl Pts',(4.2676840404163,32.5676468593745,43.5627603488896));
#496=CARTESIAN_POINT('Ctrl Pts',(0.708399632961441,33.6202456788676,41.4568986741393));
#497=CARTESIAN_POINT('Ctrl Pts',(-3.05429933703124,34.623484494387,39.319775714627));
#498=CARTESIAN_POINT('Ctrl Pts',(-9.80442483332197,36.1995086607418,35.6177474662981));
#499=CARTESIAN_POINT('Ctrl Pts',(-19.2977914149666,37.8019558963025,30.2538821984865));
#500=CARTESIAN_POINT('Ctrl Pts',(-26.0122751743139,38.510516000538,24.7851106832912));
#501=CARTESIAN_POINT('Ctrl Pts',(-29.6319362605289,38.7261980691743,20.3086355265172));
#502=CARTESIAN_POINT('Ctrl Pts',(-31.6857851055421,38.7077286196086,16.3340593427478));
#503=CARTESIAN_POINT('Ctrl Pts',(-32.2017611376175,38.4583100148923,12.4420602493719));
#504=CARTESIAN_POINT('Ctrl Pts',(-31.8869309428025,38.1080274435836,8.80092979600197));
#505=CARTESIAN_POINT('Ctrl Pts',(-31.1803764234605,37.7683102693616,5.9601577372894));
#506=CARTESIAN_POINT('Ctrl Pts',(-29.881421803925,37.3314868191559,2.97979944992226));
#507=CARTESIAN_POINT('Ctrl Pts',(-28.9497545483026,37.0525947969253,1.2555773710635));
#508=CARTESIAN_POINT('Ctrl Pts',(-28.4948724137269,36.9218569160825,0.479673006049467));
#509=CARTESIAN_POINT('Ctrl Pts',(-28.2599366728924,36.8551898058787,0.0895797240101209));
#510=CARTESIAN_POINT('Ctrl Pts',(-28.0595305474256,36.7990317704667,-0.235503351595145));
#511=CARTESIAN_POINT('Ctrl Pts',(-27.8942367982807,36.7529157682257,-0.499015072280799));
#512=CARTESIAN_POINT('Ctrl Pts',(-27.2331797328519,36.5723158377304,-1.52240302613351));
#513=CARTESIAN_POINT('Ctrl Pts',(-26.0845349632663,36.2525201352696,-3.30745373879011));
#514=CARTESIAN_POINT('Ctrl Pts',(-24.9477197789815,35.9225086845486,-5.09455718983968));
#515=CARTESIAN_POINT('Ctrl Pts',(-24.3823712944746,35.7549539593033,-5.98797391809755));
#516=CARTESIAN_POINT('Ctrl Pts',(45.662953910454,15.2836522272583,76.4904754215936));
#517=CARTESIAN_POINT('Ctrl Pts',(45.1147115845372,15.4820675026924,75.4571277743673));
#518=CARTESIAN_POINT('Ctrl Pts',(42.6952323321649,16.2584024864141,72.2521968486104));
#519=CARTESIAN_POINT('Ctrl Pts',(37.1124672343353,18.4013555497215,67.7219382524457));
#520=CARTESIAN_POINT('Ctrl Pts',(31.1056279717246,21.2328167569908,63.1337697003346));
#521=CARTESIAN_POINT('Ctrl Pts',(26.766002887811,23.5137018510414,59.6637121024922));
#522=CARTESIAN_POINT('Ctrl Pts',(23.4452097231559,25.4185433657664,56.777918844237));
#523=CARTESIAN_POINT('Ctrl Pts',(19.6657829531211,27.6195834520317,53.3462326277109));
#524=CARTESIAN_POINT('Ctrl Pts',(16.0542108076967,29.6710010074158,49.9811163563258));
#525=CARTESIAN_POINT('Ctrl Pts',(11.442633217473,31.7978382656496,46.1532162702303));
#526=CARTESIAN_POINT('Ctrl Pts',(7.50229943798308,33.2503790198029,43.3008149620498));
#527=CARTESIAN_POINT('Ctrl Pts',(4.15252615928216,34.2719008020773,41.1011647892345));
#528=CARTESIAN_POINT('Ctrl Pts',(0.608745673881278,35.2343704130465,38.8715589997439));
#529=CARTESIAN_POINT('Ctrl Pts',(-5.75357186654142,36.71794647022,35.0191000960787));
#530=CARTESIAN_POINT('Ctrl Pts',(-14.7093470051036,38.1477565292123,29.5242924835125));
#531=CARTESIAN_POINT('Ctrl Pts',(-21.0268883370303,38.7031155783213,24.0544727484089));
#532=CARTESIAN_POINT('Ctrl Pts',(-24.4142582645881,38.808949341355,19.6276370900249));
#533=CARTESIAN_POINT('Ctrl Pts',(-26.3188658274475,38.7018166855185,15.7266140610047));
#534=CARTESIAN_POINT('Ctrl Pts',(-26.7609714182057,38.3746525828688,11.9392334141406));
#535=CARTESIAN_POINT('Ctrl Pts',(-26.4151409855109,37.9554317372709,8.41348859063523));
#536=CARTESIAN_POINT('Ctrl Pts',(-25.7063813747429,37.5640838149022,5.67263849483051));
#537=CARTESIAN_POINT('Ctrl Pts',(-24.4315947479456,37.0753617287247,2.80929766457643));
#538=CARTESIAN_POINT('Ctrl Pts',(-23.5224688617885,36.7671609380692,1.15671311001822));
#539=CARTESIAN_POINT('Ctrl Pts',(-23.0794210918229,36.6233525760245,0.413778986156255));
#540=CARTESIAN_POINT('Ctrl Pts',(-22.8507363104684,36.5501654162088,0.0405097095661377));
#541=CARTESIAN_POINT('Ctrl Pts',(-22.6557462509446,36.4885094224822,-0.270807438727626));
#542=CARTESIAN_POINT('Ctrl Pts',(-22.4950044847055,36.4381133201257,-0.52236599448063));
#543=CARTESIAN_POINT('Ctrl Pts',(-21.8523376567288,36.2397195066465,-1.50442325206804));
#544=CARTESIAN_POINT('Ctrl Pts',(-20.7362970805195,35.8890643487971,-3.21823528368153));
#545=CARTESIAN_POINT('Ctrl Pts',(-19.6331047871094,35.5289795121989,-4.93385296354818));
#546=CARTESIAN_POINT('Ctrl Pts',(-19.0848343569609,35.3465599466749,-5.79169454638251));
#547=CARTESIAN_POINT('Ctrl Pts',(46.4878224241389,15.7091925026335,76.4413370849901));
#548=CARTESIAN_POINT('Ctrl Pts',(45.9636022792901,15.9127333500217,75.4169928184683));
#549=CARTESIAN_POINT('Ctrl Pts',(43.6594449871567,16.7130642001754,72.2586018909445));
#550=CARTESIAN_POINT('Ctrl Pts',(38.3998877854079,18.9133315963789,67.797012872218));
#551=CARTESIAN_POINT('Ctrl Pts',(32.7706403807143,21.8130103055448,63.2415770292341));
#552=CARTESIAN_POINT('Ctrl Pts',(28.7141325001343,24.1414398417921,59.7765378558942));
#553=CARTESIAN_POINT('Ctrl Pts',(25.6169932250821,26.0784637891565,56.8737735879892));
#554=CARTESIAN_POINT('Ctrl Pts',(22.095014969033,28.3090371622424,53.4005556444638));
#555=CARTESIAN_POINT('Ctrl Pts',(18.7308114370671,30.3775626628387,49.9629642468747));
#556=CARTESIAN_POINT('Ctrl Pts',(14.4247505507364,32.501251643108,46.0070987177174));
#557=CARTESIAN_POINT('Ctrl Pts',(10.7369148355498,33.9331111802313,43.03886957521));
#558=CARTESIAN_POINT('Ctrl Pts',(7.59665268560287,34.923555925287,40.7454309043296));
#559=CARTESIAN_POINT('Ctrl Pts',(4.2717906847938,35.845256331706,38.4233422848608));
#560=CARTESIAN_POINT('Ctrl Pts',(-1.70271889976087,37.2363842796982,34.4204527258592));
#561=CARTESIAN_POINT('Ctrl Pts',(-10.1209025952407,38.4935571621221,28.7947027685386));
#562=CARTESIAN_POINT('Ctrl Pts',(-16.0415014997468,38.8957151561047,23.3238348135267));
#563=CARTESIAN_POINT('Ctrl Pts',(-19.1965802686473,38.8917006135356,18.9466386535326));
#564=CARTESIAN_POINT('Ctrl Pts',(-20.9519465493528,38.6959047514284,15.1191687792616));
#565=CARTESIAN_POINT('Ctrl Pts',(-21.3201816987939,38.2909951508453,11.4364065789094));
#566=CARTESIAN_POINT('Ctrl Pts',(-20.9433510282193,37.8028360309582,8.02604738526848));
#567=CARTESIAN_POINT('Ctrl Pts',(-20.2323863260253,37.3598573604428,5.38511925237161));
#568=CARTESIAN_POINT('Ctrl Pts',(-18.9817676919662,36.8192366382934,2.6387958792306));
#569=CARTESIAN_POINT('Ctrl Pts',(-18.0951831752743,36.4817270792132,1.05784884897295));
#570=CARTESIAN_POINT('Ctrl Pts',(-17.6639697699189,36.3248482359664,0.347884966263042));
#571=CARTESIAN_POINT('Ctrl Pts',(-17.4415359480445,36.2451410265389,-0.00856030487784538));
#572=CARTESIAN_POINT('Ctrl Pts',(-17.2519619544637,36.1779870744977,-0.306111525860108));
#573=CARTESIAN_POINT('Ctrl Pts',(-17.0957721711302,36.1233108720257,-0.545716916680461));
#574=CARTESIAN_POINT('Ctrl Pts',(-16.4714955806057,35.9071231755625,-1.48644347800256));
#575=CARTESIAN_POINT('Ctrl Pts',(-15.3880591977728,35.5256085623245,-3.12901682857295));
#576=CARTESIAN_POINT('Ctrl Pts',(-14.3184897952374,35.1354503398491,-4.77314873725667));
#577=CARTESIAN_POINT('Ctrl Pts',(-13.7872974194472,34.9381659340465,-5.59541517466746));
#578=CARTESIAN_POINT('Ctrl Pts',(48.1846873488535,16.4786805976958,76.3401977859496));
#579=CARTESIAN_POINT('Ctrl Pts',(47.7114819132801,16.6881043632261,75.3378457816232));
#580=CARTESIAN_POINT('Ctrl Pts',(45.6424765273295,17.5231063399941,72.2778372006211));
#581=CARTESIAN_POINT('Ctrl Pts',(41.0151711178774,19.8172232394493,67.952345223377));
#582=CARTESIAN_POINT('Ctrl Pts',(36.115473770955,22.8255522461753,63.4603355044931));
#583=CARTESIAN_POINT('Ctrl Pts',(32.6013649280948,25.2255999350808,60.0026071821232));
#584=CARTESIAN_POINT('Ctrl Pts',(29.9291238662489,27.2051340934385,57.0626740914025));
#585=CARTESIAN_POINT('Ctrl Pts',(26.8938463656697,29.4660882155491,53.5014397400568));
#586=CARTESIAN_POINT('Ctrl Pts',(23.9953087120415,31.5362150883249,49.9125081767976));
#587=CARTESIAN_POINT('Ctrl Pts',(20.2653666439173,33.6078501603832,45.6914872900097));
#588=CARTESIAN_POINT('Ctrl Pts',(17.0542901831909,34.959515797621,42.4855516044013));
#589=CARTESIAN_POINT('Ctrl Pts',(14.3091657944584,35.8568238980685,40.0043045106251));
#590=CARTESIAN_POINT('Ctrl Pts',(11.3967992731608,36.6674447870607,37.4998697925852));
#591=CARTESIAN_POINT('Ctrl Pts',(6.15150627494072,37.8274043442101,33.2109009727911));
#592=CARTESIAN_POINT('Ctrl Pts',(-1.25787249030518,38.7144935929061,27.3472930062379));
#593=CARTESIAN_POINT('Ctrl Pts',(-6.43646056990977,38.8058506944913,21.8666463324384));
#594=CARTESIAN_POINT('Ctrl Pts',(-9.15922798300298,38.5757009153402,17.5775393015386));
#595=CARTESIAN_POINT('Ctrl Pts',(-10.6383260263089,38.1951301907707,13.8874326116171));
#596=CARTESIAN_POINT('Ctrl Pts',(-10.8739573494864,37.6266353899092,10.4099001650161));
#597=CARTESIAN_POINT('Ctrl Pts',(-10.4459710478864,36.9944803709534,7.22953111966522));
#598=CARTESIAN_POINT('Ctrl Pts',(-9.73714238153612,36.4441029131677,4.78961479238143));
#599=CARTESIAN_POINT('Ctrl Pts',(-8.5393860569245,35.7966847651302,2.28047830504447));
#600=CARTESIAN_POINT('Ctrl Pts',(-7.69974517685882,35.3992352357799,0.845225993003656));
#601=CARTESIAN_POINT('Ctrl Pts',(-7.29288989946419,35.2157305616812,0.202395767777644));
#602=CARTESIAN_POINT('Ctrl Pts',(-7.0832768491479,35.1227518327963,-0.119780338526967));
#603=CARTESIAN_POINT('Ctrl Pts',(-6.90478684865352,35.0444181789472,-0.389270950344552));
#604=CARTESIAN_POINT('Ctrl Pts',(-6.75788237330811,34.9810550642729,-0.604529802073303));
#605=CARTESIAN_POINT('Ctrl Pts',(-6.17109389088313,34.7287171742041,-1.46084986111568));
#606=CARTESIAN_POINT('Ctrl Pts',(-5.15354066950262,34.2847299495585,-2.9579267148065));
#607=CARTESIAN_POINT('Ctrl Pts',(-4.15071964764269,33.834192885505,-4.45612458553999));
#608=CARTESIAN_POINT('Ctrl Pts',(-3.65313223383578,33.607197614967,-5.20577536815373));
#609=CARTESIAN_POINT('Ctrl Pts',(50.841456992553,17.388599211308,76.1907762438408));
#610=CARTESIAN_POINT('Ctrl Pts',(50.4485839158875,17.5965908453877,75.2321805571728));
#611=CARTESIAN_POINT('Ctrl Pts',(48.7304236711035,18.4509440538797,72.3318534863546));
#612=CARTESIAN_POINT('Ctrl Pts',(44.9809549456303,20.8436165032693,68.1932389061828));
#613=CARTESIAN_POINT('Ctrl Pts',(41.0608483764546,23.9569473033906,63.7824819919802));
#614=CARTESIAN_POINT('Ctrl Pts',(38.2579369311199,26.4136721781736,60.3259668411459));
#615=CARTESIAN_POINT('Ctrl Pts',(36.1274798262248,28.4080991522788,57.3244811450211));
#616=CARTESIAN_POINT('Ctrl Pts',(33.7000487514255,30.6485709581218,53.628647470214));
#617=CARTESIAN_POINT('Ctrl Pts',(31.3680652327851,32.6420842065841,49.8188561202805));
#618=CARTESIAN_POINT('Ctrl Pts',(28.331445108148,34.5229291972622,45.2403175610365));
#619=CARTESIAN_POINT('Ctrl Pts',(25.6960340463264,35.6680907116606,41.7352371087658));
#620=CARTESIAN_POINT('Ctrl Pts',(23.4319693451879,36.3742117803421,39.0289900043855));
#621=CARTESIAN_POINT('Ctrl Pts',(21.025036859421,36.97939850453,36.3069316554591));
#622=CARTESIAN_POINT('Ctrl Pts',(16.6807275003322,37.763775543941,31.6790488119231));
#623=CARTESIAN_POINT('Ctrl Pts',(10.5387411536389,38.1308660426409,25.466237680467));
#624=CARTESIAN_POINT('Ctrl Pts',(6.28060591172893,37.7585190827727,19.8793162543879));
#625=CARTESIAN_POINT('Ctrl Pts',(4.07667885521709,37.1779097743238,15.6438882670193));
#626=CARTESIAN_POINT('Ctrl Pts',(2.91484078706581,36.5070573382135,12.086853489471));
#627=CARTESIAN_POINT('Ctrl Pts',(2.80919704677974,35.6806320429953,8.85101700216232));
#628=CARTESIAN_POINT('Ctrl Pts',(3.26535702776098,34.823940452728,5.95940299438688));
#629=CARTESIAN_POINT('Ctrl Pts',(3.94237170714291,34.1080890452485,3.7815995237146));
#630=CARTESIAN_POINT('Ctrl Pts',(5.04271820264072,33.300117788609,1.59404562465392));
#631=CARTESIAN_POINT('Ctrl Pts',(5.80530532615481,32.814023516871,0.360233123205043));
#632=CARTESIAN_POINT('Ctrl Pts',(6.17339425752219,32.5914642671877,-0.188908271653484));
#633=CARTESIAN_POINT('Ctrl Pts',(6.36280263964974,32.479047087669,-0.463412184338365));
#634=CARTESIAN_POINT('Ctrl Pts',(6.52389874856939,32.3844516897154,-0.692879028769841));
#635=CARTESIAN_POINT('Ctrl Pts',(6.65642812893978,32.3083344171633,-0.87524417411579));
#636=CARTESIAN_POINT('Ctrl Pts',(7.18477805712907,32.0041892373717,-1.6037199317325));
#637=CARTESIAN_POINT('Ctrl Pts',(8.10146307872815,31.4712066919687,-2.87807615243388));
#638=CARTESIAN_POINT('Ctrl Pts',(9.00610376122851,30.9354610397273,-4.15370585322687));
#639=CARTESIAN_POINT('Ctrl Pts',(9.45526856209778,30.6668140408817,-4.79223059095684));
#640=CARTESIAN_POINT('Ctrl Pts',(53.5804864227309,18.0605903737255,76.0552786605309));
#641=CARTESIAN_POINT('Ctrl Pts',(53.2675619044814,18.2606190592253,75.1488947155615));
#642=CARTESIAN_POINT('Ctrl Pts',(51.8903863051712,19.1116022968538,72.4158237926724));
#643=CARTESIAN_POINT('Ctrl Pts',(48.9709299246642,21.5872727320526,68.4377769163279));
#644=CARTESIAN_POINT('Ctrl Pts',(45.9653579656934,24.7927380950547,64.0903462077985));
#645=CARTESIAN_POINT('Ctrl Pts',(43.8199555646122,27.2965052512816,60.6269134027412));
#646=CARTESIAN_POINT('Ctrl Pts',(42.1836218586229,29.2975605669284,57.5654400291934));
#647=CARTESIAN_POINT('Ctrl Pts',(40.3033457838016,31.5073678634438,53.7479917842619));
#648=CARTESIAN_POINT('Ctrl Pts',(38.470468828546,33.4126947023301,49.7505528494949));
#649=CARTESIAN_POINT('Ctrl Pts',(36.0355876082581,35.1018912652132,44.8945219186251));
#650=CARTESIAN_POINT('Ctrl Pts',(33.9023390667006,36.0602756742205,41.1671354244997));
#651=CARTESIAN_POINT('Ctrl Pts',(32.0631703619432,36.6066804784073,38.2900656656508));
#652=CARTESIAN_POINT('Ctrl Pts',(30.1057212836354,37.0448964276795,35.3969153507598));
#653=CARTESIAN_POINT('Ctrl Pts',(26.5696133316052,37.5338118178454,30.4833934865601));
#654=CARTESIAN_POINT('Ctrl Pts',(21.5693953890439,37.4805472023562,23.9161315278697));
#655=CARTESIAN_POINT('Ctrl Pts',(18.11656226288,36.7016520991857,18.1617880116578));
#656=CARTESIAN_POINT('Ctrl Pts',(16.3485095656651,35.8000125370538,13.905425954781));
#657=CARTESIAN_POINT('Ctrl Pts',(15.4375082519479,34.8521762779311,10.4024295902556));
#658=CARTESIAN_POINT('Ctrl Pts',(15.4061389813213,33.7695932191545,7.31556679026959));
#659=CARTESIAN_POINT('Ctrl Pts',(15.8447873744643,32.687035406239,4.61711307663918));
#660=CARTESIAN_POINT('Ctrl Pts',(16.4586273405693,31.8039784145213,2.62168725700472));
#661=CARTESIAN_POINT('Ctrl Pts',(17.4362958092328,30.8362087787789,0.667410932105461));
#662=CARTESIAN_POINT('Ctrl Pts',(18.1105419618673,30.2637813162492,-0.41694470817833));
#663=CARTESIAN_POINT('Ctrl Pts',(18.4355538478503,30.0037664352508,-0.895451212945899));
#664=CARTESIAN_POINT('Ctrl Pts',(18.6026757397214,29.872597906609,-1.13459184745836));
#665=CARTESIAN_POINT('Ctrl Pts',(18.7449205313391,29.7630406740764,-1.33204770916941));
#666=CARTESIAN_POINT('Ctrl Pts',(18.8616004239431,29.6739089582464,-1.49258616759061));
#667=CARTESIAN_POINT('Ctrl Pts',(19.3289399210642,29.3274614593169,-2.10174619888746));
#668=CARTESIAN_POINT('Ctrl Pts',(20.1420200072268,28.7230649875633,-3.16244725754145));
#669=CARTESIAN_POINT('Ctrl Pts',(20.9481682049557,28.1178081136552,-4.22525327393887));
#670=CARTESIAN_POINT('Ctrl Pts',(21.3494698850301,27.8152316576167,-4.75638717813079));
#671=CARTESIAN_POINT('Ctrl Pts',(56.3742415564907,18.5058637880456,75.94492784606));
#672=CARTESIAN_POINT('Ctrl Pts',(56.1372414971621,18.6946965482197,75.0971965600054));
#673=CARTESIAN_POINT('Ctrl Pts',(55.0880506315655,19.5302789792944,72.5300142987944));
#674=CARTESIAN_POINT('Ctrl Pts',(52.9738751946023,22.0973442444718,68.6743239355257));
#675=CARTESIAN_POINT('Ctrl Pts',(50.8687504665522,25.4186267817513,64.3661115767865));
#676=CARTESIAN_POINT('Ctrl Pts',(49.3815115958975,27.9946170278712,60.8848037608238));
#677=CARTESIAN_POINT('Ctrl Pts',(48.2507381085675,30.0303936779112,57.7641993205963));
#678=CARTESIAN_POINT('Ctrl Pts',(46.939576480455,32.2504315967986,53.8358975063268));
#679=CARTESIAN_POINT('Ctrl Pts',(45.6364534015506,34.1194718702206,49.6769559667105));
#680=CARTESIAN_POINT('Ctrl Pts',(43.8402637982166,35.700239364595,44.5861372394969));
#681=CARTESIAN_POINT('Ctrl Pts',(42.2317552854108,36.5469942682715,40.6667027205992));
#682=CARTESIAN_POINT('Ctrl Pts',(40.8281620784127,36.994927141994,37.6381896251066));
#683=CARTESIAN_POINT('Ctrl Pts',(39.3262044469327,37.3285385454175,34.5918674075868));
#684=CARTESIAN_POINT('Ctrl Pts',(36.5973704390002,37.627354802364,29.41952111201));
#685=CARTESIAN_POINT('Ctrl Pts',(32.7102020372841,37.2909611605713,22.5319013548775));
#686=CARTESIAN_POINT('Ctrl Pts',(30.0354043552538,36.2143203561108,16.6190558327354));
#687=CARTESIAN_POINT('Ctrl Pts',(28.6871249851993,35.0595734210465,12.3315973150111));
#688=CARTESIAN_POINT('Ctrl Pts',(28.0158836867683,33.8810829256129,8.86240387189445));
#689=CARTESIAN_POINT('Ctrl Pts',(28.0509005651282,32.5645344407732,5.88944482401487));
#690=CARTESIAN_POINT('Ctrl Pts',(28.4635315877545,31.2615032041783,3.34224514085932));
#691=CARTESIAN_POINT('Ctrl Pts',(29.0064129979906,30.2063033738861,1.49058993220528));
#692=CARTESIAN_POINT('Ctrl Pts',(29.8498789959674,29.0622738728769,-0.281014949527015));
#693=CARTESIAN_POINT('Ctrl Pts',(30.4277168376625,28.3905484009844,-1.24979568518685));
#694=CARTESIAN_POINT('Ctrl Pts',(30.7057414904488,28.0869001799477,-1.67384790368048));
#695=CARTESIAN_POINT('Ctrl Pts',(30.848549452344,27.9332793279551,-1.88611947051561));
#696=CARTESIAN_POINT('Ctrl Pts',(30.9702517523834,27.8071498656507,-2.05828723097051));
#697=CARTESIAN_POINT('Ctrl Pts',(31.0696169212101,27.7004967844995,-2.20355444668053));
#698=CARTESIAN_POINT('Ctrl Pts',(31.4706448043208,27.3177165175692,-2.71187885250314));
#699=CARTESIAN_POINT('Ctrl Pts',(32.1707787240243,26.6554955128939,-3.59004595425957));
#700=CARTESIAN_POINT('Ctrl Pts',(32.86885269682,25.9921161760512,-4.47127047666353));
#701=CARTESIAN_POINT('Ctrl Pts',(33.2174843530417,25.6616003035823,-4.91031318269557));
#702=CARTESIAN_POINT('Ctrl Pts',(60.1387448846274,18.8164852126555,75.8438926545344));
#703=CARTESIAN_POINT('Ctrl Pts',(59.9931159818975,18.9903157743387,75.0766255691465));
#704=CARTESIAN_POINT('Ctrl Pts',(59.3600788935097,19.8018295966396,72.7049814351436));
#705=CARTESIAN_POINT('Ctrl Pts',(58.2795001510241,22.5096749456305,68.9464254068895));
#706=CARTESIAN_POINT('Ctrl Pts',(57.3542735647598,26.0193385923204,64.6498311138195));
#707=CARTESIAN_POINT('Ctrl Pts',(56.7544928544404,28.728909785125,61.1243896510309));
#708=CARTESIAN_POINT('Ctrl Pts',(56.3306686207842,30.8546035401192,57.9210460316975));
#709=CARTESIAN_POINT('Ctrl Pts',(55.8372605668034,33.1536684361144,53.8508083908011));
#710=CARTESIAN_POINT('Ctrl Pts',(55.3204393307169,35.0585596026668,49.4967571516705));
#711=CARTESIAN_POINT('Ctrl Pts',(54.4688780723129,36.6188189585378,44.124547770261));
#712=CARTESIAN_POINT('Ctrl Pts',(53.6146271742779,37.4205480888246,39.973671669799));
#713=CARTESIAN_POINT('Ctrl Pts',(52.81834342429,37.819582031621,36.7629282001365));
#714=CARTESIAN_POINT('Ctrl Pts',(51.9403695641303,38.096799496924,33.5340693805879));
#715=CARTESIAN_POINT('Ctrl Pts',(50.2937261729498,38.2830142177036,28.0571202482216));
#716=CARTESIAN_POINT('Ctrl Pts',(47.8453253999304,37.7523514541959,20.8193143308209));
#717=CARTESIAN_POINT('Ctrl Pts',(46.1669980428567,36.4420143156175,14.7621181428822));
#718=CARTESIAN_POINT('Ctrl Pts',(45.3631237092349,35.0686186104499,10.4671868749199));
#719=CARTESIAN_POINT('Ctrl Pts',(45.0093197432585,33.6756677036891,7.06038580251727));
#720=CARTESIAN_POINT('Ctrl Pts',(45.1446834731533,32.117337458664,4.24050838669392));
#721=CARTESIAN_POINT('Ctrl Pts',(45.5386839686585,30.5698687277631,1.89107044742031));
#722=CARTESIAN_POINT('Ctrl Pts',(46.0018918989693,29.3138569652844,0.225787298698006));
#723=CARTESIAN_POINT('Ctrl Pts',(46.681926674236,27.9492757684619,-1.30912394605447));
#724=CARTESIAN_POINT('Ctrl Pts',(47.1391405910341,27.1472739843932,-2.12812994856687));
#725=CARTESIAN_POINT('Ctrl Pts',(47.3576647685388,26.785130041418,-2.48195688571299));
#726=CARTESIAN_POINT('Ctrl Pts',(47.4697163766084,26.6009531141913,-2.65908909932088));
#727=CARTESIAN_POINT('Ctrl Pts',(47.5649025583735,26.4526779893375,-2.79982088356348));
#728=CARTESIAN_POINT('Ctrl Pts',(47.6427898742946,26.3211590612503,-2.92315399378605));
#729=CARTESIAN_POINT('Ctrl Pts',(47.9543693512916,25.8933941728976,-3.31690303365358));
#730=CARTESIAN_POINT('Ctrl Pts',(48.4991862929283,25.1603566560121,-3.99113146081215));
#731=CARTESIAN_POINT('Ctrl Pts',(49.0451473697763,24.4230029402253,-4.67009154857385));
#732=CARTESIAN_POINT('Ctrl Pts',(49.3184572636398,24.0567130617717,-5.00734348790107));
#733=CARTESIAN_POINT('Ctrl Pts',(62.9725419008169,18.7547464979898,75.8304295471913));
#734=CARTESIAN_POINT('Ctrl Pts',(62.8801483173826,18.9220086778471,75.1102198442201));
#735=CARTESIAN_POINT('Ctrl Pts',(62.5230503842525,19.7249426766313,72.8183427007331));
#736=CARTESIAN_POINT('Ctrl Pts',(62.1180864650529,22.5321754951557,69.0537192228006));
#737=CARTESIAN_POINT('Ctrl Pts',(61.9746075953254,26.1691337391016,64.7161640907796));
#738=CARTESIAN_POINT('Ctrl Pts',(61.9865429698262,28.9764742566189,61.1338180307206));
#739=CARTESIAN_POINT('Ctrl Pts',(62.0727912567935,31.1796953637623,57.8634928608825));
#740=CARTESIAN_POINT('Ctrl Pts',(62.1875817702578,33.5647989395432,53.6935566053038));
#741=CARTESIAN_POINT('Ctrl Pts',(62.2731317904042,35.5441342075363,49.2164109236114));
#742=CARTESIAN_POINT('Ctrl Pts',(62.1309311123255,37.1710824654391,43.6769089730932));
#743=CARTESIAN_POINT('Ctrl Pts',(61.8179436179042,38.011572545715,39.3936179527806));
#744=CARTESIAN_POINT('Ctrl Pts',(61.4377982229284,38.4335413166615,36.0828882977578));
#745=CARTESIAN_POINT('Ctrl Pts',(60.9756774244636,38.7299753992011,32.7572930934974));
#746=CARTESIAN_POINT('Ctrl Pts',(60.0247314710517,38.9397060861821,27.1273834899446));
#747=CARTESIAN_POINT('Ctrl Pts',(58.4407379090925,38.4168488309702,19.7434815310758));
#748=CARTESIAN_POINT('Ctrl Pts',(57.3352596564782,37.0807959731974,13.6644348280741));
#749=CARTESIAN_POINT('Ctrl Pts',(56.8369012541429,35.6635350416319,9.40858657706961));
#750=CARTESIAN_POINT('Ctrl Pts',(56.6545584244082,34.2146200769843,6.06992412061735));
#751=CARTESIAN_POINT('Ctrl Pts',(56.8320863791101,32.5713390336432,3.3599767176177));
#752=CARTESIAN_POINT('Ctrl Pts',(57.1971818914861,30.9240137144454,1.14231866146378));
#753=CARTESIAN_POINT('Ctrl Pts',(57.5981367287393,29.5784451962822,-0.402087111628782));
#754=CARTESIAN_POINT('Ctrl Pts',(58.1629609579064,28.1066143262731,-1.78378582191993));
#755=CARTESIAN_POINT('Ctrl Pts',(58.5369014857024,27.2386903245301,-2.50484536413211));
#756=CARTESIAN_POINT('Ctrl Pts',(58.71454905574,26.846484103965,-2.81269313279047));
#757=CARTESIAN_POINT('Ctrl Pts',(58.8055554854274,26.6464210723016,-2.96640219293822));
#758=CARTESIAN_POINT('Ctrl Pts',(58.8824675049756,26.4868648440313,-3.08727972792326));
#759=CARTESIAN_POINT('Ctrl Pts',(58.9458764098103,26.3419509868349,-3.19454395063366));
#760=CARTESIAN_POINT('Ctrl Pts',(59.194849112806,25.8933596666035,-3.52351554161299));
#761=CARTESIAN_POINT('Ctrl Pts',(59.6296025529707,25.1275741591691,-4.08479044287422));
#762=CARTESIAN_POINT('Ctrl Pts',(60.0656437323591,24.3533890540063,-4.65147666936011));
#763=CARTESIAN_POINT('Ctrl Pts',(60.283856426656,23.9688667046788,-4.93274174764322));
#764=CARTESIAN_POINT('Ctrl Pts',(65.5406324247068,18.5452130050367,75.8596757170048));
#765=CARTESIAN_POINT('Ctrl Pts',(65.4986279927338,18.7152090226232,75.1466435199346));
#766=CARTESIAN_POINT('Ctrl Pts',(65.415232400676,19.5362530871355,72.8388795182562));
#767=CARTESIAN_POINT('Ctrl Pts',(65.5801281711963,22.3687559101987,69.019853535555));
#768=CARTESIAN_POINT('Ctrl Pts',(66.063026422356,26.0062544970712,64.6162781920088));
#769=CARTESIAN_POINT('Ctrl Pts',(66.5700572307195,28.8116714061963,60.97841308788));
#770=CARTESIAN_POINT('Ctrl Pts',(67.0750482385953,31.0179728876615,57.6563239960243));
#771=CARTESIAN_POINT('Ctrl Pts',(67.6920995305188,33.415560513828,53.4152825637876));
#772=CARTESIAN_POINT('Ctrl Pts',(68.2724752906694,35.4181978953434,48.8517313322853));
#773=CARTESIAN_POINT('Ctrl Pts',(68.684911218059,37.0742286495705,43.1954707837969));
#774=CARTESIAN_POINT('Ctrl Pts',(68.7707959169507,37.9323381275644,38.8253877371547));
#775=CARTESIAN_POINT('Ctrl Pts',(68.6810108131962,38.3647170770495,35.4551848304447));
#776=CARTESIAN_POINT('Ctrl Pts',(68.4994233659451,38.6698100057549,32.0765018828213));
#777=CARTESIAN_POINT('Ctrl Pts',(67.9963422488821,38.8906960021661,26.3739452934679));
#778=CARTESIAN_POINT('Ctrl Pts',(66.9146003327258,38.3763537464734,18.9570060512562));
#779=CARTESIAN_POINT('Ctrl Pts',(66.1009097125607,37.0488584308479,12.9290888399316));
#780=CARTESIAN_POINT('Ctrl Pts',(65.7323320446436,35.6376469476543,8.74446776932646));
#781=CARTESIAN_POINT('Ctrl Pts',(65.5970404154177,34.1917482425198,5.48398864393154));
#782=CARTESIAN_POINT('Ctrl Pts',(65.7306984116118,32.5415481435013,2.863580029737));
#783=CARTESIAN_POINT('Ctrl Pts',(66.0025524080124,30.875462731348,0.736508272100491));
#784=CARTESIAN_POINT('Ctrl Pts',(66.3003053812112,29.5070504919415,-0.732543544295333));
#785=CARTESIAN_POINT('Ctrl Pts',(66.7176313799541,27.9981306601401,-2.0264447771365));
#786=CARTESIAN_POINT('Ctrl Pts',(66.9931306145177,27.1039765207281,-2.69277443943884));
#787=CARTESIAN_POINT('Ctrl Pts',(67.1238757126096,26.6992282346122,-2.97509692427816));
#788=CARTESIAN_POINT('Ctrl Pts',(67.1907479052974,26.492250246219,-3.1158776043642));
#789=CARTESIAN_POINT('Ctrl Pts',(67.2474957373952,26.3281791632151,-3.22563070170111));
#790=CARTESIAN_POINT('Ctrl Pts',(67.2937419282219,26.1767168776008,-3.32427717962732));
#791=CARTESIAN_POINT('Ctrl Pts',(67.4791887464759,25.723302317376,-3.61565325079872));
#792=CARTESIAN_POINT('Ctrl Pts',(67.803404316141,24.9520592470042,-4.11107315747747));
#793=CARTESIAN_POINT('Ctrl Pts',(68.1280586577557,24.1709188803686,-4.61265465333021));
#794=CARTESIAN_POINT('Ctrl Pts',(68.2905738177838,23.7833506755251,-4.86142700133439));
#795=CARTESIAN_POINT('Ctrl Pts',(66.6498354301399,18.4393394841956,75.8609945479994));
#796=CARTESIAN_POINT('Ctrl Pts',(66.6338330892105,18.6100462296411,75.1371628491528));
#797=CARTESIAN_POINT('Ctrl Pts',(66.6670769712351,19.4315932208117,72.7986515797433));
#798=CARTESIAN_POINT('Ctrl Pts',(67.0453748307619,22.2247010611627,68.9459059621638));
#799=CARTESIAN_POINT('Ctrl Pts',(67.7531449207242,25.804081993134,64.5122336344094));
#800=CARTESIAN_POINT('Ctrl Pts',(68.4335138967279,28.5654799241839,60.8579913145972));
#801=CARTESIAN_POINT('Ctrl Pts',(69.0818662884641,30.74130165728,57.5272835753071));
#802=CARTESIAN_POINT('Ctrl Pts',(69.86744048093,33.1125225702192,53.2787286371364));
#803=CARTESIAN_POINT('Ctrl Pts',(70.608461137002,35.1044253063383,48.7082935501069));
#804=CARTESIAN_POINT('Ctrl Pts',(71.1898497880418,36.7660751472252,43.0388858246556));
#805=CARTESIAN_POINT('Ctrl Pts',(71.3905847071602,37.6342368769292,38.6575570113844));
#806=CARTESIAN_POINT('Ctrl Pts',(71.3810136529861,38.0761743604301,35.2803637809034));
#807=CARTESIAN_POINT('Ctrl Pts',(71.275226520634,38.3915725024547,31.8966738604509));
#808=CARTESIAN_POINT('Ctrl Pts',(70.8892694906959,38.6316340982765,26.1912238978219));
#809=CARTESIAN_POINT('Ctrl Pts',(69.9302302969118,38.1479490558407,18.7916330710577));
#810=CARTESIAN_POINT('Ctrl Pts',(69.1743483624557,36.8581850316306,12.8000658325751));
#811=CARTESIAN_POINT('Ctrl Pts',(68.8179918685857,35.4817250440342,8.64772467587679));
#812=CARTESIAN_POINT('Ctrl Pts',(68.6711070630617,34.0686782413576,5.41551181504586));
#813=CARTESIAN_POINT('Ctrl Pts',(68.7622743396513,32.4504095333461,2.81750453685704));
#814=CARTESIAN_POINT('Ctrl Pts',(68.975726304535,30.8099038664564,0.706659781545337));
#815=CARTESIAN_POINT('Ctrl Pts',(69.2170787678054,29.4579992344799,-0.752309467487823));
#816=CARTESIAN_POINT('Ctrl Pts',(69.5618291062635,27.9596228679866,-2.03756388024672));
#817=CARTESIAN_POINT('Ctrl Pts',(69.7911193897455,27.0691297139139,-2.69884498382961));
#818=CARTESIAN_POINT('Ctrl Pts',(69.9002407028856,26.6656054719063,-2.97884410986291));
#819=CARTESIAN_POINT('Ctrl Pts',(69.9560563056393,26.4590874476721,-3.11846774402202));
#820=CARTESIAN_POINT('Ctrl Pts',(70.0036115830201,26.2955709605412,-3.22714985350445));
#821=CARTESIAN_POINT('Ctrl Pts',(70.0420659018546,26.1440542357427,-3.32512668483955));
#822=CARTESIAN_POINT('Ctrl Pts',(70.1988600854533,25.6937078453808,-3.61228655300908));
#823=CARTESIAN_POINT('Ctrl Pts',(70.4731995646075,24.9283141686934,-4.10023560907342));
#824=CARTESIAN_POINT('Ctrl Pts',(70.7473879640782,24.1528418839457,-4.59473363251349));
#825=CARTESIAN_POINT('Ctrl Pts',(70.884581006986,23.7681905486084,-4.84001738500222));
#826=CARTESIAN_POINT('Ctrl Pts',(69.330369622467,18.0680457715295,75.8529842163439));
#827=CARTESIAN_POINT('Ctrl Pts',(69.3653915585572,18.239501647602,75.0850593026757));
#828=CARTESIAN_POINT('Ctrl Pts',(69.6071855798197,19.0507514353852,72.636334374226));
#829=CARTESIAN_POINT('Ctrl Pts',(70.3797775031,21.6901533181856,68.6868430206452));
#830=CARTESIAN_POINT('Ctrl Pts',(71.5092090488238,25.0618813162215,64.1763997428877));
#831=CARTESIAN_POINT('Ctrl Pts',(72.5090197929306,27.6670758439435,60.4864921220689));
#832=CARTESIAN_POINT('Ctrl Pts',(73.4159920422031,29.7290961142497,57.1452507010645));
#833=CARTESIAN_POINT('Ctrl Pts',(74.4997688253023,31.9900779030082,52.9001630034702));
#834=CARTESIAN_POINT('Ctrl Pts',(75.5181087015277,33.9125425973227,48.3495220627467));
#835=CARTESIAN_POINT('Ctrl Pts',(76.3824186580345,35.5505443825131,42.7107363397547));
#836=CARTESIAN_POINT('Ctrl Pts',(76.7707950253666,36.4260036347439,38.3547884339427));
#837=CARTESIAN_POINT('Ctrl Pts',(76.8897070715241,36.8847638941966,35.0003645642263));
#838=CARTESIAN_POINT('Ctrl Pts',(76.903929745536,37.2225495727546,31.6425686521282));
#839=CARTESIAN_POINT('Ctrl Pts',(76.6998382275093,37.5130150896894,25.9890156547949));
#840=CARTESIAN_POINT('Ctrl Pts',(75.9214671117512,37.1290849135577,18.68553366493));
#841=CARTESIAN_POINT('Ctrl Pts',(75.2302855983515,35.9713779192304,12.7942653536285));
#842=CARTESIAN_POINT('Ctrl Pts',(74.8637458918842,34.7191372646825,8.71327013448303));
#843=CARTESIAN_POINT('Ctrl Pts',(74.6675808208358,33.4262165463883,5.53414479426929));
#844=CARTESIAN_POINT('Ctrl Pts',(74.6541193885009,31.9355103514633,2.96489864752692));
#845=CARTESIAN_POINT('Ctrl Pts',(74.7344361653381,30.4131573272042,0.861674839295762));
#846=CARTESIAN_POINT('Ctrl Pts',(74.8508775079386,29.1507530297201,-0.603151879876366));
#847=CARTESIAN_POINT('Ctrl Pts',(75.036730201156,27.7358834012333,-1.90955220876724));
#848=CARTESIAN_POINT('Ctrl Pts',(75.1648129955297,26.8886271591884,-2.5870630095797));
#849=CARTESIAN_POINT('Ctrl Pts',(75.2266125446069,26.50343606337,-2.87500378010259));
#850=CARTESIAN_POINT('Ctrl Pts',(75.2581520036127,26.3059862233479,-3.01884208722004));
#851=CARTESIAN_POINT('Ctrl Pts',(75.2857420582854,26.149678538014,-3.13073788705422));
#852=CARTESIAN_POINT('Ctrl Pts',(75.3068236585963,26.0043218572655,-3.2321464390229));
#853=CARTESIAN_POINT('Ctrl Pts',(75.402975210771,25.5741317966944,-3.52703678091568));
#854=CARTESIAN_POINT('Ctrl Pts',(75.5720531942,24.8430197368,-4.02758524495167));
#855=CARTESIAN_POINT('Ctrl Pts',(75.7392101144309,24.1013131332895,-4.53495421627644));
#856=CARTESIAN_POINT('Ctrl Pts',(75.8227327772568,23.7332525322316,-4.78651263764595));
#857=CARTESIAN_POINT('Ctrl Pts',(72.8328269019418,17.4288336348264,75.8334880734617));
#858=CARTESIAN_POINT('Ctrl Pts',(72.9249438356797,17.5992929097243,74.9905120884555));
#859=CARTESIAN_POINT('Ctrl Pts',(73.3821965729875,18.3841242728349,72.3593866854578));
#860=CARTESIAN_POINT('Ctrl Pts',(74.5639764568401,20.7671228050032,68.2688084519818));
#861=CARTESIAN_POINT('Ctrl Pts',(76.1241094195998,23.8016617560307,63.6566612338566));
#862=CARTESIAN_POINT('Ctrl Pts',(77.4385871999729,26.1545240567036,59.9250179393861));
#863=CARTESIAN_POINT('Ctrl Pts',(78.5889682071275,28.0291691175632,56.5796036853488));
#864=CARTESIAN_POINT('Ctrl Pts',(79.9428056871845,30.100839932903,52.3581183650998));
#865=CARTESIAN_POINT('Ctrl Pts',(81.199122104294,31.8882475206094,47.8654394728571));
#866=CARTESIAN_POINT('Ctrl Pts',(82.2927504641113,33.4527725252557,42.3255532685169));
#867=CARTESIAN_POINT('Ctrl Pts',(82.8271354117084,34.315376869444,38.0547308835472));
#868=CARTESIAN_POINT('Ctrl Pts',(83.043023425077,34.7856176560908,34.7702672677002));
#869=CARTESIAN_POINT('Ctrl Pts',(83.1462247518684,35.1460511774132,31.4852465140437));
#870=CARTESIAN_POINT('Ctrl Pts',(83.0727234595937,35.4999639924959,25.9607008055659));
#871=CARTESIAN_POINT('Ctrl Pts',(82.4115253054291,35.2655100722747,18.8401295051305));
#872=CARTESIAN_POINT('Ctrl Pts',(81.730479544381,34.3176331480841,13.0942298555522));
#873=CARTESIAN_POINT('Ctrl Pts',(81.3128335632587,33.2662804451918,9.10145059714148));
#874=CARTESIAN_POINT('Ctrl Pts',(81.033646358865,32.1705308510835,5.97826289835102));
#875=CARTESIAN_POINT('Ctrl Pts',(80.8853078775408,30.8988355340124,3.42388575414346));
#876=CARTESIAN_POINT('Ctrl Pts',(80.8030698139618,29.5916817385714,1.30122847636962));
#877=CARTESIAN_POINT('Ctrl Pts',(80.7698870595633,28.5010777919687,-0.200387342174601));
#878=CARTESIAN_POINT('Ctrl Pts',(80.7647182939571,27.2602792469077,-1.57785828181288));
#879=CARTESIAN_POINT('Ctrl Pts',(80.7698716960316,26.507531485742,-2.30703228360963));
#880=CARTESIAN_POINT('Ctrl Pts',(80.7740288479119,26.1630963779789,-2.62001414749585));
#881=CARTESIAN_POINT('Ctrl Pts',(80.7758375590265,25.986149623183,-2.77699567081314));
#882=CARTESIAN_POINT('Ctrl Pts',(80.7792725346265,25.8455956346815,-2.89936127887018));
#883=CARTESIAN_POINT('Ctrl Pts',(80.7786468846994,25.7151007361812,-3.01085404536677));
#884=CARTESIAN_POINT('Ctrl Pts',(80.8036142882877,25.3245803425509,-3.33485602210382));
#885=CARTESIAN_POINT('Ctrl Pts',(80.8495671594292,24.6590219195149,-3.88419354699213));
#886=CARTESIAN_POINT('Ctrl Pts',(80.890852323188,23.9817172500404,-4.439843433008));
#887=CARTESIAN_POINT('Ctrl Pts',(80.9113857876596,23.6448262669486,-4.71492009942797));
#888=CARTESIAN_POINT('Ctrl Pts',(78.3292206738674,15.8281451269424,75.8118965059056));
#889=CARTESIAN_POINT('Ctrl Pts',(78.5025533627672,15.9859361542898,74.8400344426219));
#890=CARTESIAN_POINT('Ctrl Pts',(79.2529018148613,16.6793850928856,71.8736693704435));
#891=CARTESIAN_POINT('Ctrl Pts',(80.9692022283989,18.5774938022901,67.5239216045297));
#892=CARTESIAN_POINT('Ctrl Pts',(83.0630184150568,20.9851000001371,62.7527255379202));
#893=CARTESIAN_POINT('Ctrl Pts',(84.7449653763131,22.8693213511705,58.9629919970115));
#894=CARTESIAN_POINT('Ctrl Pts',(86.1561752951277,24.3918362147089,55.6230530880211));
#895=CARTESIAN_POINT('Ctrl Pts',(87.7759582410055,26.0985409406103,51.457854593044));
#896=CARTESIAN_POINT('Ctrl Pts',(89.2335028015968,27.6064373181855,47.0850958665397));
#897=CARTESIAN_POINT('Ctrl Pts',(90.4817253929022,28.9775357634585,41.7562561100016));
#898=CARTESIAN_POINT('Ctrl Pts',(91.0965829349387,29.7654673521242,37.673422336085));
#899=CARTESIAN_POINT('Ctrl Pts',(91.3579709700747,30.2168401450095,34.543996549646));
#900=CARTESIAN_POINT('Ctrl Pts',(91.4990752276762,30.5793850430182,31.4187559844166));
#901=CARTESIAN_POINT('Ctrl Pts',(91.4712233783215,30.9845544141457,26.1715631998048));
#902=CARTESIAN_POINT('Ctrl Pts',(90.8244271218648,30.9462700218156,19.4138064760939));
#903=CARTESIAN_POINT('Ctrl Pts',(90.0675867576974,30.3176141287833,13.9105994009671));
#904=CARTESIAN_POINT('Ctrl Pts',(89.5362996551705,29.5806702599652,10.045819029948));
#905=CARTESIAN_POINT('Ctrl Pts',(89.1254113455112,28.7979120554585,6.99222549300176));
#906=CARTESIAN_POINT('Ctrl Pts',(88.8098768238858,27.8832098958764,4.44680940577902));
#907=CARTESIAN_POINT('Ctrl Pts',(88.5491396990925,26.9470269370858,2.29232272007784));
#908=CARTESIAN_POINT('Ctrl Pts',(88.3628275441018,26.1692787016324,0.740012745589908));
#909=CARTESIAN_POINT('Ctrl Pts',(88.1729597435434,25.2898687327306,-0.735667601042143));
#910=CARTESIAN_POINT('Ctrl Pts',(88.0595449408938,24.7571434905654,-1.54113353961187));
#911=CARTESIAN_POINT('Ctrl Pts',(88.0075932700598,24.5129365697645,-1.89287768764022));
#912=CARTESIAN_POINT('Ctrl Pts',(87.9805291307017,24.3880104554938,-2.06996054060117));
#913=CARTESIAN_POINT('Ctrl Pts',(87.959849644169,24.286974229424,-2.21031174905582));
#914=CARTESIAN_POINT('Ctrl Pts',(87.9386898354477,24.1969349066822,-2.33545805151718));
#915=CARTESIAN_POINT('Ctrl Pts',(87.887479749062,23.902116555312,-2.72494294694665));
#916=CARTESIAN_POINT('Ctrl Pts',(87.7992165761935,23.3949794892015,-3.39082191548519));
#917=CARTESIAN_POINT('Ctrl Pts',(87.7009406558189,22.8807235271201,-4.06369010527932));
#918=CARTESIAN_POINT('Ctrl Pts',(87.6503174765167,22.6239162386484,-4.39790078192968));
#919=CARTESIAN_POINT('Ctrl Pts',(83.9134983196356,13.3910778799059,75.8187884369557));
#920=CARTESIAN_POINT('Ctrl Pts',(84.1643307219649,13.5223989531461,74.7226326632908));
#921=CARTESIAN_POINT('Ctrl Pts',(85.187340105859,14.0603403172211,71.410207939148));
#922=CARTESIAN_POINT('Ctrl Pts',(87.3890583806852,15.3947275396282,66.7640494392679));
#923=CARTESIAN_POINT('Ctrl Pts',(89.9575284951282,17.0939562728307,61.8266573932334));
#924=CARTESIAN_POINT('Ctrl Pts',(91.956744720553,18.4451244659788,57.9787882295776));
#925=CARTESIAN_POINT('Ctrl Pts',(93.5815165760801,19.5613075079109,54.6483889696762));
#926=CARTESIAN_POINT('Ctrl Pts',(95.4052946981159,20.8374246926202,50.5459471763143));
#927=CARTESIAN_POINT('Ctrl Pts',(96.9952082516128,21.9997057200877,46.3029417929154));
#928=CARTESIAN_POINT('Ctrl Pts',(98.3107389202518,23.0997689936911,41.2047174587173));
#929=CARTESIAN_POINT('Ctrl Pts',(98.9390823446812,23.7561559843636,37.3308518044647));
#930=CARTESIAN_POINT('Ctrl Pts',(99.195590366741,24.147566338172,34.3753523672033));
#931=CARTESIAN_POINT('Ctrl Pts',(99.3252772630001,24.4732834459225,31.4299006611289));
#932=CARTESIAN_POINT('Ctrl Pts',(99.2628621371447,24.8690418609987,26.4945554163355));
#933=CARTESIAN_POINT('Ctrl Pts',(98.5386967816278,24.966744354588,20.1380238662529));
#934=CARTESIAN_POINT('Ctrl Pts',(97.651726734251,24.6205836766047,14.8729034091654));
#935=CARTESIAN_POINT('Ctrl Pts',(96.9815866464167,24.1686943483951,11.1101418802431));
#936=CARTESIAN_POINT('Ctrl Pts',(96.4294994242005,23.6705064927017,8.09219960523889));
#937=CARTESIAN_POINT('Ctrl Pts',(95.95843651916,23.072995277074,5.51635759207654));
#938=CARTESIAN_POINT('Ctrl Pts',(95.5511640807717,22.4588845240116,3.30186911261735));
#939=CARTESIAN_POINT('Ctrl Pts',(95.2516224899313,21.9485828507403,1.68520267650716));
#940=CARTESIAN_POINT('Ctrl Pts',(94.9522346470919,21.3776104236328,0.121433414048226));
#941=CARTESIAN_POINT('Ctrl Pts',(94.7809393018961,21.0364272739643,-0.741872413538665));
#942=CARTESIAN_POINT('Ctrl Pts',(94.7040360009792,20.8809792735844,-1.12167719188959));
#943=CARTESIAN_POINT('Ctrl Pts',(94.6650298405959,20.8021667548918,-1.31226234722842));
#944=CARTESIAN_POINT('Ctrl Pts',(94.6334730085322,20.7371792081561,-1.46684178794082));
#945=CARTESIAN_POINT('Ctrl Pts',(94.6058702357158,20.6823884881173,-1.59803190527993));
#946=CARTESIAN_POINT('Ctrl Pts',(94.5134694603104,20.4832094293821,-2.0542353323785));
#947=CARTESIAN_POINT('Ctrl Pts',(94.3531634420054,20.1385912593517,-2.84275190054725));
#948=CARTESIAN_POINT('Ctrl Pts',(94.1882373701752,19.7943002790932,-3.63615928188365));
#949=CARTESIAN_POINT('Ctrl Pts',(94.1049835876333,19.6229243246439,-4.03185673063139));
#950=CARTESIAN_POINT('Ctrl Pts',(88.9943223305362,10.0563546333629,75.8714221693953));
#951=CARTESIAN_POINT('Ctrl Pts',(89.3102779717823,10.1474330476269,74.6815708857994));
#952=CARTESIAN_POINT('Ctrl Pts',(90.5523553655162,10.4823437555171,71.0925938346893));
#953=CARTESIAN_POINT('Ctrl Pts',(93.145650742488,11.2434621897599,66.1658745826827));
#954=CARTESIAN_POINT('Ctrl Pts',(96.1126071990397,12.2445532060141,61.0685214185342));
#955=CARTESIAN_POINT('Ctrl Pts',(98.3820846029564,13.0644272578716,57.1627061285668));
#956=CARTESIAN_POINT('Ctrl Pts',(100.19064657244,13.7668750339118,53.8378442059546));
#957=CARTESIAN_POINT('Ctrl Pts',(102.189645838269,14.5929082404495,49.7881248690664));
#958=CARTESIAN_POINT('Ctrl Pts',(103.891745367359,15.3762277857626,45.6574081696179));
#959=CARTESIAN_POINT('Ctrl Pts',(105.256410089701,16.1486220470187,40.7618329649533));
#960=CARTESIAN_POINT('Ctrl Pts',(105.88530352552,16.6236834388211,37.0750701964756));
#961=CARTESIAN_POINT('Ctrl Pts',(106.126870741078,16.915026085444,34.2777614533043));
#962=CARTESIAN_POINT('Ctrl Pts',(106.235234545901,17.1636679742601,31.4972193130014));
#963=CARTESIAN_POINT('Ctrl Pts',(106.121868629195,17.4821824896077,26.8503055874376));
#964=CARTESIAN_POINT('Ctrl Pts',(105.305676765498,17.6342412592409,20.8669064588645));
#965=CARTESIAN_POINT('Ctrl Pts',(104.291018843294,17.5030846091092,15.8017613592835));
#966=CARTESIAN_POINT('Ctrl Pts',(103.489713260632,17.2826936858538,12.1023319942419));
#967=CARTESIAN_POINT('Ctrl Pts',(102.805889428326,17.0213524025738,9.08135993916235));
#968=CARTESIAN_POINT('Ctrl Pts',(102.188866834773,16.6889742597053,6.43054614109403));
#969=CARTESIAN_POINT('Ctrl Pts',(101.641053580188,16.3385865643035,4.11001343000262));
#970=CARTESIAN_POINT('Ctrl Pts',(101.230488904213,16.0426861517094,2.39036431712024));
#971=CARTESIAN_POINT('Ctrl Pts',(100.818412075369,15.7053680183467,0.696110209876703));
#972=CARTESIAN_POINT('Ctrl Pts',(100.585337964976,15.5016048675582,-0.248697583744285));
#973=CARTESIAN_POINT('Ctrl Pts',(100.48150724959,15.4082703500881,-0.666564873050579));
#974=CARTESIAN_POINT('Ctrl Pts',(100.429363160511,15.3609525212847,-0.875815850732148));
#975=CARTESIAN_POINT('Ctrl Pts',(100.38637134769,15.3216122788811,-1.04806251249814));
#976=CARTESIAN_POINT('Ctrl Pts',(100.350908318169,15.2889551703847,-1.18958080339958));
#977=CARTESIAN_POINT('Ctrl Pts',(100.218854717549,15.1660016139819,-1.71690781345834));
#978=CARTESIAN_POINT('Ctrl Pts',(99.9898773431822,14.9523075226223,-2.63334789828043));
#979=CARTESIAN_POINT('Ctrl Pts',(99.7615039275186,14.7384766568987,-3.55142858845765));
#980=CARTESIAN_POINT('Ctrl Pts',(99.6477904736821,14.6318006133127,-4.00974212790629));
#981=CARTESIAN_POINT('Ctrl Pts',(93.035350707677,5.88498213840007,75.9620855090619));
#982=CARTESIAN_POINT('Ctrl Pts',(93.3950872562867,5.92372271356688,74.7275375087347));
#983=CARTESIAN_POINT('Ctrl Pts',(94.7745446138619,6.0452119328555,70.9921062718504));
#984=CARTESIAN_POINT('Ctrl Pts',(97.6319980007178,6.3167061120641,65.8692130392846));
#985=CARTESIAN_POINT('Ctrl Pts',(100.898635180815,6.7235602325691,60.6500879399895));
#986=CARTESIAN_POINT('Ctrl Pts',(103.383122965415,7.08118602669409,56.6974829764339));
#987=CARTESIAN_POINT('Ctrl Pts',(105.348586129773,7.4103849219589,53.3732771833595));
#988=CARTESIAN_POINT('Ctrl Pts',(107.506955355289,7.81599383042099,49.3572648890792));
#989=CARTESIAN_POINT('Ctrl Pts',(109.326834628897,8.22418359094508,45.3009541600059));
#990=CARTESIAN_POINT('Ctrl Pts',(110.764577979922,8.64153282782352,40.539656468618));
#991=CARTESIAN_POINT('Ctrl Pts',(111.415578532897,8.90040078765424,36.9796387201755));
#992=CARTESIAN_POINT('Ctrl Pts',(111.658631771174,9.0591243387655,34.2926162579366));
#993=CARTESIAN_POINT('Ctrl Pts',(111.762113156345,9.19545623506759,31.6289816569985));
#994=CARTESIAN_POINT('Ctrl Pts',(111.625438987063,9.37206076234544,27.1908854917377));
#995=CARTESIAN_POINT('Ctrl Pts',(110.759967085937,9.48122279217715,21.4843749401424));
#996=CARTESIAN_POINT('Ctrl Pts',(109.669341537339,9.46457936384553,16.55428921769));
#997=CARTESIAN_POINT('Ctrl Pts',(108.782120440715,9.39496727682584,12.8824095439596));
#998=CARTESIAN_POINT('Ctrl Pts',(108.008122801844,9.30035159824325,9.83690905677273));
#999=CARTESIAN_POINT('Ctrl Pts',(107.285335897681,9.16710577607813,7.10194828073359));
#1000=CARTESIAN_POINT('Ctrl Pts',(106.63183355827,9.0209462496073,4.67191218798793));
#1001=CARTESIAN_POINT('Ctrl Pts',(106.13529524879,8.89450813688212,2.8492778719552));
#1002=CARTESIAN_POINT('Ctrl Pts',(105.631094856864,8.74728203598126,1.02611274470767));
#1003=CARTESIAN_POINT('Ctrl Pts',(105.344699005134,8.65765085754682,4.76038661463679E-5));
#1004=CARTESIAN_POINT('Ctrl Pts',(105.21685610792,8.6164716527663,-0.455945542098856));
#1005=CARTESIAN_POINT('Ctrl Pts',(105.152756650132,8.59561617410813,-0.68423936719057));
#1006=CARTESIAN_POINT('Ctrl Pts',(105.09947242549,8.57814983307692,-0.873672079809226));
#1007=CARTESIAN_POINT('Ctrl Pts',(105.056359907685,8.56388311353327,-1.02691334306447));
#1008=CARTESIAN_POINT('Ctrl Pts',(104.889456834621,8.50836463945178,-1.61795809666854));
#1009=CARTESIAN_POINT('Ctrl Pts',(104.598711739049,8.41156795629866,-2.6482537311791));
#1010=CARTESIAN_POINT('Ctrl Pts',(104.308222354208,8.31468842792164,-3.67949710196114));
#1011=CARTESIAN_POINT('Ctrl Pts',(104.1631379563,8.26625292329348,-4.19488821614864));
#1012=CARTESIAN_POINT('Ctrl Pts',(94.7906446348357,2.7956331268153,76.0218274223056));
#1013=CARTESIAN_POINT('Ctrl Pts',(95.1615180071783,2.79383365610811,74.7912158030216));
#1014=CARTESIAN_POINT('Ctrl Pts',(96.5726252579914,2.78506438178759,71.0551436908422));
#1015=CARTESIAN_POINT('Ctrl Pts',(99.5109617818842,2.82564115889693,65.9003478275923));
#1016=CARTESIAN_POINT('Ctrl Pts',(102.889645144296,2.9450128785973,60.6616198339414));
#1017=CARTESIAN_POINT('Ctrl Pts',(105.463905136434,3.06848313501197,56.7047826226206));
#1018=CARTESIAN_POINT('Ctrl Pts',(107.504604949326,3.19509731490281,53.3866632320015));
#1019=CARTESIAN_POINT('Ctrl Pts',(109.749363223721,3.35893447227614,49.3845551382247));
#1020=CARTESIAN_POINT('Ctrl Pts',(111.64885729669,3.53199225443648,45.3481095732364));
#1021=CARTESIAN_POINT('Ctrl Pts',(113.156135470368,3.70408600956864,40.6125317225754));
#1022=CARTESIAN_POINT('Ctrl Pts',(113.841860329924,3.80187554297814,37.0757343032819));
#1023=CARTESIAN_POINT('Ctrl Pts',(114.101311564778,3.85471834234623,34.4108611118246));
#1024=CARTESIAN_POINT('Ctrl Pts',(114.216717855416,3.89601819666286,31.772226817189));
#1025=CARTESIAN_POINT('Ctrl Pts',(114.089756495433,3.93856653567081,27.3826067201848));
#1026=CARTESIAN_POINT('Ctrl Pts',(113.226407674482,3.94569794439654,21.7470520723788));
#1027=CARTESIAN_POINT('Ctrl Pts',(112.126245366651,3.91633686426153,16.8432148644672));
#1028=CARTESIAN_POINT('Ctrl Pts',(111.220094609781,3.87338900896945,13.1658364105583));
#1029=CARTESIAN_POINT('Ctrl Pts',(110.422792628042,3.82436689744323,10.0994409366414));
#1030=CARTESIAN_POINT('Ctrl Pts',(109.668041271549,3.76175656452629,7.32393585012804));
#1031=CARTESIAN_POINT('Ctrl Pts',(108.979983990303,3.69526684839887,4.84522114777579));
#1032=CARTESIAN_POINT('Ctrl Pts',(108.453722523139,3.63868537319145,2.97836454050789));
#1033=CARTESIAN_POINT('Ctrl Pts',(107.91526679687,3.57346533103813,1.10121552785578));
#1034=CARTESIAN_POINT('Ctrl Pts',(107.608217632195,3.53373402961601,0.0416423077222258));
#1035=CARTESIAN_POINT('Ctrl Pts',(107.47094926545,3.51546767399767,-0.429900181953721));
#1036=CARTESIAN_POINT('Ctrl Pts',(107.402112696599,3.5061934644039,-0.66597576449356));
#1037=CARTESIAN_POINT('Ctrl Pts',(107.344798601342,3.49846897584959,-0.862273786937086));
#1038=CARTESIAN_POINT('Ctrl Pts',(107.29855759923,3.49206113079204,-1.0204355719698));
#1039=CARTESIAN_POINT('Ctrl Pts',(107.118369332604,3.46780864968873,-1.63586056403119));
#1040=CARTESIAN_POINT('Ctrl Pts',(106.804075013176,3.42554101259996,-2.70935398685598));
#1041=CARTESIAN_POINT('Ctrl Pts',(106.489768032017,3.38302381800592,-3.78328248349971));
#1042=CARTESIAN_POINT('Ctrl Pts',(106.332712199029,3.3617452246631,-4.32005516431043));
#1043=CARTESIAN_POINT('Ctrl Pts',(96.6106986159262,-1.36584313424382,76.0906961452709));
#1044=CARTESIAN_POINT('Ctrl Pts',(96.9832549966611,-1.42563282672162,74.8838997666841));
#1045=CARTESIAN_POINT('Ctrl Pts',(98.3985222688549,-1.62037841929615,71.2082070321282));
#1046=CARTESIAN_POINT('Ctrl Pts',(101.372117785699,-1.8896599260119,66.1068721533802));
#1047=CARTESIAN_POINT('Ctrl Pts',(104.822512091569,-2.15003244400958,60.9157113739823));
#1048=CARTESIAN_POINT('Ctrl Pts',(107.466043698358,-2.34275598261389,56.99169375358));
#1049=CARTESIAN_POINT('Ctrl Pts',(109.576639838295,-2.50050627023917,53.696912825079));
#1050=CARTESIAN_POINT('Ctrl Pts',(111.912721310042,-2.68667357708746,49.7156470273586));
#1051=CARTESIAN_POINT('Ctrl Pts',(113.911732719016,-2.86757120127649,45.6862681304151));
#1052=CARTESIAN_POINT('Ctrl Pts',(115.51879057393,-3.06228980763825,40.9313383387881));
#1053=CARTESIAN_POINT('Ctrl Pts',(116.257544158984,-3.19385666368348,37.3694622061271));
#1054=CARTESIAN_POINT('Ctrl Pts',(116.542327687247,-3.28359342805175,34.6850951197642));
#1055=CARTESIAN_POINT('Ctrl Pts',(116.675787139955,-3.36689731660588,32.028587961441));
#1056=CARTESIAN_POINT('Ctrl Pts',(116.562802755787,-3.49238300081747,27.614407931225));
#1057=CARTESIAN_POINT('Ctrl Pts',(115.70012803887,-3.62051764584192,21.9634827613965));
#1058=CARTESIAN_POINT('Ctrl Pts',(114.596861622341,-3.69960084236116,17.0397297384403));
#1059=CARTESIAN_POINT('Ctrl Pts',(113.682835731194,-3.74281545551698,13.3394358324257));
#1060=CARTESIAN_POINT('Ctrl Pts',(112.875682928248,-3.76816451801987,10.2486134629303));
#1061=CARTESIAN_POINT('Ctrl Pts',(112.10629322793,-3.77653786349678,7.44333201994926));
#1062=CARTESIAN_POINT('Ctrl Pts',(111.401839241693,-3.77478850984555,4.93347006160744));
#1063=CARTESIAN_POINT('Ctrl Pts',(110.861112683508,-3.76776869791426,3.04037401044846));
#1064=CARTESIAN_POINT('Ctrl Pts',(110.305540052851,-3.7528584248927,1.13319962607052));
#1065=CARTESIAN_POINT('Ctrl Pts',(109.9879500437,-3.74162972383074,0.0553932975380962));
#1066=CARTESIAN_POINT('Ctrl Pts',(109.845804608824,-3.73603866389074,-0.424572336278778));
#1067=CARTESIAN_POINT('Ctrl Pts',(109.774509121257,-3.73313924352831,-0.664854884717691));
#1068=CARTESIAN_POINT('Ctrl Pts',(109.715074988095,-3.73063496245717,-0.864875137751965));
#1069=CARTESIAN_POINT('Ctrl Pts',(109.667216270128,-3.72859640531406,-1.02567988344582));
#1070=CARTESIAN_POINT('Ctrl Pts',(109.479831359269,-3.72012183126365,-1.65441047313084));
#1071=CARTESIAN_POINT('Ctrl Pts',(109.152760626253,-3.70502250735007,-2.75156310313931));
#1072=CARTESIAN_POINT('Ctrl Pts',(108.825455891667,-3.68939128134125,-3.84903339145251));
#1073=CARTESIAN_POINT('Ctrl Pts',(108.661793441116,-3.6814230876209,-4.3976586547095));
#1074=CARTESIAN_POINT('Ctrl Pts',(97.5614805401845,-6.02936021966706,76.140510554381));
#1075=CARTESIAN_POINT('Ctrl Pts',(97.9144457489251,-6.12640650169708,74.9664139646132));
#1076=CARTESIAN_POINT('Ctrl Pts',(99.2540297877725,-6.45186826908946,71.3862819782878));
#1077=CARTESIAN_POINT('Ctrl Pts',(102.086922619835,-6.99781020789108,66.4001914789556));
#1078=CARTESIAN_POINT('Ctrl Pts',(105.392412407069,-7.61662882624742,61.296042005532));
#1079=CARTESIAN_POINT('Ctrl Pts',(107.932236364657,-8.10608616050125,57.4190107252363));
#1080=CARTESIAN_POINT('Ctrl Pts',(109.965678112374,-8.52424688644185,54.1469537787697));
#1081=CARTESIAN_POINT('Ctrl Pts',(112.221764884268,-9.02281263210011,50.1798484399908));
#1082=CARTESIAN_POINT('Ctrl Pts',(114.159759712597,-9.50799422320135,46.1508930502929));
#1083=CARTESIAN_POINT('Ctrl Pts',(115.744738431306,-10.0025037003526,41.3883976393201));
#1084=CARTESIAN_POINT('Ctrl Pts',(116.504683500358,-10.3123019000375,37.8130609378548));
#1085=CARTESIAN_POINT('Ctrl Pts',(116.827794602772,-10.5055378886868,35.1085287162565));
#1086=CARTESIAN_POINT('Ctrl Pts',(117.009474646969,-10.6733573604285,32.424747221097));
#1087=CARTESIAN_POINT('Ctrl Pts',(116.998807288381,-10.8970798594229,27.9466252046154));
#1088=CARTESIAN_POINT('Ctrl Pts',(116.282402137772,-11.0501865148636,22.1714562697907));
#1089=CARTESIAN_POINT('Ctrl Pts',(115.2744235644,-11.0731233567689,17.1470278353304));
#1090=CARTESIAN_POINT('Ctrl Pts',(114.414954615124,-11.0424421181726,13.383991921912));
#1091=CARTESIAN_POINT('Ctrl Pts',(113.641374307837,-10.9868163210303,10.249451082243));
#1092=CARTESIAN_POINT('Ctrl Pts',(112.887719544441,-10.899077108698,7.41661299482298));
#1093=CARTESIAN_POINT('Ctrl Pts',(112.188462005043,-10.7994305096315,4.88884387035639));
#1094=CARTESIAN_POINT('Ctrl Pts',(111.646411136554,-10.7115773904262,2.98624119201927));
#1095=CARTESIAN_POINT('Ctrl Pts',(111.082547279595,-10.6071595517344,1.07429751476013));
#1096=CARTESIAN_POINT('Ctrl Pts',(110.757842656828,-10.5428715045706,-0.00476694635238025));
#1097=CARTESIAN_POINT('Ctrl Pts',(110.612045239029,-10.5131662758887,-0.484903037075872));
#1098=CARTESIAN_POINT('Ctrl Pts',(110.538772363032,-10.4981312141223,-0.725424240698312));
#1099=CARTESIAN_POINT('Ctrl Pts',(110.477814325639,-10.4854100682101,-0.924980974179988));
#1100=CARTESIAN_POINT('Ctrl Pts',(110.428296971408,-10.4752309500198,-1.08666675134748));
#1101=CARTESIAN_POINT('Ctrl Pts',(110.237106453947,-10.4338578268955,-1.70906406175001));
#1102=CARTESIAN_POINT('Ctrl Pts',(109.904352553388,-10.3614969717376,-2.79375246634269));
#1103=CARTESIAN_POINT('Ctrl Pts',(109.572349610264,-10.2892128420983,-3.87935877973112));
#1104=CARTESIAN_POINT('Ctrl Pts',(109.406707735956,-10.2530402459023,-4.42183569739329));
#1105=CARTESIAN_POINT('Ctrl Pts',(96.2333818825493,-13.8231515447206,76.1570649510992));
#1106=CARTESIAN_POINT('Ctrl Pts',(96.5392709952121,-13.9622769707995,75.0540240470278));
#1107=CARTESIAN_POINT('Ctrl Pts',(97.701310565112,-14.4496834267521,71.6916405242725));
#1108=CARTESIAN_POINT('Ctrl Pts',(100.163125463126,-15.3954473292697,66.9815611698224));
#1109=CARTESIAN_POINT('Ctrl Pts',(103.046981531772,-16.5366195697406,62.0772582679241));
#1110=CARTESIAN_POINT('Ctrl Pts',(105.270256738297,-17.4487567093292,58.3020828145841));
#1111=CARTESIAN_POINT('Ctrl Pts',(107.057553961075,-18.2214213850437,55.0714120127045));
#1112=CARTESIAN_POINT('Ctrl Pts',(109.049509735785,-19.1265284131928,51.1188239088309));
#1113=CARTESIAN_POINT('Ctrl Pts',(110.775048308762,-19.9799972637877,47.0645030627627));
#1114=CARTESIAN_POINT('Ctrl Pts',(112.232684582984,-20.8133854171538,42.2366562322751));
#1115=CARTESIAN_POINT('Ctrl Pts',(112.979052708603,-21.3187518584331,38.5907343571713));
#1116=CARTESIAN_POINT('Ctrl Pts',(113.340079607177,-21.6231843643715,35.8162015664461));
#1117=CARTESIAN_POINT('Ctrl Pts',(113.58415293206,-21.8787148861664,33.0516249449643));
#1118=CARTESIAN_POINT('Ctrl Pts',(113.732189721352,-22.1960618144532,28.4128536243923));
#1119=CARTESIAN_POINT('Ctrl Pts',(113.305049606463,-22.3143584756391,22.366627893871));
#1120=CARTESIAN_POINT('Ctrl Pts',(112.521666126994,-22.158809558345,17.1290304905601));
#1121=CARTESIAN_POINT('Ctrl Pts',(111.799712531203,-21.9391143769877,13.2405856016991));
#1122=CARTESIAN_POINT('Ctrl Pts',(111.117969265536,-21.6927582576388,10.0247882035433));
#1123=CARTESIAN_POINT('Ctrl Pts',(110.414086282561,-21.3972025669818,7.15266290923893));
#1124=CARTESIAN_POINT('Ctrl Pts',(109.737450529867,-21.0943319203364,4.61009309340565));
#1125=CARTESIAN_POINT('Ctrl Pts',(109.198948650345,-20.8432128816709,2.70869408341069));
#1126=CARTESIAN_POINT('Ctrl Pts',(108.619802762732,-20.5627532245026,0.8139458098991));
#1127=CARTESIAN_POINT('Ctrl Pts',(108.279523945415,-20.3952183526006,-0.250148311798859));
#1128=CARTESIAN_POINT('Ctrl Pts',(108.125427830057,-20.318839767742,-0.722251925526788));
#1129=CARTESIAN_POINT('Ctrl Pts',(108.047527443657,-20.2801927165737,-0.959101372764062));
#1130=CARTESIAN_POINT('Ctrl Pts',(107.983176167771,-20.2480767040789,-1.15378086194736));
#1131=CARTESIAN_POINT('Ctrl Pts',(107.929464359358,-20.2215099659737,-1.31487767336867));
#1132=CARTESIAN_POINT('Ctrl Pts',(107.73119288326,-20.1212104888835,-1.90855485531538));
#1133=CARTESIAN_POINT('Ctrl Pts',(107.38806281742,-19.9478734935478,-2.93923398594127));
#1134=CARTESIAN_POINT('Ctrl Pts',(107.046305590864,-19.7764813023544,-3.97225394998815));
#1135=CARTESIAN_POINT('Ctrl Pts',(106.876332899519,-19.6914595710493,-4.48780728506012));
#1136=CARTESIAN_POINT('Ctrl Pts',(93.1660578660113,-20.3955739955584,76.1359843897462));
#1137=CARTESIAN_POINT('Ctrl Pts',(93.4229495781708,-20.5635562230324,75.1072216384216));
#1138=CARTESIAN_POINT('Ctrl Pts',(94.403833141408,-21.171273072735,71.9736009631263));
#1139=CARTESIAN_POINT('Ctrl Pts',(96.485436057154,-22.443867737703,67.5489225674959));
#1140=CARTESIAN_POINT('Ctrl Pts',(98.9316270683022,-24.0137265181785,62.8473884233453));
#1141=CARTESIAN_POINT('Ctrl Pts',(100.825560072942,-25.2678163506099,59.1737784925065));
#1142=CARTESIAN_POINT('Ctrl Pts',(102.358027930382,-26.3193510036049,55.9817740474687));
#1143=CARTESIAN_POINT('Ctrl Pts',(104.07901860843,-27.534873355313,52.0373383574152));
#1144=CARTESIAN_POINT('Ctrl Pts',(105.591765529593,-28.6557998852563,47.9450403279241));
#1145=CARTESIAN_POINT('Ctrl Pts',(106.921851732224,-29.719206986464,43.0225024102725));
#1146=CARTESIAN_POINT('Ctrl Pts',(107.647421110534,-30.3485470350915,39.2788536708196));
#1147=CARTESIAN_POINT('Ctrl Pts',(108.035078484501,-30.7173962320467,36.4153283985188));
#1148=CARTESIAN_POINT('Ctrl Pts',(108.327905479411,-31.0189736482044,33.5537427643914));
#1149=CARTESIAN_POINT('Ctrl Pts',(108.606020734861,-31.3716045860155,28.7351145499156));
#1150=CARTESIAN_POINT('Ctrl Pts',(108.436367175808,-31.4105593799284,22.4204521988019));
#1151=CARTESIAN_POINT('Ctrl Pts',(107.870157257798,-31.0556732692176,16.9828212931058));
#1152=CARTESIAN_POINT('Ctrl Pts',(107.286032952751,-30.6349116761392,12.9804112423069));
#1153=CARTESIAN_POINT('Ctrl Pts',(106.700207765428,-30.1894365983502,9.69433536942622));
#1154=CARTESIAN_POINT('Ctrl Pts',(106.053078763559,-29.6786384221248,6.79501836324072));
#1155=CARTESIAN_POINT('Ctrl Pts',(105.407368508339,-29.1650110916745,4.25074861436575));
#1156=CARTESIAN_POINT('Ctrl Pts',(104.879901759409,-28.7441728075249,2.36193469175252));
#1157=CARTESIAN_POINT('Ctrl Pts',(104.29513900408,-28.2794536602059,0.498537975246055));
#1158=CARTESIAN_POINT('Ctrl Pts',(103.94569848777,-28.0031461416379,-0.541442368486512));
#1159=CARTESIAN_POINT('Ctrl Pts',(103.786378892254,-27.8774968935842,-1.00122400182936));
#1160=CARTESIAN_POINT('Ctrl Pts',(103.705453128933,-27.8137763124224,-1.23213051554964));
#1161=CARTESIAN_POINT('Ctrl Pts',(103.639009969597,-27.761399242345,-1.4202476641008));
#1162=CARTESIAN_POINT('Ctrl Pts',(103.582304985347,-27.7169576063802,-1.57888562722601));
#1163=CARTESIAN_POINT('Ctrl Pts',(103.380776335444,-27.5576218606535,-2.14010346661024));
#1164=CARTESIAN_POINT('Ctrl Pts',(103.033466226077,-27.2837404393306,-3.11076832072094));
#1165=CARTESIAN_POINT('Ctrl Pts',(102.68746844824,-27.0129046213291,-4.08494769399829));
#1166=CARTESIAN_POINT('Ctrl Pts',(102.515697504404,-26.8788977080709,-4.57052622216145));
#1167=CARTESIAN_POINT('Ctrl Pts',(88.6725791605521,-24.7748321150348,76.1086622510371));
#1168=CARTESIAN_POINT('Ctrl Pts',(88.8816307359644,-24.9597868750302,75.1594658274039));
#1169=CARTESIAN_POINT('Ctrl Pts',(89.6929216887745,-25.6531790858873,72.2624885755113));
#1170=CARTESIAN_POINT('Ctrl Pts',(91.4356892114409,-27.2016647936083,68.1043831667472));
#1171=CARTESIAN_POINT('Ctrl Pts',(93.4941580398703,-29.1401994902483,63.5837168268458));
#1172=CARTESIAN_POINT('Ctrl Pts',(95.097610233328,-30.6884173573251,59.9976487701284));
#1173=CARTESIAN_POINT('Ctrl Pts',(96.4072197928342,-31.9787756387928,56.8353900932268));
#1174=CARTESIAN_POINT('Ctrl Pts',(97.8936331688906,-33.4589122236561,52.8897477748043));
#1175=CARTESIAN_POINT('Ctrl Pts',(99.2260058443039,-34.806586037186,48.749544871548));
#1176=CARTESIAN_POINT('Ctrl Pts',(100.449062730081,-36.0631670160541,43.7160544904285));
#1177=CARTESIAN_POINT('Ctrl Pts',(101.155304545174,-36.7944178138744,39.8624893724659));
#1178=CARTESIAN_POINT('Ctrl Pts',(101.562197514114,-37.2141801395321,36.9033847722231));
#1179=CARTESIAN_POINT('Ctrl Pts',(101.892152448487,-37.5506529289969,33.9411051686726));
#1180=CARTESIAN_POINT('Ctrl Pts',(102.271590125063,-37.9249875102611,28.9433774846783));
#1181=CARTESIAN_POINT('Ctrl Pts',(102.312029563453,-37.8876654126086,22.3881216562722));
#1182=CARTESIAN_POINT('Ctrl Pts',(101.940305472057,-37.3589073101384,16.7855837597871));
#1183=CARTESIAN_POINT('Ctrl Pts',(101.489956030753,-36.7626435651661,12.6931055148932));
#1184=CARTESIAN_POINT('Ctrl Pts',(101.005671582232,-36.142763578045,9.35485689200758));
#1185=CARTESIAN_POINT('Ctrl Pts',(100.432956641418,-35.4410010884974,6.44072679930324));
#1186=CARTESIAN_POINT('Ctrl Pts',(99.8422624510722,-34.7384801926417,3.90355329360744));
#1187=CARTESIAN_POINT('Ctrl Pts',(99.3492211321358,-34.1643702813792,2.03257375090508));
#1188=CARTESIAN_POINT('Ctrl Pts',(98.7900656747904,-33.5317722332653,0.204146882175262));
#1189=CARTESIAN_POINT('Ctrl Pts',(98.452084740868,-33.1559371350394,-0.810143811479048));
#1190=CARTESIAN_POINT('Ctrl Pts',(98.297308620204,-32.9851667651577,-1.25711787115452));
#1191=CARTESIAN_POINT('Ctrl Pts',(98.2184717702992,-32.8984162146994,-1.48163054948058));
#1192=CARTESIAN_POINT('Ctrl Pts',(98.1539448442863,-32.8275980127879,-1.66352375250083));
#1193=CARTESIAN_POINT('Ctrl Pts',(98.0982103341887,-32.7665108896046,-1.81855402181874));
#1194=CARTESIAN_POINT('Ctrl Pts',(97.9041061559049,-32.5547440304282,-2.35366729845991));
#1195=CARTESIAN_POINT('Ctrl Pts',(97.5700751110418,-32.1914178907725,-3.2771251047676));
#1196=CARTESIAN_POINT('Ctrl Pts',(97.2366224346979,-31.8306934581726,-4.20489580147373));
#1197=CARTESIAN_POINT('Ctrl Pts',(97.0710668028739,-31.6521417001441,-4.66703114625052));
#1198=CARTESIAN_POINT('Ctrl Pts',(85.3104708515744,-27.1178134513345,76.0986983504438));
#1199=CARTESIAN_POINT('Ctrl Pts',(85.4858639487061,-27.3106400200332,75.2064533582801));
#1200=CARTESIAN_POINT('Ctrl Pts',(86.1775822681824,-28.0504224045346,72.4742213904732));
#1201=CARTESIAN_POINT('Ctrl Pts',(87.6852992872715,-29.7785924607835,68.4884589095689));
#1202=CARTESIAN_POINT('Ctrl Pts',(89.4767333467952,-31.9648893295017,64.0832115443014));
#1203=CARTESIAN_POINT('Ctrl Pts',(90.880155081484,-33.7120671769336,60.5524823869739));
#1204=CARTESIAN_POINT('Ctrl Pts',(92.0357321343595,-35.1650973190464,57.4083987930472));
#1205=CARTESIAN_POINT('Ctrl Pts',(93.3587480070596,-36.8265744889364,53.4603950558615));
#1206=CARTESIAN_POINT('Ctrl Pts',(94.5629451418226,-38.3315575266758,49.2870485076196));
#1207=CARTESIAN_POINT('Ctrl Pts',(95.7027492918523,-39.7255405930071,44.1786233930618));
#1208=CARTESIAN_POINT('Ctrl Pts',(96.3854998594676,-40.5319121004539,40.2516574894911));
#1209=CARTESIAN_POINT('Ctrl Pts',(96.7963060080383,-40.9914718476851,37.2292600696114));
#1210=CARTESIAN_POINT('Ctrl Pts',(97.1417571648232,-41.357335877064,34.2006710817616));
#1211=CARTESIAN_POINT('Ctrl Pts',(97.5725632707055,-41.7570236021098,29.0857548225776));
#1212=CARTESIAN_POINT('Ctrl Pts',(97.732235586839,-41.6854984311348,22.3756180276389));
#1213=CARTESIAN_POINT('Ctrl Pts',(97.4782220068229,-41.0571492321815,16.6677401168709));
#1214=CARTESIAN_POINT('Ctrl Pts',(97.1128832380268,-40.3558389893055,12.5175447318077));
#1215=CARTESIAN_POINT('Ctrl Pts',(96.696253128349,-39.6292661995753,9.14573332512631));
#1216=CARTESIAN_POINT('Ctrl Pts',(96.1783740183566,-38.8078857556306,6.221783174979));
#1217=CARTESIAN_POINT('Ctrl Pts',(95.6325806747681,-37.985708501967,3.68879169838423));
#1218=CARTESIAN_POINT('Ctrl Pts',(95.1709056636709,-37.3138123091625,1.82891432361727));
#1219=CARTESIAN_POINT('Ctrl Pts',(94.640336200074,-36.5734597002709,0.0224242702797928));
#1220=CARTESIAN_POINT('Ctrl Pts',(94.3175811914756,-36.1336097185097,-0.97574135443835));
#1221=CARTESIAN_POINT('Ctrl Pts',(94.1694066576463,-35.9338004677888,-1.41470773096302));
#1222=CARTESIAN_POINT('Ctrl Pts',(94.0938408959134,-35.8322225996144,-1.63517110989814));
#1223=CARTESIAN_POINT('Ctrl Pts',(94.0320254866783,-35.7495404979048,-1.81329339230652));
#1224=CARTESIAN_POINT('Ctrl Pts',(93.9784331033979,-35.677720403975,-1.96583282186722));
#1225=CARTESIAN_POINT('Ctrl Pts',(93.7927952893568,-35.4322986428381,-2.48622009823719));
#1226=CARTESIAN_POINT('Ctrl Pts',(93.4733085792157,-35.0113086319159,-3.38333552186174));
#1227=CARTESIAN_POINT('Ctrl Pts',(93.1538662315239,-34.5920414689451,-4.28515748469808));
#1228=CARTESIAN_POINT('Ctrl Pts',(92.9951763384001,-34.3843274034389,-4.73423833648999));
#1229=CARTESIAN_POINT('Ctrl Pts',(82.7386317251394,-28.7035116825834,76.0934061964884));
#1230=CARTESIAN_POINT('Ctrl Pts',(82.8887413935189,-28.9012826990862,75.2441367489696));
#1231=CARTESIAN_POINT('Ctrl Pts',(83.4905676289486,-29.6725871573811,72.6351322100699));
#1232=CARTESIAN_POINT('Ctrl Pts',(84.8223905392039,-31.5322240454741,68.7751659525151));
#1233=CARTESIAN_POINT('Ctrl Pts',(86.4143950393273,-33.9017497627226,64.4538255979742));
#1234=CARTESIAN_POINT('Ctrl Pts',(87.6684035219117,-35.7963863542046,60.963207345563));
#1235=CARTESIAN_POINT('Ctrl Pts',(88.7087521548045,-37.3702539993618,57.8321516213726));
#1236=CARTESIAN_POINT('Ctrl Pts',(89.9091860496019,-39.1666992021831,53.8820513946873));
#1237=CARTESIAN_POINT('Ctrl Pts',(91.0165467903625,-40.7892167635709,49.6839813642235));
#1238=CARTESIAN_POINT('Ctrl Pts',(92.0916187383075,-42.2866404508779,44.5200612062073));
#1239=CARTESIAN_POINT('Ctrl Pts',(92.7541437909352,-43.1501552707765,40.5389321329405));
#1240=CARTESIAN_POINT('Ctrl Pts',(93.1654336829801,-43.6404786656931,37.4699589613591));
#1241=CARTESIAN_POINT('Ctrl Pts',(93.5198346853703,-44.0294935539999,34.3926650848301));
#1242=CARTESIAN_POINT('Ctrl Pts',(93.9842268815814,-44.450490499073,29.1918582558425));
#1243=CARTESIAN_POINT('Ctrl Pts',(94.2263641981817,-44.3577164340021,22.3688403006957));
#1244=CARTESIAN_POINT('Ctrl Pts',(94.0560393892725,-43.6598130157771,16.5844034457888));
#1245=CARTESIAN_POINT('Ctrl Pts',(93.7523026521076,-42.8838870121289,12.3922178116344));
#1246=CARTESIAN_POINT('Ctrl Pts',(93.3855502738997,-42.0809207238572,8.99595786759751));
#1247=CARTESIAN_POINT('Ctrl Pts',(92.9094577916284,-41.1731736444688,6.06477883538417));
#1248=CARTESIAN_POINT('Ctrl Pts',(92.3988945418906,-40.2642691323592,3.53472812119325));
#1249=CARTESIAN_POINT('Ctrl Pts',(91.9625162478995,-39.5213263043871,1.68283250541705));
#1250=CARTESIAN_POINT('Ctrl Pts',(91.4559856803787,-38.7025275425532,-0.107841859060572));
#1251=CARTESIAN_POINT('Ctrl Pts',(91.1464061691247,-38.216042957027,-1.09437991057213));
#1252=CARTESIAN_POINT('Ctrl Pts',(91.0040166927265,-37.9950747313973,-1.52758043521239));
#1253=CARTESIAN_POINT('Ctrl Pts',(90.931344988864,-37.8826920106831,-1.74511461380761));
#1254=CARTESIAN_POINT('Ctrl Pts',(90.8718974113392,-37.7913657096407,-1.92055336239804));
#1255=CARTESIAN_POINT('Ctrl Pts',(90.8202675838207,-37.7117217519025,-2.07123757774347));
#1256=CARTESIAN_POINT('Ctrl Pts',(90.6417797523801,-37.4417892148004,-2.58144074997731));
#1257=CARTESIAN_POINT('Ctrl Pts',(90.3344891927844,-36.9787359970317,-3.46042222001288));
#1258=CARTESIAN_POINT('Ctrl Pts',(90.0268408359972,-36.5166156770784,-4.34436589099617));
#1259=CARTESIAN_POINT('Ctrl Pts',(89.8739201779587,-36.2875165102608,-4.78446806501598));
#1260=CARTESIAN_POINT('Ctrl Pts',(76.0453326057612,-31.6588774208552,76.0935180896434));
#1261=CARTESIAN_POINT('Ctrl Pts',(76.1317319731381,-31.8628702471574,75.351673951448));
#1262=CARTESIAN_POINT('Ctrl Pts',(76.5059002383924,-32.6910632408112,73.0434141927238));
#1263=CARTESIAN_POINT('Ctrl Pts',(77.3914869477145,-34.8550159170852,69.4742898857167));
#1264=CARTESIAN_POINT('Ctrl Pts',(78.4762233050128,-37.6608241588081,65.3477834423746));
#1265=CARTESIAN_POINT('Ctrl Pts',(79.3481440506997,-39.9085515823379,61.9505984399111));
#1266=CARTESIAN_POINT('Ctrl Pts',(80.0906495449857,-41.7733178013817,58.8501310295425));
#1267=CARTESIAN_POINT('Ctrl Pts',(80.9696023321195,-43.8959299792976,54.8948574589685));
#1268=CARTESIAN_POINT('Ctrl Pts',(81.8146672886486,-45.8044847626584,50.6379340414014));
#1269=CARTESIAN_POINT('Ctrl Pts',(82.6948102066425,-47.5565538532735,45.3421985988605));
#1270=CARTESIAN_POINT('Ctrl Pts',(83.2766200058242,-48.5628290456516,41.233064190161));
#1271=CARTESIAN_POINT('Ctrl Pts',(83.663614353129,-49.1317108181635,38.0545593539069));
#1272=CARTESIAN_POINT('Ctrl Pts',(84.0138047596675,-49.5813324760094,34.8631515161909));
#1273=CARTESIAN_POINT('Ctrl Pts',(84.5154485082436,-50.0626708894891,29.4619917518564));
#1274=CARTESIAN_POINT('Ctrl Pts',(84.9023064909213,-49.9338995574167,22.3789279705351));
#1275=CARTESIAN_POINT('Ctrl Pts',(84.9018145484125,-49.0854245571421,16.4197126151568));
#1276=CARTESIAN_POINT('Ctrl Pts',(84.7336382432164,-48.1435957596998,12.1316946814724));
#1277=CARTESIAN_POINT('Ctrl Pts',(84.48407785429,-47.1687854986373,8.67959789653608));
#1278=CARTESIAN_POINT('Ctrl Pts',(84.1173912224155,-46.0646641824953,5.73141425418515));
#1279=CARTESIAN_POINT('Ctrl Pts',(83.7068731123467,-44.9577540980296,3.20702977521048));
#1280=CARTESIAN_POINT('Ctrl Pts',(83.347408888997,-44.0522180049189,1.37213120283732));
#1281=CARTESIAN_POINT('Ctrl Pts',(82.9208906877703,-43.0536213780225,-0.384593738709158));
#1282=CARTESIAN_POINT('Ctrl Pts',(82.657635467141,-42.4602309689408,-1.34619764014735));
#1283=CARTESIAN_POINT('Ctrl Pts',(82.5360559671429,-42.1907473402131,-1.76709017943859));
#1284=CARTESIAN_POINT('Ctrl Pts',(82.4739639524037,-42.0536108511811,-1.97829670947176));
#1285=CARTESIAN_POINT('Ctrl Pts',(82.4229939224018,-41.9424202984785,-2.14818868504653));
#1286=CARTESIAN_POINT('Ctrl Pts',(82.3789404316126,-41.8449275395285,-2.29456705038239));
#1287=CARTESIAN_POINT('Ctrl Pts',(82.2246323225198,-41.518204464489,-2.78541626200704));
#1288=CARTESIAN_POINT('Ctrl Pts',(81.9581656366188,-40.9571649046544,-3.63042536445419));
#1289=CARTESIAN_POINT('Ctrl Pts',(81.6905064509933,-40.3945297060911,-4.4807810485282));
#1290=CARTESIAN_POINT('Ctrl Pts',(81.557143816595,-40.1150461563079,-4.90410681466556));
#1291=CARTESIAN_POINT('Ctrl Pts',(69.1903066895977,-32.614069441811,76.1218987891699));
#1292=CARTESIAN_POINT('Ctrl Pts',(69.2121812635306,-32.8097117848359,75.4763099644809));
#1293=CARTESIAN_POINT('Ctrl Pts',(69.3497264497078,-33.6369672300844,73.4180641671096));
#1294=CARTESIAN_POINT('Ctrl Pts',(69.7400269929285,-36.0241398066297,70.0694366784497));
#1295=CARTESIAN_POINT('Ctrl Pts',(70.239426824828,-39.1781407583845,66.1081248430783));
#1296=CARTESIAN_POINT('Ctrl Pts',(70.6566311589616,-41.7121544810761,62.7962891863226));
#1297=CARTESIAN_POINT('Ctrl Pts',(71.0276252052921,-43.815586750183,59.7303705442027));
#1298=CARTESIAN_POINT('Ctrl Pts',(71.4839980169174,-46.2067011870023,55.7809446135731));
#1299=CARTESIAN_POINT('Ctrl Pts',(71.9475987991899,-48.3511446129913,51.4840503424494));
#1300=CARTESIAN_POINT('Ctrl Pts',(72.4680353342652,-50.3099907400988,46.0880725068819));
#1301=CARTESIAN_POINT('Ctrl Pts',(72.8331463530384,-51.4290767312925,41.8801407810036));
#1302=CARTESIAN_POINT('Ctrl Pts',(73.0875612343817,-52.0574032081799,38.6170097039157));
#1303=CARTESIAN_POINT('Ctrl Pts',(73.323886882775,-52.5507716631201,35.3376867975506));
#1304=CARTESIAN_POINT('Ctrl Pts',(73.6767934002563,-53.0695343314766,29.7828028034588));
#1305=CARTESIAN_POINT('Ctrl Pts',(73.9760828910203,-52.8907228336503,22.5041104127304));
#1306=CARTESIAN_POINT('Ctrl Pts',(73.9987972886666,-51.9024425013901,16.4183618158888));
#1307=CARTESIAN_POINT('Ctrl Pts',(73.8962602185276,-50.8171917363996,12.0625849734756));
#1308=CARTESIAN_POINT('Ctrl Pts',(73.733444855422,-49.6995242448032,8.57173170290705));
#1309=CARTESIAN_POINT('Ctrl Pts',(73.4885883742247,-48.4405060888608,5.61045797432373));
#1310=CARTESIAN_POINT('Ctrl Pts',(73.2137985038472,-47.1823500705711,3.08547805007786));
#1311=CARTESIAN_POINT('Ctrl Pts',(72.9730602025068,-46.155335804805,1.2564588549561));
#1312=CARTESIAN_POINT('Ctrl Pts',(72.6876790127394,-45.02553809629,-0.487852999255937));
#1313=CARTESIAN_POINT('Ctrl Pts',(72.5117346013938,-44.3550161966705,-1.44060533924585));
#1314=CARTESIAN_POINT('Ctrl Pts',(72.4303927006879,-44.0505912257169,-1.85729820866066));
#1315=CARTESIAN_POINT('Ctrl Pts',(72.389083496203,-43.8958177068163,-2.06619920022653));
#1316=CARTESIAN_POINT('Ctrl Pts',(72.3544772221014,-43.7699753912939,-2.23459243399182));
#1317=CARTESIAN_POINT('Ctrl Pts',(72.3260356260975,-43.660425636942,-2.37879870408725));
#1318=CARTESIAN_POINT('Ctrl Pts',(72.2160125209732,-43.2879405811386,-2.86811660279796));
#1319=CARTESIAN_POINT('Ctrl Pts',(72.0240471946817,-42.6461787009244,-3.71156923387267));
#1320=CARTESIAN_POINT('Ctrl Pts',(71.8313812324217,-42.0004704640501,-4.56013727385066));
#1321=CARTESIAN_POINT('Ctrl Pts',(71.7349704430219,-41.6789215772454,-4.98278402311083));
#1322=CARTESIAN_POINT('Ctrl Pts',(65.7570777476167,-32.6689785694962,76.0957852662669));
#1323=CARTESIAN_POINT('Ctrl Pts',(65.7299876048657,-32.8551097497149,75.4649873702157));
#1324=CARTESIAN_POINT('Ctrl Pts',(65.6658741541406,-33.6494391922347,73.4580658260652));
#1325=CARTESIAN_POINT('Ctrl Pts',(65.6542111301541,-36.0256777676136,70.1829675972072));
#1326=CARTESIAN_POINT('Ctrl Pts',(65.6860328480743,-39.1955880116412,66.2980625142211));
#1327=CARTESIAN_POINT('Ctrl Pts',(65.727898743918,-41.7465805585247,63.0399465448065));
#1328=CARTESIAN_POINT('Ctrl Pts',(65.7759076205835,-43.8634104901595,60.0122439287934));
#1329=CARTESIAN_POINT('Ctrl Pts',(65.8438757041689,-46.2644135792762,56.1012508679687));
#1330=CARTESIAN_POINT('Ctrl Pts',(65.9247793348264,-48.4074758371197,51.8330160243199));
#1331=CARTESIAN_POINT('Ctrl Pts',(66.0281188778674,-50.3425501813629,46.4600480077404));
#1332=CARTESIAN_POINT('Ctrl Pts',(66.1041427640488,-51.4315744189352,42.2648580614901));
#1333=CARTESIAN_POINT('Ctrl Pts',(66.1562269910655,-52.0304156637981,39.0090708201284));
#1334=CARTESIAN_POINT('Ctrl Pts',(66.2021925705268,-52.4908643251915,35.7357324166259));
#1335=CARTESIAN_POINT('Ctrl Pts',(66.2634000036291,-52.9468130995061,30.1875582498092));
#1336=CARTESIAN_POINT('Ctrl Pts',(66.2693516349411,-52.6690055174694,22.9074126576402));
#1337=CARTESIAN_POINT('Ctrl Pts',(66.155657174948,-51.5895308026693,16.8030776163903));
#1338=CARTESIAN_POINT('Ctrl Pts',(66.0142371134761,-50.4391191766886,12.4216049375773));
#1339=CARTESIAN_POINT('Ctrl Pts',(65.8608509822541,-49.2700983340576,8.90069776175605));
#1340=CARTESIAN_POINT('Ctrl Pts',(65.6802530340803,-47.9703373057506,5.89849700397972));
#1341=CARTESIAN_POINT('Ctrl Pts',(65.4969127870117,-46.6795080638452,3.32704629959534));
#1342=CARTESIAN_POINT('Ctrl Pts',(65.3459549567124,-45.6301303433293,1.45677643959939));
#1343=CARTESIAN_POINT('Ctrl Pts',(65.1790354330325,-44.4804088542275,-0.338185436956841));
#1344=CARTESIAN_POINT('Ctrl Pts',(65.0800901360453,-43.7994521256361,-1.32283195097469));
#1345=CARTESIAN_POINT('Ctrl Pts',(65.0350586258728,-43.490436350326,-1.75448293358031));
#1346=CARTESIAN_POINT('Ctrl Pts',(65.0124672435064,-43.3335716382865,-1.97088161844111));
#1347=CARTESIAN_POINT('Ctrl Pts',(64.9932118670459,-43.2054417562294,-2.14595977022415));
#1348=CARTESIAN_POINT('Ctrl Pts',(64.9783352859921,-43.0952177825187,-2.29488489238741));
#1349=CARTESIAN_POINT('Ctrl Pts',(64.9146065964755,-42.7114573148722,-2.80842077942575));
#1350=CARTESIAN_POINT('Ctrl Pts',(64.8026773381333,-42.048722052541,-3.69498912467095));
#1351=CARTESIAN_POINT('Ctrl Pts',(64.6911603660896,-41.382491484401,-4.58642709704427));
#1352=CARTESIAN_POINT('Ctrl Pts',(64.6353200763831,-41.0504665325577,-5.03065450969831));
#1353=CARTESIAN_POINT('Ctrl Pts',(62.2008496156475,-32.6749942373066,76.0384869530081));
#1354=CARTESIAN_POINT('Ctrl Pts',(62.1424419238003,-32.8492713257626,75.4056676214013));
#1355=CARTESIAN_POINT('Ctrl Pts',(61.9081513453246,-33.5944348846738,73.4215270624261));
#1356=CARTESIAN_POINT('Ctrl Pts',(61.4689243274061,-35.8897119419058,70.2054668879874));
#1357=CARTESIAN_POINT('Ctrl Pts',(60.9745817516987,-38.9930935811612,66.3932624456997));
#1358=CARTESIAN_POINT('Ctrl Pts',(60.5835736223464,-41.4974513831769,63.1973104768274));
#1359=CARTESIAN_POINT('Ctrl Pts',(60.2512017810904,-43.5771818036829,60.2241607168601));
#1360=CARTESIAN_POINT('Ctrl Pts',(59.8535986706132,-45.9326850695571,56.3796532332331));
#1361=CARTESIAN_POINT('Ctrl Pts',(59.4637648020792,-48.0281549382489,52.1776704459878));
#1362=CARTESIAN_POINT('Ctrl Pts',(59.0332368107857,-49.9024070809876,46.8778963588009));
#1363=CARTESIAN_POINT('Ctrl Pts',(58.7260033618485,-50.9430699467474,42.7334916412713));
#1364=CARTESIAN_POINT('Ctrl Pts',(58.5013375558096,-51.5038134412939,39.5130643458913));
#1365=CARTESIAN_POINT('Ctrl Pts',(58.2816488712808,-51.9257967641151,36.2725590574914));
#1366=CARTESIAN_POINT('Ctrl Pts',(57.9228925164811,-52.3166054074755,30.7734619198899));
#1367=CARTESIAN_POINT('Ctrl Pts',(57.4707800771036,-51.955182579781,23.5320068561206));
#1368=CARTESIAN_POINT('Ctrl Pts',(57.0999572088055,-50.8100458316606,17.4175390504652));
#1369=CARTESIAN_POINT('Ctrl Pts',(56.8457316900092,-49.6167494334028,13.0029316910895));
#1370=CARTESIAN_POINT('Ctrl Pts',(56.6518698441311,-48.4164320002258,9.43663079831962));
#1371=CARTESIAN_POINT('Ctrl Pts',(56.5076726789786,-47.0950412958107,6.36842339390454));
#1372=CARTESIAN_POINT('Ctrl Pts',(56.4021379921661,-45.7892214381811,3.72207555930428));
#1373=CARTESIAN_POINT('Ctrl Pts',(56.3375889064618,-44.7312812740164,1.78562435782331));
#1374=CARTESIAN_POINT('Ctrl Pts',(56.2950257090096,-43.5766139844939,-0.0893075820311733));
#1375=CARTESIAN_POINT('Ctrl Pts',(56.2795899241423,-42.8942809088416,-1.12377019769743));
#1376=CARTESIAN_POINT('Ctrl Pts',(56.2744323685607,-42.5848246619139,-1.57865800543203));
#1377=CARTESIAN_POINT('Ctrl Pts',(56.2724375004052,-42.4280203828397,-1.80670406289081));
#1378=CARTESIAN_POINT('Ctrl Pts',(56.2702409094006,-42.2992728036079,-1.99208778397569));
#1379=CARTESIAN_POINT('Ctrl Pts',(56.2702387215354,-42.1900188823494,-2.14839975460862));
#1380=CARTESIAN_POINT('Ctrl Pts',(56.2591538264164,-41.799327507183,-2.69873004895795));
#1381=CARTESIAN_POINT('Ctrl Pts',(56.2390315423059,-41.12290687231,-3.6507647736359));
#1382=CARTESIAN_POINT('Ctrl Pts',(56.2215392842373,-40.443609953937,-4.60752573589173));
#1383=CARTESIAN_POINT('Ctrl Pts',(56.2130487940423,-40.1047982370086,-5.08466576472222));
#1384=CARTESIAN_POINT('Ctrl Pts',(58.5935208634907,-32.3033503352247,76.0510697129795));
#1385=CARTESIAN_POINT('Ctrl Pts',(58.5017604599921,-32.4826626219888,75.3749890131772));
#1386=CARTESIAN_POINT('Ctrl Pts',(58.1026505258353,-33.2243200244206,73.3024297270303));
#1387=CARTESIAN_POINT('Ctrl Pts',(57.2330310174129,-35.3886317576574,70.0737055666901));
#1388=CARTESIAN_POINT('Ctrl Pts',(56.2338331797213,-38.2891832557901,66.2845482613649));
#1389=CARTESIAN_POINT('Ctrl Pts',(55.4521794393324,-40.6179595910345,63.1253266230662));
#1390=CARTESIAN_POINT('Ctrl Pts',(54.7979235259432,-42.5369008977964,60.1977373712875));
#1391=CARTESIAN_POINT('Ctrl Pts',(54.0202883330059,-44.6912694505947,56.4234381995787));
#1392=CARTESIAN_POINT('Ctrl Pts',(53.2579291255231,-46.5772466499504,52.3127724920764));
#1393=CARTESIAN_POINT('Ctrl Pts',(52.3902750442178,-48.2094349645902,47.1484782822239));
#1394=CARTESIAN_POINT('Ctrl Pts',(51.7482478563031,-49.0759923684175,43.1175143083041));
#1395=CARTESIAN_POINT('Ctrl Pts',(51.2647857924073,-49.5115737176055,39.9847649890389));
#1396=CARTESIAN_POINT('Ctrl Pts',(50.7855325800718,-49.813458139702,36.8296115501443));
#1397=CARTESIAN_POINT('Ctrl Pts',(49.9911793510639,-50.0137551781257,31.4655296873275));
#1398=CARTESIAN_POINT('Ctrl Pts',(48.9969047538816,-49.4351784982404,24.3489561842234));
#1399=CARTESIAN_POINT('Ctrl Pts',(48.2876588621705,-48.1429610916187,18.2380169942641));
#1400=CARTESIAN_POINT('Ctrl Pts',(47.8742838328882,-46.8630797378802,13.7716422871302));
#1401=CARTESIAN_POINT('Ctrl Pts',(47.6112422889786,-45.6072200878959,10.1281180315779));
#1402=CARTESIAN_POINT('Ctrl Pts',(47.4910675287775,-44.2601460263438,6.94834753550897));
#1403=CARTESIAN_POINT('Ctrl Pts',(47.4576611597651,-42.9481488813296,4.1790844267322));
#1404=CARTESIAN_POINT('Ctrl Pts',(47.4781571413084,-41.8960262917901,2.13602705026439));
#1405=CARTESIAN_POINT('Ctrl Pts',(47.5603105808017,-40.7621576390354,0.136083493086089));
#1406=CARTESIAN_POINT('Ctrl Pts',(47.6286334036461,-40.097042163907,-0.97505238414006));
#1407=CARTESIAN_POINT('Ctrl Pts',(47.6634961411478,-39.7963935984842,-1.46531860063287));
#1408=CARTESIAN_POINT('Ctrl Pts',(47.6820024290853,-39.6442451607214,-1.71129235457772));
#1409=CARTESIAN_POINT('Ctrl Pts',(47.6972679114567,-39.5194024282271,-1.9117689385353));
#1410=CARTESIAN_POINT('Ctrl Pts',(47.7114515332812,-39.4136459682287,-2.08030436052332));
#1411=CARTESIAN_POINT('Ctrl Pts',(47.7578667662781,-39.0353040134507,-2.67918683888257));
#1412=CARTESIAN_POINT('Ctrl Pts',(47.8372495407647,-38.3826873263919,-3.71569456162275));
#1413=CARTESIAN_POINT('Ctrl Pts',(47.9171073156873,-37.7324356484164,-4.75622284899557));
#1414=CARTESIAN_POINT('Ctrl Pts',(47.9567825587133,-37.4094280332287,-5.27505711590275));
#1415=CARTESIAN_POINT('Ctrl Pts',(54.3491446664202,-31.2561589926538,76.1451463445263));
#1416=CARTESIAN_POINT('Ctrl Pts',(54.2045571651849,-31.4480776646077,75.4167016868062));
#1417=CARTESIAN_POINT('Ctrl Pts',(53.5761617174226,-32.2117858263907,73.1991562070665));
#1418=CARTESIAN_POINT('Ctrl Pts',(52.1229439901249,-34.3011915686638,69.8624408277417));
#1419=CARTESIAN_POINT('Ctrl Pts',(50.4672250943693,-37.0567658377638,66.0365549426473));
#1420=CARTESIAN_POINT('Ctrl Pts',(49.2077471357975,-39.2571594513756,62.8846239926896));
#1421=CARTESIAN_POINT('Ctrl Pts',(48.1885853438301,-41.0598447144869,59.9950138340152));
#1422=CARTESIAN_POINT('Ctrl Pts',(47.0008041491568,-43.0733229704506,56.2964188487779));
#1423=CARTESIAN_POINT('Ctrl Pts',(45.8548885497152,-44.8204556656035,52.3025845801852));
#1424=CARTESIAN_POINT('Ctrl Pts',(44.512917528935,-46.3071967189845,47.3251393835438));
#1425=CARTESIAN_POINT('Ctrl Pts',(43.4733121909237,-47.0772542802794,43.4553936892696));
#1426=CARTESIAN_POINT('Ctrl Pts',(42.6559226539754,-47.448246511611,40.4509900178326));
#1427=CARTESIAN_POINT('Ctrl Pts',(41.8256832947096,-47.6910531759011,37.4239806223184));
#1428=CARTESIAN_POINT('Ctrl Pts',(40.4062643788657,-47.8055478584186,32.2718213658535));
#1429=CARTESIAN_POINT('Ctrl Pts',(38.5492251558117,-47.1544634298147,25.384653856244));
#1430=CARTESIAN_POINT('Ctrl Pts',(37.2592054781106,-45.8544982110434,19.3485361321802));
#1431=CARTESIAN_POINT('Ctrl Pts',(36.5547699167251,-44.6011442748249,14.8641686810441));
#1432=CARTESIAN_POINT('Ctrl Pts',(36.1468926377409,-43.3890304102077,11.1561555318618));
#1433=CARTESIAN_POINT('Ctrl Pts',(36.0304627818938,-42.1108251921031,7.85285383786801));
#1434=CARTESIAN_POINT('Ctrl Pts',(36.0780125782496,-40.8777284854662,4.93526313162332));
#1435=CARTESIAN_POINT('Ctrl Pts',(36.2063765005107,-39.8956113923688,2.75768791626112));
#1436=CARTESIAN_POINT('Ctrl Pts',(36.4557713248718,-38.8456669339436,0.593456182265767));
#1437=CARTESIAN_POINT('Ctrl Pts',(36.6382255608936,-38.2326388107445,-0.62005162095569));
#1438=CARTESIAN_POINT('Ctrl Pts',(36.727960545608,-37.9560067391649,-1.15799211111809));
#1439=CARTESIAN_POINT('Ctrl Pts',(36.7745069287999,-37.8162928357267,-1.42790939749183));
#1440=CARTESIAN_POINT('Ctrl Pts',(36.814043223564,-37.7011685843127,-1.64938091646885));
#1441=CARTESIAN_POINT('Ctrl Pts',(36.847237707717,-37.6048489951766,-1.83330932275934));
#1442=CARTESIAN_POINT('Ctrl Pts',(36.9763606051301,-37.2522432457053,-2.50581792507128));
#1443=CARTESIAN_POINT('Ctrl Pts',(37.1987237338845,-36.6441477887068,-3.67242999780742));
#1444=CARTESIAN_POINT('Ctrl Pts',(37.4159448105782,-36.0417524780022,-4.84179979080365));
#1445=CARTESIAN_POINT('Ctrl Pts',(37.5230675096839,-35.74308989383,-5.42521895551946));
#1446=CARTESIAN_POINT('Ctrl Pts',(51.5637202664386,-30.3981332220655,76.2253286903036));
#1447=CARTESIAN_POINT('Ctrl Pts',(51.3814909351866,-30.5991878700354,75.464314807328));
#1448=CARTESIAN_POINT('Ctrl Pts',(50.5919113607375,-31.3828349138805,73.1463405018373));
#1449=CARTESIAN_POINT('Ctrl Pts',(48.7250316428982,-33.4495408484725,69.7160694366178));
#1450=CARTESIAN_POINT('Ctrl Pts',(46.6080674047276,-36.1457986014679,65.8504292694784));
#1451=CARTESIAN_POINT('Ctrl Pts',(45.0178485125252,-38.2927228060774,62.6949052700307));
#1452=CARTESIAN_POINT('Ctrl Pts',(43.7511543809539,-40.047938458475,59.8272372657705));
#1453=CARTESIAN_POINT('Ctrl Pts',(42.2888984215308,-42.0064514705882,56.1778090160077));
#1454=CARTESIAN_POINT('Ctrl Pts',(40.8896731188732,-43.7040126024519,52.2640272884416));
#1455=CARTESIAN_POINT('Ctrl Pts',(39.2282280193518,-45.1482242922765,47.4157495312673));
#1456=CARTESIAN_POINT('Ctrl Pts',(37.9130511631127,-45.8960392230596,43.6576383953934));
#1457=CARTESIAN_POINT('Ctrl Pts',(36.8587783611259,-46.2560633460797,40.7426150197352));
#1458=CARTESIAN_POINT('Ctrl Pts',(35.7765295457221,-46.4913720397521,37.8056681031919));
#1459=CARTESIAN_POINT('Ctrl Pts',(33.9018689853158,-46.6017124976139,32.80427833165));
#1460=CARTESIAN_POINT('Ctrl Pts',(31.4015596013451,-45.9705742629411,26.0914526402799));
#1461=CARTESIAN_POINT('Ctrl Pts',(29.6702871916243,-44.7260066398629,20.1279746314644));
#1462=CARTESIAN_POINT('Ctrl Pts',(28.740458564938,-43.5349411967785,15.646024863196));
#1463=CARTESIAN_POINT('Ctrl Pts',(28.216143462284,-42.3880993296499,11.9047010827624));
#1464=CARTESIAN_POINT('Ctrl Pts',(28.0929563557678,-41.1857260127137,8.52336827766118));
#1465=CARTESIAN_POINT('Ctrl Pts',(28.1908906109192,-40.029411490377,5.50800362892075));
#1466=CARTESIAN_POINT('Ctrl Pts',(28.3912543671395,-39.110520581167,3.23990786832025));
#1467=CARTESIAN_POINT('Ctrl Pts',(28.7554140748996,-38.130481134876,0.963169488214298));
#1468=CARTESIAN_POINT('Ctrl Pts',(29.0168015617258,-37.5590277905086,-0.320950516999016));
#1469=CARTESIAN_POINT('Ctrl Pts',(29.1445718653976,-37.3012087967365,-0.891909086768337));
#1470=CARTESIAN_POINT('Ctrl Pts',(29.210582898208,-37.1711862170326,-1.1783486913865));
#1471=CARTESIAN_POINT('Ctrl Pts',(29.2669362856286,-37.0635549940295,-1.41455803629684));
#1472=CARTESIAN_POINT('Ctrl Pts',(29.3133927519781,-36.9745703422346,-1.60883202577126));
#1473=CARTESIAN_POINT('Ctrl Pts',(29.4995919227986,-36.6412032638674,-2.33477955259503));
#1474=CARTESIAN_POINT('Ctrl Pts',(29.820458497815,-36.0655839153413,-3.59644003002697));
#1475=CARTESIAN_POINT('Ctrl Pts',(30.1321725530932,-35.4968878484175,-4.86005388683663));
#1476=CARTESIAN_POINT('Ctrl Pts',(30.285634291178,-35.2150257644474,-5.49086860158264));
#1477=CARTESIAN_POINT('Ctrl Pts',(48.1912284512624,-29.0215996119879,76.3517495495103));
#1478=CARTESIAN_POINT('Ctrl Pts',(47.9591211798304,-29.2335086734265,75.5590348231062));
#1479=CARTESIAN_POINT('Ctrl Pts',(46.9516673131893,-30.0485737233418,73.1207675837258));
#1480=CARTESIAN_POINT('Ctrl Pts',(44.506135363339,-32.1482319182967,69.538791777879));
#1481=CARTESIAN_POINT('Ctrl Pts',(41.7461600062427,-34.861708897221,65.598303573482));
#1482=CARTESIAN_POINT('Ctrl Pts',(39.6986609955439,-37.0216096258612,62.4250588845044));
#1483=CARTESIAN_POINT('Ctrl Pts',(38.0936981148702,-38.7922824311727,59.5807068328538));
#1484=CARTESIAN_POINT('Ctrl Pts',(36.2588811755682,-40.7786385464502,55.9924798620875));
#1485=CARTESIAN_POINT('Ctrl Pts',(34.5176807169719,-42.5199570197287,52.1837322409352));
#1486=CARTESIAN_POINT('Ctrl Pts',(32.4164111533211,-44.0436717467779,47.5026243591413));
#1487=CARTESIAN_POINT('Ctrl Pts',(30.7127437587044,-44.8661733589062,43.8875351505859));
#1488=CARTESIAN_POINT('Ctrl Pts',(29.3185677065798,-45.2907218615462,41.0873101028922));
#1489=CARTESIAN_POINT('Ctrl Pts',(27.8714534655614,-45.5944248318235,38.267796093313));
#1490=CARTESIAN_POINT('Ctrl Pts',(25.3309160225246,-45.828295026965,33.4660610626245));
#1491=CARTESIAN_POINT('Ctrl Pts',(21.8726266424537,-45.3857192794299,27.012681601559));
#1492=CARTESIAN_POINT('Ctrl Pts',(19.4712102690774,-44.3547280578055,21.1907981297215));
#1493=CARTESIAN_POINT('Ctrl Pts',(18.1904310797023,-43.3447387263478,16.7440893853295));
#1494=CARTESIAN_POINT('Ctrl Pts',(17.4759790218416,-42.3606224430449,12.9833348201495));
#1495=CARTESIAN_POINT('Ctrl Pts',(17.3219359164315,-41.316112817928,9.51518527109229));
#1496=CARTESIAN_POINT('Ctrl Pts',(17.4723197325064,-40.3038518499639,6.38173414054729));
#1497=CARTESIAN_POINT('Ctrl Pts',(17.7604005365574,-39.4949209229775,4.0001817872418));
#1498=CARTESIAN_POINT('Ctrl Pts',(18.2720348018046,-38.625384461416,1.57818996919457));
#1499=CARTESIAN_POINT('Ctrl Pts',(18.6363391906734,-38.1159959498918,0.201748392232287));
#1500=CARTESIAN_POINT('Ctrl Pts',(18.8138699256147,-37.8855254281045,-0.41268139938917));
#1501=CARTESIAN_POINT('Ctrl Pts',(18.9054845738109,-37.7694724173157,-0.720746175752602));
#1502=CARTESIAN_POINT('Ctrl Pts',(18.9836649881419,-37.6725115665174,-0.976797884043579));
#1503=CARTESIAN_POINT('Ctrl Pts',(19.0479907866566,-37.5940043454927,-1.18400520533388));
#1504=CARTESIAN_POINT('Ctrl Pts',(19.3061398319886,-37.2870777539316,-1.98572847772913));
#1505=CARTESIAN_POINT('Ctrl Pts',(19.7506048908844,-36.7546301675908,-3.38360092119931));
#1506=CARTESIAN_POINT('Ctrl Pts',(20.1814428160035,-36.2283502523915,-4.78277729867702));
#1507=CARTESIAN_POINT('Ctrl Pts',(20.3933274179282,-35.9669661963601,-5.48214117175475));
#1508=CARTESIAN_POINT('Ctrl Pts',(44.453425897005,-26.9174416451992,76.5206015096028));
#1509=CARTESIAN_POINT('Ctrl Pts',(44.1639188069275,-27.1383722517963,75.7033421692636));
#1510=CARTESIAN_POINT('Ctrl Pts',(42.8734523889237,-27.9915557967788,73.1288757456358));
#1511=CARTESIAN_POINT('Ctrl Pts',(39.6114972281134,-30.1927618327269,69.3346625365495));
#1512=CARTESIAN_POINT('Ctrl Pts',(35.9355040076526,-33.0272605697093,65.2887668843509));
#1513=CARTESIAN_POINT('Ctrl Pts',(33.2268140292597,-35.2947359220493,62.0911438152407));
#1514=CARTESIAN_POINT('Ctrl Pts',(31.1223083689547,-37.1731470663377,59.2839767247234));
#1515=CARTESIAN_POINT('Ctrl Pts',(28.7269268199947,-39.3117825341664,55.7901991690121));
#1516=CARTESIAN_POINT('Ctrl Pts',(26.4593249732682,-41.2421839511209,52.1420255790069));
#1517=CARTESIAN_POINT('Ctrl Pts',(23.6847442098403,-43.0498866118345,47.7036237953452));
#1518=CARTESIAN_POINT('Ctrl Pts',(21.3965574146927,-44.116095800729,44.2839096574097));
#1519=CARTESIAN_POINT('Ctrl Pts',(19.4967417108682,-44.7378230374713,41.6351983999935));
#1520=CARTESIAN_POINT('Ctrl Pts',(17.509729572949,-45.2436136738634,38.9690837987242));
#1521=CARTESIAN_POINT('Ctrl Pts',(13.987782988474,-45.8279149456853,34.4286076942711));
#1522=CARTESIAN_POINT('Ctrl Pts',(9.12736091837248,-45.8794393022112,28.3127403067986));
#1523=CARTESIAN_POINT('Ctrl Pts',(5.73091134575377,-45.3100326746538,22.661588398079));
#1524=CARTESIAN_POINT('Ctrl Pts',(3.90914897760186,-44.6492852671095,18.2431325262279));
#1525=CARTESIAN_POINT('Ctrl Pts',(2.88241443731376,-43.9550465591943,14.4368225919592));
#1526=CARTESIAN_POINT('Ctrl Pts',(2.63599425243135,-43.1635304513287,10.8305606045157));
#1527=CARTESIAN_POINT('Ctrl Pts',(2.81144394761158,-42.3676216162837,7.51660767624756));
#1528=CARTESIAN_POINT('Ctrl Pts',(3.18314150490052,-41.7153502110142,4.9644851242264));
#1529=CARTESIAN_POINT('Ctrl Pts',(3.85846074544758,-40.9932466783861,2.32639781111017));
#1530=CARTESIAN_POINT('Ctrl Pts',(4.34165916424729,-40.5633057415078,0.812907018747017));
#1531=CARTESIAN_POINT('Ctrl Pts',(4.5774227832149,-40.3673287607109,0.134126848673443));
#1532=CARTESIAN_POINT('Ctrl Pts',(4.69917577334769,-40.2684908768847,-0.206223137154139));
#1533=CARTESIAN_POINT('Ctrl Pts',(4.80298671937899,-40.185457581802,-0.491014700731829));
#1534=CARTESIAN_POINT('Ctrl Pts',(4.88866686484024,-40.1186672980469,-0.718608707004501));
#1535=CARTESIAN_POINT('Ctrl Pts',(5.23076672601369,-39.8526359535421,-1.62413254402894));
#1536=CARTESIAN_POINT('Ctrl Pts',(5.82072216354355,-39.3883301783765,-3.20688562807175));
#1537=CARTESIAN_POINT('Ctrl Pts',(6.39538361489456,-38.9252241699769,-4.79019190397021));
#1538=CARTESIAN_POINT('Ctrl Pts',(6.67871541616681,-38.6939395459608,-5.58227429248183));
#1539=CARTESIAN_POINT('Ctrl Pts',(42.2249684891165,-25.2371732630356,76.629976262584));
#1540=CARTESIAN_POINT('Ctrl Pts',(41.9018330795368,-25.4625109043947,75.7998347030514));
#1541=CARTESIAN_POINT('Ctrl Pts',(40.4129415132742,-26.3386360128495,73.1277711378388));
#1542=CARTESIAN_POINT('Ctrl Pts',(36.5318229842358,-28.6026019770561,69.1801090318522));
#1543=CARTESIAN_POINT('Ctrl Pts',(32.151659288728,-31.5114488385374,65.0617283529834));
#1544=CARTESIAN_POINT('Ctrl Pts',(28.9239154101642,-33.8479060932826,61.8511475488815));
#1545=CARTESIAN_POINT('Ctrl Pts',(26.4167696311573,-35.7973206583749,59.0788749254668));
#1546=CARTESIAN_POINT('Ctrl Pts',(23.5600887759526,-38.0385700763698,55.669870223498));
#1547=CARTESIAN_POINT('Ctrl Pts',(20.8483905813578,-40.0984049766469,52.1683074341821));
#1548=CARTESIAN_POINT('Ctrl Pts',(17.510160544181,-42.118806659338,47.969441451659));
#1549=CARTESIAN_POINT('Ctrl Pts',(14.7462076488826,-43.388372387342,44.7470813531189));
#1550=CARTESIAN_POINT('Ctrl Pts',(12.446678709614,-44.1887245484316,42.239881098809));
#1551=CARTESIAN_POINT('Ctrl Pts',(10.0388114534121,-44.881677938202,39.7062922376467));
#1552=CARTESIAN_POINT('Ctrl Pts',(5.76584295578894,-45.7957406805213,35.3576228822487));
#1553=CARTESIAN_POINT('Ctrl Pts',(-0.156212713374781,-46.2689750538599,
29.4258174043938));
#1554=CARTESIAN_POINT('Ctrl Pts',(-4.32568295621078,-46.0559889876414,23.8265975486172));
#1555=CARTESIAN_POINT('Ctrl Pts',(-6.58116038062376,-45.6561403288671,19.3697351928907));
#1556=CARTESIAN_POINT('Ctrl Pts',(-7.87070110095105,-45.1735052784594,15.481348687961));
#1557=CARTESIAN_POINT('Ctrl Pts',(-8.21699060089013,-44.5643221292589,11.7313673184843));
#1558=CARTESIAN_POINT('Ctrl Pts',(-8.05175563523156,-43.9240890056197,8.24931771355925));
#1559=CARTESIAN_POINT('Ctrl Pts',(-7.63990508258533,-43.3846936386384,5.5463105446372));
#1560=CARTESIAN_POINT('Ctrl Pts',(-6.86462598330192,-42.7695720351284,2.72609514095906));
#1561=CARTESIAN_POINT('Ctrl Pts',(-6.30493886705595,-42.3976657351359,1.09946702238274));
#1562=CARTESIAN_POINT('Ctrl Pts',(-6.03107737155938,-42.2270173763591,0.368250572291315));
#1563=CARTESIAN_POINT('Ctrl Pts',(-5.88952507780079,-42.1407516412504,0.00127328145694943));
#1564=CARTESIAN_POINT('Ctrl Pts',(-5.76873208037095,-42.0681745666598,-0.305931879223641));
#1565=CARTESIAN_POINT('Ctrl Pts',(-5.66900469386255,-42.0096205869335,-0.55176027080771));
#1566=CARTESIAN_POINT('Ctrl Pts',(-5.27027861629132,-41.7764710428047,-1.52935694900831));
#1567=CARTESIAN_POINT('Ctrl Pts',(-4.58092324562481,-41.3674507267763,-3.23794024335924));
#1568=CARTESIAN_POINT('Ctrl Pts',(-3.90587844296414,-40.9549514169285,-4.94711393397965));
#1569=CARTESIAN_POINT('Ctrl Pts',(-3.57208487546653,-40.7477659033656,-5.80212556433766));
#1570=CARTESIAN_POINT('Ctrl Pts',(40.1559176658913,-23.4386138002842,76.7318964389617));
#1571=CARTESIAN_POINT('Ctrl Pts',(39.8018016143284,-23.6688179877775,75.8883319922259));
#1572=CARTESIAN_POINT('Ctrl Pts',(38.1128846708019,-24.5664254364495,73.1123093439247));
#1573=CARTESIAN_POINT('Ctrl Pts',(33.5923776620621,-26.8700711482468,69.006928162095));
#1574=CARTESIAN_POINT('Ctrl Pts',(28.4835886457204,-29.8162525377681,64.8123830404536));
#1575=CARTESIAN_POINT('Ctrl Pts',(24.7158087949215,-32.1888627954856,61.5863942108458));
#1576=CARTESIAN_POINT('Ctrl Pts',(21.7876516648374,-34.1778732825533,58.8475181552893));
#1577=CARTESIAN_POINT('Ctrl Pts',(18.4469907139758,-36.4797021174193,55.5236674063429));
#1578=CARTESIAN_POINT('Ctrl Pts',(15.2681673002111,-38.6192255752118,52.1733447951464));
#1579=CARTESIAN_POINT('Ctrl Pts',(11.335970508238,-40.7819598340333,48.2377257852102));
#1580=CARTESIAN_POINT('Ctrl Pts',(8.06934354338915,-42.2000791364124,45.2462929583972));
#1581=CARTESIAN_POINT('Ctrl Pts',(5.3464209142115,-43.1461269899713,42.9154536050987));
#1582=CARTESIAN_POINT('Ctrl Pts',(2.49300031217204,-44.0012005048712,40.5487580204622));
#1583=CARTESIAN_POINT('Ctrl Pts',(-2.57505559307615,-45.2300996324131,36.4503899703269));
#1584=CARTESIAN_POINT('Ctrl Pts',(-9.60988945403769,-46.1541330139203,30.6967489800004));
#1585=CARTESIAN_POINT('Ctrl Pts',(-14.5891206856784,-46.2950667013209,25.0914423840665));
#1586=CARTESIAN_POINT('Ctrl Pts',(-17.3032135552939,-46.1487320092129,20.5549538455835));
#1587=CARTESIAN_POINT('Ctrl Pts',(-18.8737101032338,-45.8687251571177,16.5493376703317));
#1588=CARTESIAN_POINT('Ctrl Pts',(-19.3328881359836,-45.4348422296888,12.6288105149132));
#1589=CARTESIAN_POINT('Ctrl Pts',(-19.1870818193434,-44.9455339610817,8.95647981356767));
#1590=CARTESIAN_POINT('Ctrl Pts',(-18.7406470049433,-44.5166872128849,6.08763611140746));
#1591=CARTESIAN_POINT('Ctrl Pts',(-17.8690953618223,-44.0080761695446,3.07193621353988));
#1592=CARTESIAN_POINT('Ctrl Pts',(-17.2343630656321,-43.6946767589339,1.3252862067867));
#1593=CARTESIAN_POINT('Ctrl Pts',(-16.9229073337511,-43.549717761035,0.538723159728066));
#1594=CARTESIAN_POINT('Ctrl Pts',(-16.7617836279217,-43.4762235082538,0.143561989697979));
#1595=CARTESIAN_POINT('Ctrl Pts',(-16.6241880986197,-43.4143245946231,-0.186927303024988));
#1596=CARTESIAN_POINT('Ctrl Pts',(-16.5105284275521,-43.3641222632467,-0.452530223587425));
#1597=CARTESIAN_POINT('Ctrl Pts',(-16.0556956493736,-43.1649714726654,-1.50171009381508));
#1598=CARTESIAN_POINT('Ctrl Pts',(-15.2675086125635,-42.8136052344581,-3.33428609308105));
#1599=CARTESIAN_POINT('Ctrl Pts',(-14.4919055236473,-42.4547297934074,-5.16781867288274));
#1600=CARTESIAN_POINT('Ctrl Pts',(-14.1073731946269,-42.2733459185685,-6.08484077868497));
#1601=CARTESIAN_POINT('Ctrl Pts',(38.2458045354143,-21.5211182388909,76.8263827509552));
#1602=CARTESIAN_POINT('Ctrl Pts',(37.8633486845918,-21.7566511636044,75.9688487593747));
#1603=CARTESIAN_POINT('Ctrl Pts',(35.972745592762,-22.6742868159638,73.0824657025259));
#1604=CARTESIAN_POINT('Ctrl Pts',(30.7924217599844,-24.9945104658694,68.8150442393749));
#1605=CARTESIAN_POINT('Ctrl Pts',(24.9303213267728,-27.9409695844528,64.5406270576432));
#1606=CARTESIAN_POINT('Ctrl Pts',(20.6013504147173,-30.3168656739035,61.2967704561359));
#1607=CARTESIAN_POINT('Ctrl Pts',(17.2336753724489,-32.3140289498888,58.5897978879445));
#1608=CARTESIAN_POINT('Ctrl Pts',(13.3861978962144,-34.6343566219353,55.3515021051976));
#1609=CARTESIAN_POINT('Ctrl Pts',(9.71707107157758,-36.8037710235026,52.1570902016263));
#1610=CARTESIAN_POINT('Ctrl Pts',(5.16039746876536,-39.0384002361194,48.5085221619851));
#1611=CARTESIAN_POINT('Ctrl Pts',(1.36402019911487,-40.5502192884408,45.7816911124166));
#1612=CARTESIAN_POINT('Ctrl Pts',(-1.80612287965739,-41.6090133601395,43.6621572570654));
#1613=CARTESIAN_POINT('Ctrl Pts',(-5.12995020089648,-42.6011595814054,41.4968166898706));
#1614=CARTESIAN_POINT('Ctrl Pts',(-11.0374395135608,-44.1300139376759,37.7074048933133));
#1615=CARTESIAN_POINT('Ctrl Pts',(-19.2365752719205,-45.5340891715791,32.1260888909743));
#1616=CARTESIAN_POINT('Ctrl Pts',(-25.0625776560684,-46.0265311610976,26.4566052091223));
#1617=CARTESIAN_POINT('Ctrl Pts',(-28.260342090325,-46.1263831991582,21.7992010200499));
#1618=CARTESIAN_POINT('Ctrl Pts',(-30.1300409228378,-46.0400716365148,17.6411283968381));
#1619=CARTESIAN_POINT('Ctrl Pts',(-30.7151693536624,-45.7744947990949,13.5231517934179));
#1620=CARTESIAN_POINT('Ctrl Pts',(-30.5980173760849,-45.4313958587545,9.63827819453834));
#1621=CARTESIAN_POINT('Ctrl Pts',(-30.1225602095592,-45.1107979311575,6.58858393398378));
#1622=CARTESIAN_POINT('Ctrl Pts',(-29.1583967687044,-44.7082552239068,3.3639746866038));
#1623=CARTESIAN_POINT('Ctrl Pts',(-28.4500412504774,-44.4538519915109,1.49037772316756));
#1624=CARTESIAN_POINT('Ctrl Pts',(-28.1014839903029,-44.3349507752852,0.645539332985809));
#1625=CARTESIAN_POINT('Ctrl Pts',(-27.9210110460766,-44.2744312077679,0.220628286871033));
#1626=CARTESIAN_POINT('Ctrl Pts',(-27.7667876156699,-44.2234356370171,-0.134023117364616));
#1627=CARTESIAN_POINT('Ctrl Pts',(-27.6393064799121,-44.1817028947714,-0.420947681167433));
#1628=CARTESIAN_POINT('Ctrl Pts',(-27.1288703791976,-44.0176781803212,-1.54124132641694));
#1629=CARTESIAN_POINT('Ctrl Pts',(-26.2423913679123,-43.726352846596,-3.49600679290513));
#1630=CARTESIAN_POINT('Ctrl Pts',(-25.3660254607395,-43.4241368307329,-5.4524244539092));
#1631=CARTESIAN_POINT('Ctrl Pts',(-24.9304623238797,-43.2702663687402,-6.43055545930805));
#1632=CARTESIAN_POINT('Ctrl Pts',(35.9201213268705,-18.3708621729616,76.9340155298113));
#1633=CARTESIAN_POINT('Ctrl Pts',(35.5012315121431,-18.6181593666718,76.0526780079246));
#1634=CARTESIAN_POINT('Ctrl Pts',(33.3142784392934,-19.5614457553619,72.9891844770895));
#1635=CARTESIAN_POINT('Ctrl Pts',(27.1522545157501,-21.8184818807655,68.4746277243281));
#1636=CARTESIAN_POINT('Ctrl Pts',(20.1799986907092,-24.6301129856508,64.0664594075542));
#1637=CARTESIAN_POINT('Ctrl Pts',(15.026796482787,-26.8901722606225,60.7803685228389));
#1638=CARTESIAN_POINT('Ctrl Pts',(11.0192965721831,-28.786557756724,58.1021242231489));
#1639=CARTESIAN_POINT('Ctrl Pts',(6.44105367226551,-30.987253526359,54.9625343500255));
#1640=CARTESIAN_POINT('Ctrl Pts',(2.07746264229879,-33.0386671319443,51.9616298594678));
#1641=CARTESIAN_POINT('Ctrl Pts',(-3.35511374300567,-35.15350833785,48.67554550098));
#1642=CARTESIAN_POINT('Ctrl Pts',(-7.90393452457493,-36.6065251336366,46.2889011299199));
#1643=CARTESIAN_POINT('Ctrl Pts',(-11.7248404981031,-37.6561281177387,44.4665917409434));
#1644=CARTESIAN_POINT('Ctrl Pts',(-15.7454689791257,-38.6778289204419,42.6069954187758));
#1645=CARTESIAN_POINT('Ctrl Pts',(-22.9242411051965,-40.3306085900385,39.3702403143853));
#1646=CARTESIAN_POINT('Ctrl Pts',(-32.9702194979023,-42.2797211988596,34.3274833679719));
#1647=CARTESIAN_POINT('Ctrl Pts',(-40.140804836752,-43.328592079788,28.5647494218351));
#1648=CARTESIAN_POINT('Ctrl Pts',(-44.099919894776,-43.7731919084945,23.679703347965));
#1649=CARTESIAN_POINT('Ctrl Pts',(-46.4404349186335,-43.9524258081387,19.2435066660406));
#1650=CARTESIAN_POINT('Ctrl Pts',(-47.2274039034371,-43.8995501160932,14.7953414900958));
#1651=CARTESIAN_POINT('Ctrl Pts',(-47.1643178872978,-43.7463801048036,10.5705454490979));
#1652=CARTESIAN_POINT('Ctrl Pts',(-46.6531441226957,-43.5662450670478,7.23917671286119));
#1653=CARTESIAN_POINT('Ctrl Pts',(-45.5586359721885,-43.3076787850211,3.69731666835719));
#1654=CARTESIAN_POINT('Ctrl Pts',(-44.7449484640946,-43.1350209323329,1.63301640836755));
#1655=CARTESIAN_POINT('Ctrl Pts',(-44.3431325490877,-43.0529691877768,0.701093291511071));
#1656=CARTESIAN_POINT('Ctrl Pts',(-44.1348172701729,-43.0107550720717,0.231640360563751));
#1657=CARTESIAN_POINT('Ctrl Pts',(-43.9567152756026,-42.9753840715467,-0.158696651323991));
#1658=CARTESIAN_POINT('Ctrl Pts',(-43.8092380230737,-42.9455828446495,-0.47802288997667));
#1659=CARTESIAN_POINT('Ctrl Pts',(-43.2192512067834,-42.8330530813981,-1.69967828394293));
#1660=CARTESIAN_POINT('Ctrl Pts',(-42.1920319585772,-42.6316031007536,-3.82744664348454));
#1661=CARTESIAN_POINT('Ctrl Pts',(-41.1708243656629,-42.4175995716424,-5.95830079654092));
#1662=CARTESIAN_POINT('Ctrl Pts',(-40.6617990529443,-42.3075643751571,-7.02298982429093));
#1663=CARTESIAN_POINT('Ctrl Pts',(34.1649629185621,-15.0398741890303,77.0030271773977));
#1664=CARTESIAN_POINT('Ctrl Pts',(33.7120059595553,-15.3023163239115,76.0962981778346));
#1665=CARTESIAN_POINT('Ctrl Pts',(31.2425292819406,-16.2626292518195,72.8574995929437));
#1666=CARTESIAN_POINT('Ctrl Pts',(24.1678138610538,-18.375316413141,68.1045355034281));
#1667=CARTESIAN_POINT('Ctrl Pts',(16.1836213698099,-20.9396797761445,63.5577792023862));
#1668=CARTESIAN_POINT('Ctrl Pts',(10.2883363954166,-22.9864098054724,60.2196913231062));
#1669=CARTESIAN_POINT('Ctrl Pts',(5.71561601347693,-24.6947339337189,57.5550452677142));
#1670=CARTESIAN_POINT('Ctrl Pts',(0.502597796895708,-26.6690367932896,54.4869237479054));
#1671=CARTESIAN_POINT('Ctrl Pts',(-4.44805421627124,-28.4949128097584,51.639745804502));
#1672=CARTESIAN_POINT('Ctrl Pts',(-10.6182271686652,-30.3742193776388,48.633524615211));
#1673=CARTESIAN_POINT('Ctrl Pts',(-15.8147843254246,-31.6848348785828,46.5067675032493));
#1674=CARTESIAN_POINT('Ctrl Pts',(-20.205187618889,-32.6492500975105,44.9081176598722));
#1675=CARTESIAN_POINT('Ctrl Pts',(-24.8422628768361,-33.6058389259431,43.2945522791469));
#1676=CARTESIAN_POINT('Ctrl Pts',(-33.1515208523093,-35.1768339962975,40.4894154803116));
#1677=CARTESIAN_POINT('Ctrl Pts',(-44.9003517727898,-37.2255202072082,36.1104855766842));
#1678=CARTESIAN_POINT('Ctrl Pts',(-53.4074535972438,-38.7030852411972,30.4882487279076));
#1679=CARTESIAN_POINT('Ctrl Pts',(-58.1259241100739,-39.4576619441303,25.425102436521));
#1680=CARTESIAN_POINT('Ctrl Pts',(-60.9335327332151,-39.8698911381059,20.728211627752));
#1681=CARTESIAN_POINT('Ctrl Pts',(-61.9146355934792,-39.9912724115901,15.9447070824061));
#1682=CARTESIAN_POINT('Ctrl Pts',(-61.9023141825754,-39.9910446342847,11.3889710274513));
#1683=CARTESIAN_POINT('Ctrl Pts',(-61.3552850696496,-39.9247827032112,7.78435949286002));
#1684=CARTESIAN_POINT('Ctrl Pts',(-60.1361791284371,-39.786878669683,3.94265130032541));
#1685=CARTESIAN_POINT('Ctrl Pts',(-59.222635215579,-39.6848268563609,1.69860721159759));
#1686=CARTESIAN_POINT('Ctrl Pts',(-58.7705583601717,-39.6350113591699,0.685253406907777));
#1687=CARTESIAN_POINT('Ctrl Pts',(-58.5359375636363,-39.6088706811883,0.173982645486598));
#1688=CARTESIAN_POINT('Ctrl Pts',(-58.3354389063055,-39.5874043701419,-0.249591447947886));
#1689=CARTESIAN_POINT('Ctrl Pts',(-58.1689414534363,-39.5679871631169,-0.599428894630328));
#1690=CARTESIAN_POINT('Ctrl Pts',(-57.5054270912106,-39.5027324734423,-1.9143944752461));
#1691=CARTESIAN_POINT('Ctrl Pts',(-56.3489369161293,-39.3852680603214,-4.20109325306067));
#1692=CARTESIAN_POINT('Ctrl Pts',(-55.1956113474611,-39.2560245308947,-6.49239259192895));
#1693=CARTESIAN_POINT('Ctrl Pts',(-54.6198912461796,-39.1888056222943,-7.63665468139549));
#1694=CARTESIAN_POINT('Ctrl Pts',(32.9830046800964,-11.6259346171758,77.035346484035));
#1695=CARTESIAN_POINT('Ctrl Pts',(32.4941963012808,-11.9034814573955,76.1031968050255));
#1696=CARTESIAN_POINT('Ctrl Pts',(29.7626056055716,-12.8660544703859,72.702963098419));
#1697=CARTESIAN_POINT('Ctrl Pts',(21.8897556524712,-14.7734354283059,67.7306838735005));
#1698=CARTESIAN_POINT('Ctrl Pts',(13.0439891647043,-17.0172434061905,63.0483217436391));
#1699=CARTESIAN_POINT('Ctrl Pts',(6.528970376962,-18.7892019909872,59.6536264282755));
#1700=CARTESIAN_POINT('Ctrl Pts',(1.49679898332817,-20.257203361819,56.9908825905915));
#1701=CARTESIAN_POINT('Ctrl Pts',(-4.2209669115563,-21.9453971367254,53.9720552178961));
#1702=CARTESIAN_POINT('Ctrl Pts',(-9.62185501415439,-23.4924574460052,51.2427512495944));
#1703=CARTESIAN_POINT('Ctrl Pts',(-16.3652653875952,-25.0886374513077,48.4532077991294));
#1704=CARTESIAN_POINT('Ctrl Pts',(-22.0840196239516,-26.2175447509371,46.5316032820056));
#1705=CARTESIAN_POINT('Ctrl Pts',(-26.9450280271058,-27.0613011273783,45.1142771017992));
#1706=CARTESIAN_POINT('Ctrl Pts',(-32.0925270026839,-27.9015920772977,43.7017849987217));
#1707=CARTESIAN_POINT('Ctrl Pts',(-41.3523919559069,-29.3085726343806,41.2542219049494));
#1708=CARTESIAN_POINT('Ctrl Pts',(-54.5135117961779,-31.1870772747341,37.4370674589664));
#1709=CARTESIAN_POINT('Ctrl Pts',(-64.2085295484789,-32.8250083817929,32.1231566218627));
#1710=CARTESIAN_POINT('Ctrl Pts',(-69.654002628572,-33.8224760908023,26.987160408338));
#1711=CARTESIAN_POINT('Ctrl Pts',(-72.9121098508616,-34.4312984232508,22.0599784378081));
#1712=CARTESIAN_POINT('Ctrl Pts',(-74.0748232054616,-34.6926568015198,16.9424672185013));
#1713=CARTESIAN_POINT('Ctrl Pts',(-74.1041655823963,-34.8037909657319,12.0645036454078));
#1714=CARTESIAN_POINT('Ctrl Pts',(-73.5194701284511,-34.8204360272266,8.19865957907748));
#1715=CARTESIAN_POINT('Ctrl Pts',(-72.1823301278002,-34.771492616114,4.07837626722821));
#1716=CARTESIAN_POINT('Ctrl Pts',(-71.1766234199359,-34.7237473249293,1.66922156449654));
#1717=CARTESIAN_POINT('Ctrl Pts',(-70.6784371900095,-34.6988867496984,0.581530298371926));
#1718=CARTESIAN_POINT('Ctrl Pts',(-70.4197143967258,-34.6852838699124,0.0320510919262141));
#1719=CARTESIAN_POINT('Ctrl Pts',(-70.1989497148589,-34.6749041872266,-0.421649936842139));
#1720=CARTESIAN_POINT('Ctrl Pts',(-70.0147833917297,-34.6633187510385,-0.799517042551683));
#1721=CARTESIAN_POINT('Ctrl Pts',(-69.28683816544,-34.6380800550894,-2.19743160631555));
#1722=CARTESIAN_POINT('Ctrl Pts',(-68.0185028948094,-34.5928260793023,-4.6249506372739));
#1723=CARTESIAN_POINT('Ctrl Pts',(-66.7523872001505,-34.5374032046598,-7.05870987063523));
#1724=CARTESIAN_POINT('Ctrl Pts',(-66.120272005405,-34.5078623437975,-8.27356920788229));
#1725=CARTESIAN_POINT('Ctrl Pts',(32.3833076277362,-8.3893339795575,77.0379405168587));
#1726=CARTESIAN_POINT('Ctrl Pts',(31.856545830794,-8.67538082919267,76.0836803090234));
#1727=CARTESIAN_POINT('Ctrl Pts',(28.8979105163707,-9.61827547134386,72.5530345055024));
#1728=CARTESIAN_POINT('Ctrl Pts',(20.3832154915694,-11.2844135030668,67.3993011614009));
#1729=CARTESIAN_POINT('Ctrl Pts',(10.8565545030789,-13.1748793568245,62.5985092312615));
#1730=CARTESIAN_POINT('Ctrl Pts',(3.85841786142049,-14.6462126087069,59.1502387865098));
#1731=CARTESIAN_POINT('Ctrl Pts',(-1.52629085138513,-15.8532032814274,56.4813559677774));
#1732=CARTESIAN_POINT('Ctrl Pts',(-7.62710585333756,-17.2324340840456,53.492391266027));
#1733=CARTESIAN_POINT('Ctrl Pts',(-13.3646597179858,-18.4832715195378,50.8458202967635));
#1734=CARTESIAN_POINT('Ctrl Pts',(-20.548093589857,-19.7723584128591,48.2159367847309));
#1735=CARTESIAN_POINT('Ctrl Pts',(-26.6761245819357,-20.6905479045249,46.4489456809042));
#1736=CARTESIAN_POINT('Ctrl Pts',(-31.9077607656844,-21.3823510476713,45.1706980165972));
#1737=CARTESIAN_POINT('Ctrl Pts',(-37.4556946591189,-22.0708080687536,43.9085561075101));
#1738=CARTESIAN_POINT('Ctrl Pts',(-47.4642228998531,-23.2373287508063,41.7371543833138));
#1739=CARTESIAN_POINT('Ctrl Pts',(-61.7209904452647,-24.8003354610582,38.3304248105181));
#1740=CARTESIAN_POINT('Ctrl Pts',(-72.3569775869864,-26.327713638301,33.3400697345983));
#1741=CARTESIAN_POINT('Ctrl Pts',(-78.4491510680588,-27.4093854403479,28.2425513701466));
#1742=CARTESIAN_POINT('Ctrl Pts',(-82.1442852247992,-28.1429564845463,23.1469377036616));
#1743=CARTESIAN_POINT('Ctrl Pts',(-83.4819148715476,-28.4889291515189,17.7147293168425));
#1744=CARTESIAN_POINT('Ctrl Pts',(-83.5446519673605,-28.6554331518718,12.5426291570053));
#1745=CARTESIAN_POINT('Ctrl Pts',(-82.920633327201,-28.7119580077736,8.44666346780608));
#1746=CARTESIAN_POINT('Ctrl Pts',(-81.4749355645,-28.7095123561575,4.09341405604933));
#1747=CARTESIAN_POINT('Ctrl Pts',(-80.387903788707,-28.6929536761558,1.54890019774736));
#1748=CARTESIAN_POINT('Ctrl Pts',(-79.8494768221758,-28.682827118737,0.400847557501839));
#1749=CARTESIAN_POINT('Ctrl Pts',(-79.5697178838249,-28.6766892408667,-0.179642950571569));
#1750=CARTESIAN_POINT('Ctrl Pts',(-79.3317713729805,-28.6732076674054,-0.657654364219984));
#1751=CARTESIAN_POINT('Ctrl Pts',(-79.1316729300891,-28.6660339408675,-1.05826163028494));
#1752=CARTESIAN_POINT('Ctrl Pts',(-78.3531731108265,-28.6680580708018,-2.52232095561607));
#1753=CARTESIAN_POINT('Ctrl Pts',(-76.998742772984,-28.6728402572463,-5.06200990083049));
#1754=CARTESIAN_POINT('Ctrl Pts',(-75.6462966703133,-28.6689992483289,-7.6094974942106));
#1755=CARTESIAN_POINT('Ctrl Pts',(-74.9714677014361,-28.6660300673537,-8.88072920959691));
#1756=CARTESIAN_POINT('Ctrl Pts',(32.278755702706,-6.18216323564666,77.0282497226727));
#1757=CARTESIAN_POINT('Ctrl Pts',(31.7231152325273,-6.46629679187295,76.0611708232707));
#1758=CARTESIAN_POINT('Ctrl Pts',(28.6196472656609,-7.37041054204647,72.459370943577));
#1759=CARTESIAN_POINT('Ctrl Pts',(19.723550115885,-8.82670070084786,67.2020680929879));
#1760=CARTESIAN_POINT('Ctrl Pts',(9.78760641170247,-10.4276155296982,62.3308503246172));
#1761=CARTESIAN_POINT('Ctrl Pts',(2.49595231727401,-11.6551939737337,58.8490125472608));
#1762=CARTESIAN_POINT('Ctrl Pts',(-3.10745489583908,-12.6511768357269,56.1732649395229));
#1763=CARTESIAN_POINT('Ctrl Pts',(-9.45033438467857,-13.7797421133991,53.1964104119959));
#1764=CARTESIAN_POINT('Ctrl Pts',(-15.4074779314237,-14.7889126725973,50.590079420213));
#1765=CARTESIAN_POINT('Ctrl Pts',(-22.8797729690482,-15.8145591076255,48.0424808961348));
#1766=CARTESIAN_POINT('Ctrl Pts',(-29.2701229735847,-16.5420952622549,46.3576197935978));
#1767=CARTESIAN_POINT('Ctrl Pts',(-34.7335056299837,-17.0915101706373,45.1546515625871));
#1768=CARTESIAN_POINT('Ctrl Pts',(-40.5290377499904,-17.6383845160054,43.9728735352513));
#1769=CARTESIAN_POINT('Ctrl Pts',(-50.9936263834887,-18.572507273513,41.9519868809717));
#1770=CARTESIAN_POINT('Ctrl Pts',(-65.9030613879931,-19.8368188629552,38.7542785948772));
#1771=CARTESIAN_POINT('Ctrl Pts',(-77.0845618423644,-21.1527499270997,33.9467195374726));
#1772=CARTESIAN_POINT('Ctrl Pts',(-83.5770485241817,-22.1679321022159,28.9111957704981));
#1773=CARTESIAN_POINT('Ctrl Pts',(-87.5758457879254,-22.9105286086835,23.7449987845704));
#1774=CARTESIAN_POINT('Ctrl Pts',(-89.0390516419266,-23.2705867464619,18.1171119820777));
#1775=CARTESIAN_POINT('Ctrl Pts',(-89.1206025212424,-23.4393846274797,12.770162628926));
#1776=CARTESIAN_POINT('Ctrl Pts',(-88.4675009684473,-23.5002730065434,8.54333398089391));
#1777=CARTESIAN_POINT('Ctrl Pts',(-86.9501210206816,-23.5102343221155,4.06579924822346));
#1778=CARTESIAN_POINT('Ctrl Pts',(-85.8117339656825,-23.5052439755614,1.45024549561505));
#1779=CARTESIAN_POINT('Ctrl Pts',(-85.2480736046561,-23.5009377400325,0.27085012414189));
#1780=CARTESIAN_POINT('Ctrl Pts',(-84.9551719888505,-23.4978933982892,-0.325735675123289));
#1781=CARTESIAN_POINT('Ctrl Pts',(-84.7067141926821,-23.4972549507671,-0.816420640272612));
#1782=CARTESIAN_POINT('Ctrl Pts',(-84.4964159628769,-23.4920315477899,-1.22864242604626));
#1783=CARTESIAN_POINT('Ctrl Pts',(-83.6890635360428,-23.5054300195471,-2.72802041846345));
#1784=CARTESIAN_POINT('Ctrl Pts',(-82.2858092043317,-23.5313270508408,-5.32796741160042));
#1785=CARTESIAN_POINT('Ctrl Pts',(-80.8834549773798,-23.54989702883,-7.93651029764145));
#1786=CARTESIAN_POINT('Ctrl Pts',(-80.1838556960651,-23.5586066817906,-9.23808284636513));
#1787=CARTESIAN_POINT('Ctrl Pts',(32.3162166995478,-4.56760993466557,77.0193868351326));
#1788=CARTESIAN_POINT('Ctrl Pts',(31.7379896778041,-4.84587515842713,76.0433696682402));
#1789=CARTESIAN_POINT('Ctrl Pts',(28.5328980118909,-5.70493153675008,72.3967815482017));
#1790=CARTESIAN_POINT('Ctrl Pts',(19.3840372087525,-6.98145105200251,67.0730842451725));
#1791=CARTESIAN_POINT('Ctrl Pts',(9.17399329870121,-8.34383614326039,62.1557019550628));
#1792=CARTESIAN_POINT('Ctrl Pts',(1.68378707305206,-9.3722156264519,58.6513813331048));
#1793=CARTESIAN_POINT('Ctrl Pts',(-4.07015219549555,-10.1964254368405,55.9701509221852));
#1794=CARTESIAN_POINT('Ctrl Pts',(-10.5818071087828,-11.1212580566588,52.9993853080702));
#1795=CARTESIAN_POINT('Ctrl Pts',(-16.6948436441527,-11.9349306277374,50.4162805763934));
#1796=CARTESIAN_POINT('Ctrl Pts',(-24.3708485290184,-12.7458672076169,47.9178670487697));
#1797=CARTESIAN_POINT('Ctrl Pts',(-30.9427920754114,-13.3158096076491,46.283060678577));
#1798=CARTESIAN_POINT('Ctrl Pts',(-36.5641865874478,-13.7458360006585,45.1264448776382));
#1799=CARTESIAN_POINT('Ctrl Pts',(-42.5273961952145,-14.1736208177488,43.994074224091));
#1800=CARTESIAN_POINT('Ctrl Pts',(-53.2981812077074,-14.9085746778623,42.0666562946444));
#1801=CARTESIAN_POINT('Ctrl Pts',(-68.6410830670045,-15.9133963112904,38.9982807278134));
#1802=CARTESIAN_POINT('Ctrl Pts',(-80.1830653226684,-17.0174291264956,34.3118318425981));
#1803=CARTESIAN_POINT('Ctrl Pts',(-86.9510617278856,-17.9260255730454,29.3319066098104));
#1804=CARTESIAN_POINT('Ctrl Pts',(-91.1776971491363,-18.6316273170937,24.1313404914477));
#1805=CARTESIAN_POINT('Ctrl Pts',(-92.7405740387362,-18.9799175465179,18.3620702491206));
#1806=CARTESIAN_POINT('Ctrl Pts',(-92.8340157130873,-19.1351799495289,12.8924192043622));
#1807=CARTESIAN_POINT('Ctrl Pts',(-92.1580975800068,-19.19057347072,8.57780819658459));
#1808=CARTESIAN_POINT('Ctrl Pts',(-90.5884983135059,-19.2027743654801,4.02204532303639));
#1809=CARTESIAN_POINT('Ctrl Pts',(-89.4141710289897,-19.2028605902917,1.36274625194762));
#1810=CARTESIAN_POINT('Ctrl Pts',(-88.8329014767253,-19.201332976858,0.164284514409752));
#1811=CARTESIAN_POINT('Ctrl Pts',(-88.5308832503549,-19.1998718949085,-0.442091568675491));
#1812=CARTESIAN_POINT('Ctrl Pts',(-88.2752365671573,-19.2006183898806,-0.940454131221619));
#1813=CARTESIAN_POINT('Ctrl Pts',(-88.0577321784698,-19.1965394435518,-1.35970159789753));
#1814=CARTESIAN_POINT('Ctrl Pts',(-87.2317879637005,-19.2151468682824,-2.8804204566309));
#1815=CARTESIAN_POINT('Ctrl Pts',(-85.7972256124233,-19.2508105509843,-5.51678625122284));
#1816=CARTESIAN_POINT('Ctrl Pts',(-84.3622456825671,-19.2803059357415,-8.16223267818948));
#1817=CARTESIAN_POINT('Ctrl Pts',(-83.6463886143885,-19.2948021522305,-9.48214608047469));
#1818=CARTESIAN_POINT('Ctrl Pts',(32.4746286799346,-2.30386048062765,77.0057520274264));
#1819=CARTESIAN_POINT('Ctrl Pts',(31.8633153483094,-2.56946770289556,76.0175389832344));
#1820=CARTESIAN_POINT('Ctrl Pts',(28.5198559898521,-3.34858013470713,72.3150078989488));
#1821=CARTESIAN_POINT('Ctrl Pts',(19.0418805857492,-4.34700736371151,66.9072426549912));
#1822=CARTESIAN_POINT('Ctrl Pts',(8.47184816482375,-5.34862457906983,61.9303672027807));
#1823=CARTESIAN_POINT('Ctrl Pts',(0.718742440082185,-6.07717565484513,58.3966172054721));
#1824=CARTESIAN_POINT('Ctrl Pts',(-5.23724619937316,-6.6434688083506,55.7073656004686));
#1825=CARTESIAN_POINT('Ctrl Pts',(-11.9776328939082,-7.26277261523758,52.7426192405857));
#1826=CARTESIAN_POINT('Ctrl Pts',(-18.3046682875187,-7.78426639083939,50.1862823704025));
#1827=CARTESIAN_POINT('Ctrl Pts',(-26.2586414145949,-8.27340120360993,47.746417493105));
#1828=CARTESIAN_POINT('Ctrl Pts',(-33.0749268888777,-8.60543711001614,46.1722495978758));
#1829=CARTESIAN_POINT('Ctrl Pts',(-38.906531078103,-8.85378923681432,45.0722815660131));
#1830=CARTESIAN_POINT('Ctrl Pts',(-45.0916642279038,-9.09995094256791,44.0002788101709));
#1831=CARTESIAN_POINT('Ctrl Pts',(-56.2650591513519,-9.52792135174945,42.1880201100454));
#1832=CARTESIAN_POINT('Ctrl Pts',(-72.1733619686822,-10.1291162179519,39.2795970778417));
#1833=CARTESIAN_POINT('Ctrl Pts',(-84.1844854292693,-10.8817664137696,34.7515141634275));
#1834=CARTESIAN_POINT('Ctrl Pts',(-91.3223092355204,-11.5850419520327,29.8585192595166));
#1835=CARTESIAN_POINT('Ctrl Pts',(-95.8743283579907,-12.1956085117021,24.6259280182359));
#1836=CARTESIAN_POINT('Ctrl Pts',(-97.5851677844256,-12.5058815309215,18.6591244373826));
#1837=CARTESIAN_POINT('Ctrl Pts',(-97.6934739465806,-12.6276882956438,13.0214921786666));
#1838=CARTESIAN_POINT('Ctrl Pts',(-96.9840101052507,-12.6672800680868,8.5908679355238));
#1839=CARTESIAN_POINT('Ctrl Pts',(-95.3412798317825,-12.6763360811591,3.93716734644679));
#1840=CARTESIAN_POINT('Ctrl Pts',(-94.1180883161008,-12.6804365452963,1.2242185756932));
#1841=CARTESIAN_POINT('Ctrl Pts',(-93.5129221433111,-12.6814484735652,0.00264457874839732));
#1842=CARTESIAN_POINT('Ctrl Pts',(-93.1985920130696,-12.6815875117996,-0.615598915402732));
#1843=CARTESIAN_POINT('Ctrl Pts',(-92.9333392217863,-12.683630421433,-1.12322256692864));
#1844=CARTESIAN_POINT('Ctrl Pts',(-92.705969216768,-12.6809137787982,-1.55095189303684));
#1845=CARTESIAN_POINT('Ctrl Pts',(-91.8563656391015,-12.7038613326925,-3.09726986988187));
#1846=CARTESIAN_POINT('Ctrl Pts',(-90.3821256513591,-12.7477992826119,-5.77730211781137));
#1847=CARTESIAN_POINT('Ctrl Pts',(-88.905101689723,-12.787410364485,-8.46700332096263));
#1848=CARTESIAN_POINT('Ctrl Pts',(-88.168220310223,-12.8073976548517,-9.80890728411673));
#1849=CARTESIAN_POINT('Ctrl Pts',(32.9026394560711,-0.331792584268162,76.9957766694412));
#1850=CARTESIAN_POINT('Ctrl Pts',(32.2574110297761,-0.571295861581051,75.9954839096347));
#1851=CARTESIAN_POINT('Ctrl Pts',(28.8098516954473,-1.22294099783848,72.2623284765149));
#1852=CARTESIAN_POINT('Ctrl Pts',(19.144306574984,-1.90005918007065,66.8093079948286));
#1853=CARTESIAN_POINT('Ctrl Pts',(8.36698571782009,-2.51338420153556,61.7966663397323));
#1854=CARTESIAN_POINT('Ctrl Pts',(0.460453430821623,-2.92479155552558,58.2436008443269));
#1855=CARTESIAN_POINT('Ctrl Pts',(-5.61768506926182,-3.22159632832432,55.5461852390218));
#1856=CARTESIAN_POINT('Ctrl Pts',(-12.4995509115914,-3.52491000153559,52.5791059084295));
#1857=CARTESIAN_POINT('Ctrl Pts',(-18.9630718219839,-3.75155101519504,50.0291624873672));
#1858=CARTESIAN_POINT('Ctrl Pts',(-27.090703193774,-3.91832503013995,47.6093203543495));
#1859=CARTESIAN_POINT('Ctrl Pts',(-34.0533605672851,-4.00674147945427,46.0589233206882));
#1860=CARTESIAN_POINT('Ctrl Pts',(-40.0066921169023,-4.06368174221258,44.9830329718457));
#1861=CARTESIAN_POINT('Ctrl Pts',(-46.3180975667886,-4.11646531564021,43.9367501962102));
#1862=CARTESIAN_POINT('Ctrl Pts',(-57.716244239312,-4.20727603968228,42.1769925834295));
#1863=CARTESIAN_POINT('Ctrl Pts',(-73.9292945163676,-4.34809877273867,39.3396495047897));
#1864=CARTESIAN_POINT('Ctrl Pts',(-86.1932465118464,-4.61601861549646,34.908618005359));
#1865=CARTESIAN_POINT('Ctrl Pts',(-93.5675603085505,-4.92817946464636,30.1135580685503));
#1866=CARTESIAN_POINT('Ctrl Pts',(-98.4064014382691,-5.2571089097409,24.9154384366637));
#1867=CARTESIAN_POINT('Ctrl Pts',(-100.276841314594,-5.442356417173,18.7788146578372));
#1868=CARTESIAN_POINT('Ctrl Pts',(-100.378098292299,-5.49797499258864,13.0021356138122));
#1869=CARTESIAN_POINT('Ctrl Pts',(-99.6232381951998,-5.51211698093798,8.49339540233066));
#1870=CARTESIAN_POINT('Ctrl Pts',(-97.9079882901406,-5.51555613408819,3.79312806097234));
#1871=CARTESIAN_POINT('Ctrl Pts',(-96.6441739897815,-5.52164333388766,1.05919941360344));
#1872=CARTESIAN_POINT('Ctrl Pts',(-96.0194696035378,-5.52428478051039,-0.170609482935785));
#1873=CARTESIAN_POINT('Ctrl Pts',(-95.695444930406,-5.52568404552938,-0.792998850772286));
#1874=CARTESIAN_POINT('Ctrl Pts',(-95.4229475191969,-5.52800240810198,-1.30376342884489));
#1875=CARTESIAN_POINT('Ctrl Pts',(-95.1874176583734,-5.52737579474767,-1.73432079422504));
#1876=CARTESIAN_POINT('Ctrl Pts',(-94.3243151566079,-5.54535884444629,-3.28893382105539));
#1877=CARTESIAN_POINT('Ctrl Pts',(-92.8285727855634,-5.57950717379556,-5.98306614431216));
#1878=CARTESIAN_POINT('Ctrl Pts',(-91.3273025631539,-5.6118449115313,-8.68699830326957));
#1879=CARTESIAN_POINT('Ctrl Pts',(-90.5783295874544,-5.62833939892479,-10.0359518680251));
#1880=CARTESIAN_POINT('Ctrl Pts',(33.3426227903993,1.03787217148423,77.0000150706018));
#1881=CARTESIAN_POINT('Ctrl Pts',(32.6716599135975,0.839453339984462,75.9852133603383));
#1882=CARTESIAN_POINT('Ctrl Pts',(29.1672920574562,0.325276774529709,72.2392995640905));
#1883=CARTESIAN_POINT('Ctrl Pts',(19.4616793526646,-0.099884184541678,66.7767028670584));
#1884=CARTESIAN_POINT('Ctrl Pts',(8.64474778805939,-0.426185370597226,61.7507075331942));
#1885=CARTESIAN_POINT('Ctrl Pts',(0.710692782169156,-0.609111508890356,
58.1883779512903));
#1886=CARTESIAN_POINT('Ctrl Pts',(-5.39057537805487,-0.714747784023623,
55.4836847737747));
#1887=CARTESIAN_POINT('Ctrl Pts',(-12.3001752841198,-0.796926792474413,
52.5091509198125));
#1888=CARTESIAN_POINT('Ctrl Pts',(-18.7927147520342,-0.821786144753764,
49.9528001316285));
#1889=CARTESIAN_POINT('Ctrl Pts',(-26.9543414248721,-0.76925516742264,47.5269471030602));
#1890=CARTESIAN_POINT('Ctrl Pts',(-33.9411100323185,-0.688700231542847,
45.9728776922369));
#1891=CARTESIAN_POINT('Ctrl Pts',(-39.9114814958018,-0.609519111428929,
44.8949056613646));
#1892=CARTESIAN_POINT('Ctrl Pts',(-46.2390686936393,-0.522817740981567,
43.8466810535333));
#1893=CARTESIAN_POINT('Ctrl Pts',(-57.6624078918893,-0.364454390196889,
42.0854426379785));
#1894=CARTESIAN_POINT('Ctrl Pts',(-73.9022788964558,-0.151464733561363,
39.2480375855486));
#1895=CARTESIAN_POINT('Ctrl Pts',(-86.1794720002257,-0.0302912140815043,
34.8270949884885));
#1896=CARTESIAN_POINT('Ctrl Pts',(-93.5641026082379,0.0158103107088516,
30.051372776463));
#1897=CARTESIAN_POINT('Ctrl Pts',(-98.4212233597281,0.0244978869103332,
24.8749989377607));
#1898=CARTESIAN_POINT('Ctrl Pts',(-100.313427529886,0.00854879079094998,
18.7406889170007));
#1899=CARTESIAN_POINT('Ctrl Pts',(-100.417666209215,-0.00873562099555902,
12.9630223403769));
#1900=CARTESIAN_POINT('Ctrl Pts',(-99.6597014725936,-0.0253375888520548,
8.45769179092289));
#1901=CARTESIAN_POINT('Ctrl Pts',(-97.9376151511765,-0.0472588032262591,
3.76551786567402));
#1902=CARTESIAN_POINT('Ctrl Pts',(-96.6698639315645,-0.0623190929602573,
1.037602287315));
#1903=CARTESIAN_POINT('Ctrl Pts',(-96.0432183267606,-0.0694717113922894,
-0.189388067650956));
#1904=CARTESIAN_POINT('Ctrl Pts',(-95.7182423347963,-0.0731848325473088,
-0.810300520849239));
#1905=CARTESIAN_POINT('Ctrl Pts',(-95.4450022803226,-0.076336245588093,
-1.31982320038005));
#1906=CARTESIAN_POINT('Ctrl Pts',(-95.2086962910747,-0.0789025301020402,
-1.74937163777537));
#1907=CARTESIAN_POINT('Ctrl Pts',(-94.3439824147151,-0.0894245262314253,
-3.29983343913925));
#1908=CARTESIAN_POINT('Ctrl Pts',(-92.8456547373762,-0.107768005197066,
-5.98669716881051));
#1909=CARTESIAN_POINT('Ctrl Pts',(-91.3417159860534,-0.125924482955486,
-8.68338296748998));
#1910=CARTESIAN_POINT('Ctrl Pts',(-90.5914460094575,-0.134965150478327,
-10.0287121904944));
#1911=CARTESIAN_POINT('',(-20.234719219503,35.7243634241235,-3.99999999999999));
#1912=CARTESIAN_POINT('',(45.6632605247291,15.2830928577657,76.4907914723595));
#1913=CARTESIAN_POINT('Ctrl Pts',(-20.2347380325996,35.7241078235745,-4.00021328915433));
#1914=CARTESIAN_POINT('Ctrl Pts',(-20.4026964778891,35.778525480837,-3.73967058655646));
#1915=CARTESIAN_POINT('Ctrl Pts',(-21.1247869477984,36.0111261972975,-2.62166323881563));
#1916=CARTESIAN_POINT('Ctrl Pts',(-21.8523376567288,36.2397195066465,-1.50442325206804));
#1917=CARTESIAN_POINT('Ctrl Pts',(-22.4950044847055,36.4381133201257,-0.52236599448063));
#1918=CARTESIAN_POINT('Ctrl Pts',(-22.6557462509446,36.4885094224822,-0.270807438727626));
#1919=CARTESIAN_POINT('Ctrl Pts',(-22.8507363104684,36.5501654162088,0.0405097095661377));
#1920=CARTESIAN_POINT('Ctrl Pts',(-23.0794210918229,36.6233525760245,0.413778986156255));
#1921=CARTESIAN_POINT('Ctrl Pts',(-23.5224688617885,36.7671609380692,1.15671311001822));
#1922=CARTESIAN_POINT('Ctrl Pts',(-24.4315947479456,37.0753617287247,2.80929766457643));
#1923=CARTESIAN_POINT('Ctrl Pts',(-25.7063813747429,37.5640838149022,5.67263849483051));
#1924=CARTESIAN_POINT('Ctrl Pts',(-26.4151409855109,37.9554317372709,8.41348859063523));
#1925=CARTESIAN_POINT('Ctrl Pts',(-26.7609714182057,38.3746525828688,11.9392334141406));
#1926=CARTESIAN_POINT('Ctrl Pts',(-26.3188658274475,38.7018166855185,15.7266140610047));
#1927=CARTESIAN_POINT('Ctrl Pts',(-24.4142582645881,38.808949341355,19.6276370900249));
#1928=CARTESIAN_POINT('Ctrl Pts',(-21.0268883370303,38.7031155783213,24.0544727484089));
#1929=CARTESIAN_POINT('Ctrl Pts',(-14.7093470051036,38.1477565292123,29.5242924835125));
#1930=CARTESIAN_POINT('Ctrl Pts',(-5.75357186654142,36.71794647022,35.0191000960787));
#1931=CARTESIAN_POINT('Ctrl Pts',(0.608745673881278,35.2343704130465,38.8715589997439));
#1932=CARTESIAN_POINT('Ctrl Pts',(4.15252615928216,34.2719008020773,41.1011647892345));
#1933=CARTESIAN_POINT('Ctrl Pts',(7.50229943798308,33.2503790198029,43.3008149620498));
#1934=CARTESIAN_POINT('Ctrl Pts',(11.442633217473,31.7978382656496,46.1532162702303));
#1935=CARTESIAN_POINT('Ctrl Pts',(16.0542108076967,29.6710010074158,49.9811163563258));
#1936=CARTESIAN_POINT('Ctrl Pts',(19.6657829531211,27.6195834520317,53.3462326277109));
#1937=CARTESIAN_POINT('Ctrl Pts',(23.4452097231559,25.4185433657664,56.777918844237));
#1938=CARTESIAN_POINT('Ctrl Pts',(26.766002887811,23.5137018510414,59.6637121024922));
#1939=CARTESIAN_POINT('Ctrl Pts',(31.1056279717246,21.2328167569908,63.1337697003346));
#1940=CARTESIAN_POINT('Ctrl Pts',(37.1124672343353,18.4013555497215,67.7219382524457));
#1941=CARTESIAN_POINT('Ctrl Pts',(42.6952323321649,16.2584024864141,72.2521968486104));
#1942=CARTESIAN_POINT('Ctrl Pts',(45.1147115845372,15.4820675026924,75.4571277743673));
#1943=CARTESIAN_POINT('Ctrl Pts',(45.662953910454,15.2836522272583,76.4904754215936));
#1944=CARTESIAN_POINT('',(-93.9025562794868,-0.0193593420896136,-4.00000000000004));
#1945=CARTESIAN_POINT('Ctrl Pts',(-20.2347192196186,35.724363424132,-3.99999999999999));
#1946=CARTESIAN_POINT('Ctrl Pts',(-21.8949742078006,35.8465640123127,-3.99999999999999));
#1947=CARTESIAN_POINT('Ctrl Pts',(-23.6171465244222,35.9475175905747,-3.99999999999999));
#1948=CARTESIAN_POINT('Ctrl Pts',(-25.4081030641693,36.0236805538614,-3.99999999999999));
#1949=CARTESIAN_POINT('Ctrl Pts',(-31.5244932657784,36.2837887094943,-3.99999999999999));
#1950=CARTESIAN_POINT('Ctrl Pts',(-38.5018234698426,36.2296429029415,-4.00000000000002));
#1951=CARTESIAN_POINT('Ctrl Pts',(-45.3775619523227,35.6974138972563,-4.00000000000002));
#1952=CARTESIAN_POINT('Ctrl Pts',(-50.478253098556,35.3025856495001,-4.00000000000002));
#1953=CARTESIAN_POINT('Ctrl Pts',(-55.540525920516,34.6520604006594,-3.99999999999999));
#1954=CARTESIAN_POINT('Ctrl Pts',(-60.2146169745773,33.6628545006041,-3.99999999999999));
#1955=CARTESIAN_POINT('Ctrl Pts',(-64.8941190200462,32.6725034400109,-3.99999999999999));
#1956=CARTESIAN_POINT('Ctrl Pts',(-69.1972611341394,31.3559964144952,-3.99999999999999));
#1957=CARTESIAN_POINT('Ctrl Pts',(-73.235335475081,29.4087883007259,-3.99999999999999));
#1958=CARTESIAN_POINT('Ctrl Pts',(-75.0812823652667,28.5186504630657,-3.99999999999999));
#1959=CARTESIAN_POINT('Ctrl Pts',(-76.8681694856227,27.4951907059587,-4.00000000000003));
#1960=CARTESIAN_POINT('Ctrl Pts',(-78.5978938460366,26.3033781785433,-4.00000000000003));
#1961=CARTESIAN_POINT('Ctrl Pts',(-80.4508216484655,25.0266761687488,-4.00000000000003));
#1962=CARTESIAN_POINT('Ctrl Pts',(-82.1599522508086,23.6046574695228,-4.00000000000001));
#1963=CARTESIAN_POINT('Ctrl Pts',(-83.6800017081349,22.116029124728,-4.00000000000001));
#1964=CARTESIAN_POINT('Ctrl Pts',(-85.2113099323368,20.6163747442883,-4.00000000000001));
#1965=CARTESIAN_POINT('Ctrl Pts',(-86.5598585481749,19.0444265674522,-3.99999999999999));
#1966=CARTESIAN_POINT('Ctrl Pts',(-87.7159084720361,17.4735725827421,-3.99999999999999));
#1967=CARTESIAN_POINT('Ctrl Pts',(-88.8131108062388,15.9826813823355,-3.99999999999999));
#1968=CARTESIAN_POINT('Ctrl Pts',(-89.7294516344694,14.5243639766956,-4.00000000000001));
#1969=CARTESIAN_POINT('Ctrl Pts',(-90.5693742032472,12.918088585264,-4.00000000000001));
#1970=CARTESIAN_POINT('Ctrl Pts',(-91.9933088637059,10.1949432750606,-4.00000000000001));
#1971=CARTESIAN_POINT('Ctrl Pts',(-93.1105104361672,7.14451402521895,-3.99999999999997));
#1972=CARTESIAN_POINT('Ctrl Pts',(-93.6139049454666,3.81812510189231,-3.99999999999997));
#1973=CARTESIAN_POINT('Ctrl Pts',(-93.8028090873499,2.5698622910686,-3.99999999999997));
#1974=CARTESIAN_POINT('Ctrl Pts',(-93.9035846539511,1.29125070610712,-4.));
#1975=CARTESIAN_POINT('Ctrl Pts',(-93.9025562794868,-0.0193593420821139,
-4.));
#1976=CARTESIAN_POINT('',(-95.0470263162394,-0.00452799253866693,-1.94925731673922));
#1977=CARTESIAN_POINT('Ctrl Pts',(-95.0470263162394,-0.00452799253873035,
-1.94925731673921));
#1978=CARTESIAN_POINT('Ctrl Pts',(-94.6655366998207,-0.00946841313716865,
-2.63283846184786));
#1979=CARTESIAN_POINT('Ctrl Pts',(-94.2840466851541,-0.0144122060851246,
-3.31641935483359));
#1980=CARTESIAN_POINT('Ctrl Pts',(-93.9025562794868,-0.0193593420894865,
-4.00000000000007));
#1981=CARTESIAN_POINT('',(33.3474781603931,1.05193195738412,76.9999090299322));
#1982=CARTESIAN_POINT('Ctrl Pts',(33.3474781603925,1.05193195738234,76.9999090299322));
#1983=CARTESIAN_POINT('Ctrl Pts',(33.2810182067052,1.03254019189241,76.9005003040518));
#1984=CARTESIAN_POINT('Ctrl Pts',(33.2105137966992,1.01324369729098,76.7993130228057));
#1985=CARTESIAN_POINT('Ctrl Pts',(33.135838863711,0.994102840884722,76.6964171023569));
#1986=CARTESIAN_POINT('Ctrl Pts',(33.0584929497403,0.974277352281342,76.5898407896304));
#1987=CARTESIAN_POINT('Ctrl Pts',(32.976672546022,0.95461883878217,76.4814321033842));
#1988=CARTESIAN_POINT('Ctrl Pts',(32.8902798837133,0.935177816436073,76.3713037114721));
#1989=CARTESIAN_POINT('Ctrl Pts',(32.8005399928317,0.914983564084668,76.2569084652899));
#1990=CARTESIAN_POINT('Ctrl Pts',(32.7058665352728,0.895023930279323,76.1406584108603));
#1991=CARTESIAN_POINT('Ctrl Pts',(32.6061982735216,0.875338332264025,76.0227057433329));
#1992=CARTESIAN_POINT('Ctrl Pts',(32.5024446474279,0.854845829033713,75.8999182405876));
#1993=CARTESIAN_POINT('Ctrl Pts',(32.3932783586043,0.834650181189868,75.7752864401527));
#1994=CARTESIAN_POINT('Ctrl Pts',(32.2786829027651,0.814778801253826,75.6489977879387));
#1995=CARTESIAN_POINT('Ctrl Pts',(32.159211342076,0.794061882274749,75.5173354784094));
#1996=CARTESIAN_POINT('Ctrl Pts',(32.0338389087091,0.773697259998219,75.3838730498702));
#1997=CARTESIAN_POINT('Ctrl Pts',(31.9026017106371,0.753699880220253,75.2488278903788));
#1998=CARTESIAN_POINT('Ctrl Pts',(31.7656450822677,0.732830997381924,75.1078973463465));
#1999=CARTESIAN_POINT('Ctrl Pts',(31.6223016571402,0.712361872189688,74.9652437820111));
#2000=CARTESIAN_POINT('Ctrl Pts',(31.4726674489678,0.692295039038304,74.8211084206034));
#2001=CARTESIAN_POINT('Ctrl Pts',(31.3164009401856,0.671338775112024,74.6705844863083));
#2002=CARTESIAN_POINT('Ctrl Pts',(31.1532740362223,0.650821038508994,74.5184450610787));
#2003=CARTESIAN_POINT('Ctrl Pts',(30.9834492853654,0.630732533306327,74.3649487393748));
#2004=CARTESIAN_POINT('Ctrl Pts',(30.8059808792601,0.60973986303099,74.2045436899436));
#2005=CARTESIAN_POINT('Ctrl Pts',(30.621198619908,0.589215704174731,74.0426573037997));
#2006=CARTESIAN_POINT('Ctrl Pts',(30.4293377490741,0.569139969798057,73.8795592368592));
#2007=CARTESIAN_POINT('Ctrl Pts',(30.2286430092892,0.548139886408585,73.708951629577));
#2008=CARTESIAN_POINT('Ctrl Pts',(30.0202033408177,0.527630249714584,73.5370185049867));
#2009=CARTESIAN_POINT('Ctrl Pts',(29.8043331339438,0.507581508672767,73.3640351538908));
#2010=CARTESIAN_POINT('Ctrl Pts',(29.5781498622419,0.486574951501303,73.1827876308192));
#2011=CARTESIAN_POINT('Ctrl Pts',(29.3438096938888,0.466074165369399,73.0003873390491));
#2012=CARTESIAN_POINT('Ctrl Pts',(29.1017138266921,0.446041611669335,72.8171109656634));
#2013=CARTESIAN_POINT('Ctrl Pts',(28.841255304245,0.424489614941993,72.6199333187904));
#2014=CARTESIAN_POINT('Ctrl Pts',(28.5718204505722,0.4034793637181,72.4217419317576));
#2015=CARTESIAN_POINT('Ctrl Pts',(28.2939450007001,0.382963548565764,72.2228319328175));
#2016=CARTESIAN_POINT('Ctrl Pts',(28.0015544584512,0.361376070003732,72.0135316780609));
#2017=CARTESIAN_POINT('Ctrl Pts',(27.6998191605664,0.340335839507178,71.8034357395192));
#2018=CARTESIAN_POINT('Ctrl Pts',(27.3893920996862,0.319790406955735,71.592833440738));
#2019=CARTESIAN_POINT('Ctrl Pts',(27.0622347787704,0.298137691978241,71.3708808710986));
#2020=CARTESIAN_POINT('Ctrl Pts',(26.7254242598566,0.277034387045512,71.1483657409553));
#2021=CARTESIAN_POINT('Ctrl Pts',(26.3797452391616,0.256424807696817,70.9255691511945));
#2022=CARTESIAN_POINT('Ctrl Pts',(26.015289415992,0.234695744730951,70.6906705612903));
#2023=CARTESIAN_POINT('Ctrl Pts',(25.6409761825587,0.21351538006972,70.4554588473891));
#2024=CARTESIAN_POINT('Ctrl Pts',(25.2577360515519,0.192826894023926,70.2202043639737));
#2025=CARTESIAN_POINT('Ctrl Pts',(24.8546655391812,0.17106790273904,69.9727768700977));
#2026=CARTESIAN_POINT('Ctrl Pts',(24.441721142606,0.149852936524367,69.7253016921613));
#2027=CARTESIAN_POINT('Ctrl Pts',(24.0199855574659,0.129126554977623,69.4780347785735));
#2028=CARTESIAN_POINT('Ctrl Pts',(23.5802033301468,0.107513263232737,69.2201869757521));
#2029=CARTESIAN_POINT('Ctrl Pts',(23.1308622264483,0.0864312485190656,68.9625651445915));
#2030=CARTESIAN_POINT('Ctrl Pts',(22.6731780418545,0.0658296557978348,68.7054044500061));
#2031=CARTESIAN_POINT('Ctrl Pts',(22.2033606522796,0.0446819149775908,68.4414264269538));
#2032=CARTESIAN_POINT('Ctrl Pts',(21.7247527176119,0.0240404569682638,68.1779337028039));
#2033=CARTESIAN_POINT('Ctrl Pts',(21.2386451355699,0.00386234699386079,
67.9151327080833));
#2034=CARTESIAN_POINT('Ctrl Pts',(20.749343004839,-0.0164483672785958,67.6506046665028));
#2035=CARTESIAN_POINT('Ctrl Pts',(20.2524429465157,-0.0362895181232686,
67.3867768312959));
#2036=CARTESIAN_POINT('Ctrl Pts',(19.7492270584043,-0.0556940853343024,
67.1238215981805));
#2037=CARTESIAN_POINT('Ctrl Pts',(19.2512999805939,-0.0748947101074243,
66.8636300304788));
#2038=CARTESIAN_POINT('Ctrl Pts',(18.7471895636682,-0.0936677543078821,
66.6042922447539));
#2039=CARTESIAN_POINT('Ctrl Pts',(18.238096724807,-0.112036400184788,66.3459472544184));
#2040=CARTESIAN_POINT('Ctrl Pts',(17.7385840542522,-0.130059382745112,66.0924638301857));
#2041=CARTESIAN_POINT('Ctrl Pts',(17.2342750487645,-0.147692941090813,65.8399357827117));
#2042=CARTESIAN_POINT('Ctrl Pts',(16.7262587309538,-0.164952189798293,65.5884745443761));
#2043=CARTESIAN_POINT('Ctrl Pts',(16.2268004191914,-0.181920690453567,65.3412494038253));
#2044=CARTESIAN_POINT('Ctrl Pts',(15.723758837374,-0.198527293530803,65.0950551114765));
#2045=CARTESIAN_POINT('Ctrl Pts',(15.2181210731577,-0.214781202674484,64.8499835253804));
#2046=CARTESIAN_POINT('Ctrl Pts',(14.7215546673103,-0.230743509716353,64.6093086286553));
#2047=CARTESIAN_POINT('Ctrl Pts',(14.2224845408838,-0.24636558970304,64.3697162788757));
#2048=CARTESIAN_POINT('Ctrl Pts',(13.7217966755369,-0.261652365996372,64.1312838860818));
#2049=CARTESIAN_POINT('Ctrl Pts',(13.2299603014768,-0.276668892546119,63.8970666588497));
#2050=CARTESIAN_POINT('Ctrl Pts',(12.7365629993489,-0.291361807260637,63.6639685618348));
#2051=CARTESIAN_POINT('Ctrl Pts',(12.242395029732,-0.305733056289916,63.4320566374881));
#2052=CARTESIAN_POINT('Ctrl Pts',(11.7557691060998,-0.319884969733401,63.2036841784758));
#2053=CARTESIAN_POINT('Ctrl Pts',(11.268395973886,-0.333724915182396,62.9764618277853));
#2054=CARTESIAN_POINT('Ctrl Pts',(10.7809800409055,-0.347252854189675,62.7504496659265));
#2055=CARTESIAN_POINT('Ctrl Pts',(10.3002796916607,-0.360594406168776,62.5275514843371));
#2056=CARTESIAN_POINT('Ctrl Pts',(9.81953771173712,-0.373632431513053,62.3058301874201));
#2057=CARTESIAN_POINT('Ctrl Pts',(9.3393795984784,-0.386365763378067,62.0853417449339));
#2058=CARTESIAN_POINT('Ctrl Pts',(8.87015384600225,-0.398809179538216,61.8698734388051));
#2059=CARTESIAN_POINT('Ctrl Pts',(8.40148579640818,-0.410961590864545,61.6555823989878));
#2060=CARTESIAN_POINT('Ctrl Pts',(7.93390976302221,-0.422821425396398,61.4425211652528));
#2061=CARTESIAN_POINT('Ctrl Pts',(7.4757735769374,-0.43444182287618,61.2337614041525));
#2062=CARTESIAN_POINT('Ctrl Pts',(7.01868586421282,-0.445781316199848,61.026182222043));
#2063=CARTESIAN_POINT('Ctrl Pts',(6.56309955202379,-0.456838319318792,60.8198344936263));
#2064=CARTESIAN_POINT('Ctrl Pts',(6.11578948367941,-0.46769445939245,60.6172353065319));
#2065=CARTESIAN_POINT('Ctrl Pts',(5.66992685561399,-0.478278262646615,60.4158231783623));
#2066=CARTESIAN_POINT('Ctrl Pts',(5.22589050623939,-0.488588404994174,60.2156486352736));
#2067=CARTESIAN_POINT('Ctrl Pts',(4.78923610560745,-0.498727144837191,60.0188019238337));
#2068=CARTESIAN_POINT('Ctrl Pts',(4.35434785063826,-0.508601234093542,59.8231519410954));
#2069=CARTESIAN_POINT('Ctrl Pts',(3.92153602513061,-0.518209805768809,59.6287498534601));
#2070=CARTESIAN_POINT('Ctrl Pts',(3.50197951654843,-0.527524104840614,59.4403015340232));
#2071=CARTESIAN_POINT('Ctrl Pts',(3.08437422560892,-0.536588901966907,59.2530258542878));
#2072=CARTESIAN_POINT('Ctrl Pts',(2.66895512919113,-0.545403898362891,59.0669727985984));
#2073=CARTESIAN_POINT('Ctrl Pts',(2.255121640034,-0.554185248923969,58.88162988618));
#2074=CARTESIAN_POINT('Ctrl Pts',(1.84345785231751,-0.562718727950341,58.6975004175205));
#2075=CARTESIAN_POINT('Ctrl Pts',(1.43414346611326,-0.571004052845689,58.514634998946));
#2076=CARTESIAN_POINT('Ctrl Pts',(1.02043000837787,-0.579378423565118,58.3298042498481));
#2077=CARTESIAN_POINT('Ctrl Pts',(0.609116662985274,-0.587499270598458,
58.146264871));
#2078=CARTESIAN_POINT('Ctrl Pts',(0.200335483343973,-0.595366295663337,
57.9640697963625));
#2079=CARTESIAN_POINT('Ctrl Pts',(-0.212660021574352,-0.603314425740364,
57.779996383517));
#2080=CARTESIAN_POINT('Ctrl Pts',(-0.623070939142285,-0.611003468072904,
57.5972951520996));
#2081=CARTESIAN_POINT('Ctrl Pts',(-1.03081450062241,-0.618433200387162,
57.4160212305344));
#2082=CARTESIAN_POINT('Ctrl Pts',(-1.44252039057723,-0.625935132590381,
57.2329857438852));
#2083=CARTESIAN_POINT('Ctrl Pts',(-1.85150688669419,-0.633172686694718,
57.0514054723444));
#2084=CARTESIAN_POINT('Ctrl Pts',(-2.25774208795342,-0.640145789006545,
56.8713373657433));
#2085=CARTESIAN_POINT('Ctrl Pts',(-2.66760763148895,-0.647181206814412,
56.6896600710217));
#2086=CARTESIAN_POINT('Ctrl Pts',(-3.07467253791371,-0.653947422604023,
56.5095221345044));
#2087=CARTESIAN_POINT('Ctrl Pts',(-3.47895721902198,-0.660444565678881,
56.3309816763437));
#2088=CARTESIAN_POINT('Ctrl Pts',(-3.88338900109718,-0.666944072771051,
56.1523762553604));
#2089=CARTESIAN_POINT('Ctrl Pts',(-4.28503857349388,-0.673174317217699,
55.9753695704193));
#2090=CARTESIAN_POINT('Ctrl Pts',(-4.683978270929,-0.679135634028864,55.8000185227523));
#2091=CARTESIAN_POINT('Ctrl Pts',(-5.08779548505556,-0.68516983509395,55.6225235980347));
#2092=CARTESIAN_POINT('Ctrl Pts',(-5.48883621945104,-0.690928498211303,
55.4467251635575));
#2093=CARTESIAN_POINT('Ctrl Pts',(-5.88722928871543,-0.696411983426567,
55.2726787171943));
#2094=CARTESIAN_POINT('Ctrl Pts',(-6.29245215026448,-0.701989473954333,
55.0956485314837));
#2095=CARTESIAN_POINT('Ctrl Pts',(-6.69493589461055,-0.707282270553928,
54.920431028033));
#2096=CARTESIAN_POINT('Ctrl Pts',(-7.09486986084585,-0.712290746232181,
54.7470793464697));
#2097=CARTESIAN_POINT('Ctrl Pts',(-7.50192748043379,-0.717388433249125,
54.5706399119475));
#2098=CARTESIAN_POINT('Ctrl Pts',(-7.9063437941662,-0.722191579939379,54.3961334829474));
#2099=CARTESIAN_POINT('Ctrl Pts',(-8.30837201219634,-0.726700578532421,
54.2236088957109));
#2100=CARTESIAN_POINT('Ctrl Pts',(-8.71809792746869,-0.731295911627464,
54.0477809531879));
#2101=CARTESIAN_POINT('Ctrl Pts',(-9.12534354966374,-0.735585723203877,
53.8740116045966));
#2102=CARTESIAN_POINT('Ctrl Pts',(-9.53043022973981,-0.739570441206165,
53.7023431660689));
#2103=CARTESIAN_POINT('Ctrl Pts',(-9.94443725148531,-0.74364290597413,53.5268944474162));
#2104=CARTESIAN_POINT('Ctrl Pts',(-10.3561893472189,-0.747396689438886,
53.3536403211235));
#2105=CARTESIAN_POINT('Ctrl Pts',(-10.7660826739022,-0.750832294238468,
53.1826141716075));
#2106=CARTESIAN_POINT('Ctrl Pts',(-11.1877791058515,-0.754366829180165,
53.0066632294331));
#2107=CARTESIAN_POINT('Ctrl Pts',(-11.6075083984722,-0.757564584737533,
52.8330705219907));
#2108=CARTESIAN_POINT('Ctrl Pts',(-12.0257548285572,-0.760426265266977,
52.6618581447622));
#2109=CARTESIAN_POINT('Ctrl Pts',(-12.4555498083031,-0.763366962034912,
52.4859182803425));
#2110=CARTESIAN_POINT('Ctrl Pts',(-12.883779098646,-0.765952758563712,52.3124921232986));
#2111=CARTESIAN_POINT('Ctrl Pts',(-13.3110203741051,-0.768184744362684,
52.1415870851273));
#2112=CARTESIAN_POINT('Ctrl Pts',(-13.765937423979,-0.770561313419352,51.9596111847653));
#2113=CARTESIAN_POINT('Ctrl Pts',(-14.2197343642749,-0.772536729456851,
51.7804938002558));
#2114=CARTESIAN_POINT('Ctrl Pts',(-14.6731654896647,-0.774112901767927,
51.6042227486739));
#2115=CARTESIAN_POINT('Ctrl Pts',(-15.1579371382909,-0.775798016897726,
51.4157680893098));
#2116=CARTESIAN_POINT('Ctrl Pts',(-15.6422910235175,-0.777026757264041,
51.2305669847358));
#2117=CARTESIAN_POINT('Ctrl Pts',(-16.1272089351728,-0.777802535243439,
51.04857821202));
#2118=CARTESIAN_POINT('Ctrl Pts',(-16.671269495441,-0.778672930400896,50.8443933154295));
#2119=CARTESIAN_POINT('Ctrl Pts',(-17.2160408418475,-0.778973054473527,
50.6442524152152));
#2120=CARTESIAN_POINT('Ctrl Pts',(-17.7629747873865,-0.778709974110093,
50.4480609129363));
#2121=CARTESIAN_POINT('Ctrl Pts',(-18.4164983674918,-0.778395623131478,
50.2136344817349));
#2122=CARTESIAN_POINT('Ctrl Pts',(-19.0731130191927,-0.777276915542727,
49.9848473949241));
#2123=CARTESIAN_POINT('Ctrl Pts',(-19.7353520635633,-0.775371721645791,
49.7614804846763));
#2124=CARTESIAN_POINT('Ctrl Pts',(-20.2890128765221,-0.773778896198773,
49.5747359757754));
#2125=CARTESIAN_POINT('Ctrl Pts',(-20.8466081826519,-0.771636431599441,
49.3917785789736));
#2126=CARTESIAN_POINT('Ctrl Pts',(-21.4096033724513,-0.768958833166666,
49.2124552625333));
#2127=CARTESIAN_POINT('Ctrl Pts',(-21.897951391185,-0.766636255792377,49.0569083095877));
#2128=CARTESIAN_POINT('Ctrl Pts',(-22.3903631647771,-0.763911095747195,
48.9040951956357));
#2129=CARTESIAN_POINT('Ctrl Pts',(-22.8877602055716,-0.760795309845785,
48.7539058388398));
#2130=CARTESIAN_POINT('Ctrl Pts',(-23.3483227554821,-0.757910261922135,
48.6148386802881));
#2131=CARTESIAN_POINT('Ctrl Pts',(-23.8131600116691,-0.754690326988174,
48.4780209580154));
#2132=CARTESIAN_POINT('Ctrl Pts',(-24.2829624818209,-0.751146815980712,
48.3433592171523));
#2133=CARTESIAN_POINT('Ctrl Pts',(-24.7239954128423,-0.747820300806653,
48.216943827616));
#2134=CARTESIAN_POINT('Ctrl Pts',(-25.1694043933466,-0.744208645038713,
48.0924284386969));
#2135=CARTESIAN_POINT('Ctrl Pts',(-25.6197186215649,-0.740322526130428,
47.9697306164159));
#2136=CARTESIAN_POINT('Ctrl Pts',(-26.0494511943085,-0.736614022663654,
47.8526407100022));
#2137=CARTESIAN_POINT('Ctrl Pts',(-26.4836511553379,-0.732655583596402,
47.7372060365674));
#2138=CARTESIAN_POINT('Ctrl Pts',(-26.9227341600948,-0.728457528116311,
47.6233501645144));
#2139=CARTESIAN_POINT('Ctrl Pts',(-27.3512792790922,-0.7243602249508,47.5122268058125));
#2140=CARTESIAN_POINT('Ctrl Pts',(-27.7844761800179,-0.720034677876221,
47.4026074241353));
#2141=CARTESIAN_POINT('Ctrl Pts',(-28.2226636788829,-0.715491346995418,
47.2944158000471));
#2142=CARTESIAN_POINT('Ctrl Pts',(-28.6540044980781,-0.711019005659538,
47.1879146700852));
#2143=CARTESIAN_POINT('Ctrl Pts',(-29.0901814643978,-0.706335641598899,
47.082797093052));
#2144=CARTESIAN_POINT('Ctrl Pts',(-29.5314665946831,-0.701451954361363,
46.9789844636159));
#2145=CARTESIAN_POINT('Ctrl Pts',(-29.9658566448077,-0.696644574736823,
46.8767939065147));
#2146=CARTESIAN_POINT('Ctrl Pts',(-30.4051966905711,-0.691643091799188,
46.7758679021238));
#2147=CARTESIAN_POINT('Ctrl Pts',(-30.8496925547912,-0.686458289753891,
46.6761247423894));
#2148=CARTESIAN_POINT('Ctrl Pts',(-31.2872431711329,-0.681354500240462,
46.5779400695258));
#2149=CARTESIAN_POINT('Ctrl Pts',(-31.7297901366275,-0.676073070348238,
46.4809015158406));
#2150=CARTESIAN_POINT('Ctrl Pts',(-32.177472864506,-0.670624812899915,46.3849243014026));
#2151=CARTESIAN_POINT('Ctrl Pts',(-32.6181605497615,-0.66526168447413,46.2904467309402));
#2152=CARTESIAN_POINT('Ctrl Pts',(-33.0638244853515,-0.659736911398367,
46.196997624073));
#2153=CARTESIAN_POINT('Ctrl Pts',(-33.5145426821428,-0.654061250972005,
46.1044894057002));
#2154=CARTESIAN_POINT('Ctrl Pts',(-33.9670152608077,-0.648363498524765,
46.0116211070319));
#2155=CARTESIAN_POINT('Ctrl Pts',(-34.424581427881,-0.642513689604744,45.9197010800298));
#2156=CARTESIAN_POINT('Ctrl Pts',(-34.8872667703809,-0.636523025156511,
45.8286333064859));
#2157=CARTESIAN_POINT('Ctrl Pts',(-35.354057027071,-0.630479211923811,45.7367575855931));
#2158=CARTESIAN_POINT('Ctrl Pts',(-35.8260576397463,-0.624292039639437,
45.6457493500876));
#2159=CARTESIAN_POINT('Ctrl Pts',(-36.30324178993,-0.617973221773058,45.5555018025558));
#2160=CARTESIAN_POINT('Ctrl Pts',(-36.7846936798324,-0.611597890986004,
45.464447117899));
#2161=CARTESIAN_POINT('Ctrl Pts',(-37.2714221834053,-0.605088555525228,
45.3741668235708));
#2162=CARTESIAN_POINT('Ctrl Pts',(-37.7633468118469,-0.598457361198225,
45.2845423313052));
#2163=CARTESIAN_POINT('Ctrl Pts',(-38.2584293683389,-0.59178359767788,45.1943424913507));
#2164=CARTESIAN_POINT('Ctrl Pts',(-38.7587749028643,-0.584986411082381,
45.1048069231679));
#2165=CARTESIAN_POINT('Ctrl Pts',(-39.2642490250505,-0.578078210742429,
45.0158053318155));
#2166=CARTESIAN_POINT('Ctrl Pts',(-39.7780915316862,-0.571055641587519,
44.9253302732758));
#2167=CARTESIAN_POINT('Ctrl Pts',(-40.2972338690353,-0.563918353771042,
44.8354070093989));
#2168=CARTESIAN_POINT('Ctrl Pts',(-40.8214806186165,-0.556679368832979,
44.7458888583104));
#2169=CARTESIAN_POINT('Ctrl Pts',(-41.3582132174893,-0.549267974862181,
44.6542386765622));
#2170=CARTESIAN_POINT('Ctrl Pts',(-41.900296126417,-0.541749986681678,44.5630131481649));
#2171=CARTESIAN_POINT('Ctrl Pts',(-42.4474646473157,-0.534139304868724,
44.4720445491272));
#2172=CARTESIAN_POINT('Ctrl Pts',(-43.0086922730577,-0.526333072015274,
44.3787385768262));
#2173=CARTESIAN_POINT('Ctrl Pts',(-43.5752700625083,-0.518429325204112,
44.2857029132423));
#2174=CARTESIAN_POINT('Ctrl Pts',(-44.1468574054167,-0.510442917502599,
44.1927456875025));
#2175=CARTESIAN_POINT('Ctrl Pts',(-44.7344867499018,-0.502232365640822,
44.0971795517151));
#2176=CARTESIAN_POINT('Ctrl Pts',(-45.3274106265648,-0.493934451717608,
44.0016963183295));
#2177=CARTESIAN_POINT('Ctrl Pts',(-45.9252039115932,-0.48556509881922,43.9060760884833));
#2178=CARTESIAN_POINT('Ctrl Pts',(-46.5418725468246,-0.476931483221763,
43.8074366455245));
#2179=CARTESIAN_POINT('Ctrl Pts',(-47.1637227744893,-0.468221849539626,
43.7086514134715));
#2180=CARTESIAN_POINT('Ctrl Pts',(-47.7902327151594,-0.459453393478613,
43.6094670440541));
#2181=CARTESIAN_POINT('Ctrl Pts',(-48.4388440312655,-0.450375612813346,
43.5067837501286));
#2182=CARTESIAN_POINT('Ctrl Pts',(-49.0924493674083,-0.441234791306886,
43.4036726721829));
#2183=CARTESIAN_POINT('Ctrl Pts',(-49.7504145244658,-0.432049649209482,
43.2998400863263));
#2184=CARTESIAN_POINT('Ctrl Pts',(-50.428304519548,-0.422586357932559,43.1928631889014));
#2185=CARTESIAN_POINT('Ctrl Pts',(-51.1108222145754,-0.413076023836658,
43.0851204202347));
#2186=CARTESIAN_POINT('Ctrl Pts',(-51.797219906905,-0.403538681921413,42.9762773077335));
#2187=CARTESIAN_POINT('Ctrl Pts',(-52.5071761612645,-0.393673999072933,
42.8636984786848));
#2188=CARTESIAN_POINT('Ctrl Pts',(-53.2212831214814,-0.383780425372409,
42.7499424813384));
#2189=CARTESIAN_POINT('Ctrl Pts',(-53.9386591979832,-0.373879626301813,
42.6346252357099));
#2190=CARTESIAN_POINT('Ctrl Pts',(-54.685063371448,-0.36357819865589,42.5146417622864));
#2191=CARTESIAN_POINT('Ctrl Pts',(-55.4350063325606,-0.353268952150353,
42.3929681576231));
#2192=CARTESIAN_POINT('Ctrl Pts',(-56.1874407555252,-0.342975707329761,
42.2691567114845));
#2193=CARTESIAN_POINT('Ctrl Pts',(-56.9764292137108,-0.332182406129104,
42.1393303784338));
#2194=CARTESIAN_POINT('Ctrl Pts',(-57.768156764693,-0.321406702903577,42.0071535018593));
#2195=CARTESIAN_POINT('Ctrl Pts',(-58.5613617104236,-0.310675377260182,
41.8720929570529));
#2196=CARTESIAN_POINT('Ctrl Pts',(-59.4470983713175,-0.298692183517398,
41.7212768576081));
#2197=CARTESIAN_POINT('Ctrl Pts',(-60.334677103522,-0.286764338115662,41.5668653623379));
#2198=CARTESIAN_POINT('Ctrl Pts',(-61.2222771403677,-0.274928151052719,
41.4080923126457));
#2199=CARTESIAN_POINT('Ctrl Pts',(-62.2151796379524,-0.261687750862415,
41.230482859013));
#2200=CARTESIAN_POINT('Ctrl Pts',(-63.2081075510971,-0.248562066418884,
41.047416155199));
#2201=CARTESIAN_POINT('Ctrl Pts',(-64.1984470934118,-0.235600486969825,
40.8577841901974));
#2202=CARTESIAN_POINT('Ctrl Pts',(-65.2465646540619,-0.221882707911274,
40.6570887881799));
#2203=CARTESIAN_POINT('Ctrl Pts',(-66.2917799045392,-0.208348745006687,
40.4490403441203));
#2204=CARTESIAN_POINT('Ctrl Pts',(-67.3309612171112,-0.195055444524763,
40.2322787439085));
#2205=CARTESIAN_POINT('Ctrl Pts',(-68.2456345784277,-0.183354860913613,
40.0414881099051));
#2206=CARTESIAN_POINT('Ctrl Pts',(-69.155631107395,-0.171840693538556,39.8439468035752));
#2207=CARTESIAN_POINT('Ctrl Pts',(-70.0588274076435,-0.160550706274868,
39.6386927971031));
#2208=CARTESIAN_POINT('Ctrl Pts',(-70.8804326931323,-0.150280609722785,
39.4519805878759));
#2209=CARTESIAN_POINT('Ctrl Pts',(-71.696410175354,-0.14019600253039,39.2588862062982));
#2210=CARTESIAN_POINT('Ctrl Pts',(-72.5051897349582,-0.130324735297372,
39.05865655165));
#2211=CARTESIAN_POINT('Ctrl Pts',(-73.26289259232,-0.121076866332953,38.8710719624328));
#2212=CARTESIAN_POINT('Ctrl Pts',(-74.0142776197275,-0.112016232487171,
38.6772250357763));
#2213=CARTESIAN_POINT('Ctrl Pts',(-74.7580866437342,-0.103165380835796,
38.4764684565421));
#2214=CARTESIAN_POINT('Ctrl Pts',(-75.4683735778837,-0.0947134206131623,
38.2847596030968));
#2215=CARTESIAN_POINT('Ctrl Pts',(-76.1717518343578,-0.0864527536566247,
38.0867501418353));
#2216=CARTESIAN_POINT('Ctrl Pts',(-76.8671602981802,-0.0784027889952017,
37.8818466977786));
#2217=CARTESIAN_POINT('Ctrl Pts',(-77.543286971569,-0.0705760280185304,
37.6826246704331));
#2218=CARTESIAN_POINT('Ctrl Pts',(-78.2118797363819,-0.0629484436862058,
37.4768860002863));
#2219=CARTESIAN_POINT('Ctrl Pts',(-78.8719978971962,-0.0555377241098796,
37.2640519294241));
#2220=CARTESIAN_POINT('Ctrl Pts',(-79.5166906937279,-0.0483001751199506,
37.0561912758524));
#2221=CARTESIAN_POINT('Ctrl Pts',(-80.1533004242515,-0.0412694748709288,
36.8415632743136));
#2222=CARTESIAN_POINT('Ctrl Pts',(-80.7809824820815,-0.0344619704211112,
36.6195919380706));
#2223=CARTESIAN_POINT('Ctrl Pts',(-81.4011155411042,-0.0277363383814955,
36.400290203948));
#2224=CARTESIAN_POINT('Ctrl Pts',(-82.0125346947158,-0.0212285703241034,
36.1738210776724));
#2225=CARTESIAN_POINT('Ctrl Pts',(-82.6144538904388,-0.0149542639391756,
35.939587400079));
#2226=CARTESIAN_POINT('Ctrl Pts',(-83.2158621158584,-0.00868528382429534,
35.7055525638817));
#2227=CARTESIAN_POINT('Ctrl Pts',(-83.8077871778304,-0.00264938016537731,
35.463766714712));
#2228=CARTESIAN_POINT('Ctrl Pts',(-84.3894664008878,0.0031381700195198,
35.2135866327819));
#2229=CARTESIAN_POINT('Ctrl Pts',(-84.9703248265566,0.00891755349355648,
34.9637595755942));
#2230=CARTESIAN_POINT('Ctrl Pts',(-85.540967514651,0.0144492630758029,34.705562066891));
#2231=CARTESIAN_POINT('Ctrl Pts',(-86.1006423781745,0.019718600696352,34.4383024283256));
#2232=CARTESIAN_POINT('Ctrl Pts',(-86.643205943797,0.0248268354845306,34.1792138897871));
#2233=CARTESIAN_POINT('Ctrl Pts',(-87.1754631645912,0.0296884749203751,
33.9116086737923));
#2234=CARTESIAN_POINT('Ctrl Pts',(-87.6967178570304,0.0342909325578048,
33.6348104174011));
#2235=CARTESIAN_POINT('Ctrl Pts',(-88.1800780270245,0.0385587976501042,
33.3781350258814));
#2236=CARTESIAN_POINT('Ctrl Pts',(-88.6539786579923,0.0426037773939432,
33.1135536936993));
#2237=CARTESIAN_POINT('Ctrl Pts',(-89.1178370652404,0.0464167992998654,
32.840495319771));
#2238=CARTESIAN_POINT('Ctrl Pts',(-89.5410905956475,0.0498960398569347,
32.5913397176163));
#2239=CARTESIAN_POINT('Ctrl Pts',(-89.9559838374522,0.053182142708378,32.3351251896494));
#2240=CARTESIAN_POINT('Ctrl Pts',(-90.3620361498555,0.0562692505747313,
32.0714041663635));
#2241=CARTESIAN_POINT('Ctrl Pts',(-90.7357227948232,0.0591102908693454,
31.8287038506926));
#2242=CARTESIAN_POINT('Ctrl Pts',(-91.1019220745546,0.061782785607997,31.5796450959063));
#2243=CARTESIAN_POINT('Ctrl Pts',(-91.4602184561647,0.064283235088977,31.3238800951224));
#2244=CARTESIAN_POINT('Ctrl Pts',(-91.7942794808599,0.0666145528435258,
31.0854151743797));
#2245=CARTESIAN_POINT('Ctrl Pts',(-92.121470669613,0.0687963052967968,30.8411197631312));
#2246=CARTESIAN_POINT('Ctrl Pts',(-92.4414150814831,0.0708267386669,30.5907245784793));
#2247=CARTESIAN_POINT('Ctrl Pts',(-92.7452178005722,0.072754733518195,30.3529622200139));
#2248=CARTESIAN_POINT('Ctrl Pts',(-93.0424864997286,0.0745462857436585,
30.1096993112849));
#2249=CARTESIAN_POINT('Ctrl Pts',(-93.3328602518461,0.0762010096401758,
29.8607278419216));
#2250=CARTESIAN_POINT('Ctrl Pts',(-93.6119091093859,0.0777911974912347,
29.6214665327324));
#2251=CARTESIAN_POINT('Ctrl Pts',(-93.8845900363684,0.0792550191495968,
29.3769327483162));
#2252=CARTESIAN_POINT('Ctrl Pts',(-94.1505485849722,0.0805932670320538,
29.1269725768543));
#2253=CARTESIAN_POINT('Ctrl Pts',(-94.40623927712,0.081879849204882,28.8866626128167));
#2254=CARTESIAN_POINT('Ctrl Pts',(-94.6557163513339,0.0830503654556644,
28.6413366522708));
#2255=CARTESIAN_POINT('Ctrl Pts',(-94.898636749909,0.0841066160392039,28.39089425972));
#2256=CARTESIAN_POINT('Ctrl Pts',(-95.1341518512771,0.0851306673939839,
28.1480864683016));
#2257=CARTESIAN_POINT('Ctrl Pts',(-95.3635035417337,0.0860473145484892,
27.9004690037296));
#2258=CARTESIAN_POINT('Ctrl Pts',(-95.586357122023,0.0868592510576272,27.6479920545796));
#2259=CARTESIAN_POINT('Ctrl Pts',(-95.8039773950143,0.087652120728157,27.4014440631732));
#2260=CARTESIAN_POINT('Ctrl Pts',(-96.0154006669064,0.0883451432551031,
27.1502618110643));
#2261=CARTESIAN_POINT('Ctrl Pts',(-96.2203004111212,0.0889418164369811,
26.8944449157702));
#2262=CARTESIAN_POINT('Ctrl Pts',(-96.4216405643007,0.0895281240007428,
26.6430721623205));
#2263=CARTESIAN_POINT('Ctrl Pts',(-96.616681287932,0.0900214068120739,26.3872241914842));
#2264=CARTESIAN_POINT('Ctrl Pts',(-96.8051062785258,0.0904258826984116,
26.1269495824705));
#2265=CARTESIAN_POINT('Ctrl Pts',(-96.9912566601868,0.0908254758754326,
25.8698169290371));
#2266=CARTESIAN_POINT('Ctrl Pts',(-97.17094940863,0.0911384022064576,25.6083638110704));
#2267=CARTESIAN_POINT('Ctrl Pts',(-97.3438824253183,0.091369504341154,25.3426872560186));
#2268=CARTESIAN_POINT('Ctrl Pts',(-97.5154976837889,0.0915988454660849,
25.0790351695752));
#2269=CARTESIAN_POINT('Ctrl Pts',(-97.6804551346813,0.0917476164886227,
24.8112238862112));
#2270=CARTESIAN_POINT('Ctrl Pts',(-97.838472579356,0.0918211650601286,24.5393975434551));
#2271=CARTESIAN_POINT('Ctrl Pts',(-97.9957908386097,0.0918943881986792,
24.2687739604088));
#2272=CARTESIAN_POINT('Ctrl Pts',(-98.1462296759828,0.0918930675919614,
23.9941710866228));
#2273=CARTESIAN_POINT('Ctrl Pts',(-98.2895340916561,0.0918228953290168,
23.7157770040497));
#2274=CARTESIAN_POINT('Ctrl Pts',(-98.4324589561359,0.0917529089219651,
23.4381202665596));
#2275=CARTESIAN_POINT('Ctrl Pts',(-98.5682865309787,0.0916144509835209,
23.1566928509685));
#2276=CARTESIAN_POINT('Ctrl Pts',(-98.6967970994368,0.0914133527184443,
22.8717210266875));
#2277=CARTESIAN_POINT('Ctrl Pts',(-98.8252388612852,0.0912123621246135,
22.5869017808698));
#2278=CARTESIAN_POINT('Ctrl Pts',(-98.9463709356158,0.0909488154294304,
22.2985425994406));
#2279=CARTESIAN_POINT('Ctrl Pts',(-99.0600157253439,0.0906284705671686,
22.0069004770975));
#2280=CARTESIAN_POINT('Ctrl Pts',(-99.1737255253692,0.0903079424522274,
21.7150915214036));
#2281=CARTESIAN_POINT('Ctrl Pts',(-99.2799391400512,0.0899305677519982,
21.4199966733075));
#2282=CARTESIAN_POINT('Ctrl Pts',(-99.3785269038219,0.0895017954277231,
21.1218933042733));
#2283=CARTESIAN_POINT('Ctrl Pts',(-99.477277476579,0.0890723150238355,20.8232976438481));
#2284=CARTESIAN_POINT('Ctrl Pts',(-99.5683768744095,0.0885912816315067,
20.521684379461));
#2285=CARTESIAN_POINT('Ctrl Pts',(-99.6517465762178,0.0880636160936572,
20.2173396534974));
#2286=CARTESIAN_POINT('Ctrl Pts',(-99.7353840592549,0.0875342557083805,
19.9120173805002));
#2287=CARTESIAN_POINT('Ctrl Pts',(-99.8112422140328,0.086957974471304,19.6039469140858));
#2288=CARTESIAN_POINT('Ctrl Pts',(-99.8792939599168,0.0863389864320521,
19.2934116892422));
#2289=CARTESIAN_POINT('Ctrl Pts',(-99.947723982861,0.0857165576438276,18.9811503021901));
#2290=CARTESIAN_POINT('Ctrl Pts',(-100.008260868489,0.0850509534331733,
18.6663974393532));
#2291=CARTESIAN_POINT('Ctrl Pts',(-100.060926753233,0.0843455536994617,
18.349423586686));
#2292=CARTESIAN_POINT('Ctrl Pts',(-100.11405365587,0.0836339791544782,18.0296750608379));
#2293=CARTESIAN_POINT('Ctrl Pts',(-100.159171613173,0.0828819127706826,
17.7076671237703));
#2294=CARTESIAN_POINT('Ctrl Pts',(-100.19634801582,0.0820918218826299,17.3836488407634));
#2295=CARTESIAN_POINT('Ctrl Pts',(-100.233995924461,0.0812917103211862,
17.0555210541027));
#2296=CARTESIAN_POINT('Ctrl Pts',(-100.263500132003,0.0804526031587362,
16.7253320812722));
#2297=CARTESIAN_POINT('Ctrl Pts',(-100.284968364811,0.0795760157312733,
16.3933028764558));
#2298=CARTESIAN_POINT('Ctrl Pts',(-100.307877945666,0.0786405754122445,
16.0389816809264));
#2299=CARTESIAN_POINT('Ctrl Pts',(-100.3216367876,0.0776624577892423,15.6825656324961));
#2300=CARTESIAN_POINT('Ctrl Pts',(-100.326410397445,0.0766422716855212,
15.3242700925769));
#2301=CARTESIAN_POINT('Ctrl Pts',(-100.331125276396,0.0756346371820283,
14.9703827506909));
#2302=CARTESIAN_POINT('Ctrl Pts',(-100.327075568273,0.0745859485527554,
14.6146617195977));
#2303=CARTESIAN_POINT('Ctrl Pts',(-100.31444180441,0.0734957281329832,14.2572605857744));
#2304=CARTESIAN_POINT('Ctrl Pts',(-100.301448984165,0.0723745232335163,
13.8897019755567));
#2305=CARTESIAN_POINT('Ctrl Pts',(-100.279378006801,0.0712093815453004,
13.5203663667157));
#2306=CARTESIAN_POINT('Ctrl Pts',(-100.248435061972,0.0699988343018933,
13.149364498703));
#2307=CARTESIAN_POINT('Ctrl Pts',(-100.216474094381,0.068748460058936,12.7661566706867));
#2308=CARTESIAN_POINT('Ctrl Pts',(-100.175048517284,0.0674496300545278,
12.381170913748));
#2309=CARTESIAN_POINT('Ctrl Pts',(-100.124384184869,0.0660999148612052,
11.9944720141362));
#2310=CARTESIAN_POINT('Ctrl Pts',(-100.071845232871,0.0647002591592424,
11.5934649554118));
#2311=CARTESIAN_POINT('Ctrl Pts',(-100.009371877054,0.063245867590022,11.190615228705));
#2312=CARTESIAN_POINT('Ctrl Pts',(-99.9372033469177,0.0617333987893343,
10.7859393916003));
#2313=CARTESIAN_POINT('Ctrl Pts',(-99.8621174034074,0.0601597884260067,
10.3649045307338));
#2314=CARTESIAN_POINT('Ctrl Pts',(-99.7765371798509,0.05852329357665,9.94189236512981));
#2315=CARTESIAN_POINT('Ctrl Pts',(-99.6807085564883,0.0568197334108726,
9.51686997483058));
#2316=CARTESIAN_POINT('Ctrl Pts',(-99.577774876596,0.0549898655631826,9.06033499462379));
#2317=CARTESIAN_POINT('Ctrl Pts',(-99.4630174487594,0.0530826005526303,
8.60148009310069));
#2318=CARTESIAN_POINT('Ctrl Pts',(-99.336703716001,0.0510925657106948,8.14021482527113));
#2319=CARTESIAN_POINT('Ctrl Pts',(-99.2058397169898,0.0490308427934972,
7.66233315528221));
#2320=CARTESIAN_POINT('Ctrl Pts',(-99.0625720978509,0.0468802607293484,
7.1818633592385));
#2321=CARTESIAN_POINT('Ctrl Pts',(-98.9071521455854,0.0446349442657347,
6.69866608231462));
#2322=CARTESIAN_POINT('Ctrl Pts',(-98.7454452975295,0.0422988024581775,
6.1959229820778));
#2323=CARTESIAN_POINT('Ctrl Pts',(-98.5705831723456,0.0398600911349708,
5.69022631283774));
#2324=CARTESIAN_POINT('Ctrl Pts',(-98.3827968213273,0.0373125720051669,
5.18139331345783));
#2325=CARTESIAN_POINT('Ctrl Pts',(-98.1878434329393,0.0346678244841636,
4.65314023854161));
#2326=CARTESIAN_POINT('Ctrl Pts',(-97.9789603532094,0.0319057932260832,
4.12150596887464));
#2327=CARTESIAN_POINT('Ctrl Pts',(-97.756351368353,0.0290201186633198,3.58627341745779));
#2328=CARTESIAN_POINT('Ctrl Pts',(-97.5221193462928,0.0259837749673372,
3.02309487876721));
#2329=CARTESIAN_POINT('Ctrl Pts',(-97.2726905250625,0.0228105294686776,
2.45593168693313));
#2330=CARTESIAN_POINT('Ctrl Pts',(-97.0082446382948,0.0194938248702501,
1.88453084214842));
#2331=CARTESIAN_POINT('Ctrl Pts',(-96.7363215238178,0.0160833401952179,
1.29697359469866));
#2332=CARTESIAN_POINT('Ctrl Pts',(-96.4485196823811,0.0125211670989582,
0.70493504924954));
#2333=CARTESIAN_POINT('Ctrl Pts',(-96.1449799827774,0.00880114277028324,
0.108151272619485));
#2334=CARTESIAN_POINT('Ctrl Pts',(-95.8300228268494,0.00494119204864203,
-0.511080153242611));
#2335=CARTESIAN_POINT('Ctrl Pts',(-95.4981212240919,0.00091129246408479,
-1.13542094759048));
#2336=CARTESIAN_POINT('Ctrl Pts',(-95.1493809939209,-0.0032944018823928,
-1.7651457625394));
#2337=CARTESIAN_POINT('Ctrl Pts',(-95.1154224411301,-0.00370393104226085,
-1.82646516742031));
#2338=CARTESIAN_POINT('Ctrl Pts',(-95.0813041902862,-0.00411512629250178,
-1.88783560489775));
#2339=CARTESIAN_POINT('Ctrl Pts',(-95.0470263162394,-0.00452799253876698,
-1.94925731673922));
#2340=CARTESIAN_POINT('Ctrl Pts',(33.3474781603931,1.05193195738411,76.9999090299322));
#2341=CARTESIAN_POINT('Ctrl Pts',(34.4785572319078,4.56638876396136,77.0109260449304));
#2342=CARTESIAN_POINT('Ctrl Pts',(37.423723094022,9.35074541955014,76.9532222827473));
#2343=CARTESIAN_POINT('Ctrl Pts',(42.4339227895284,13.4646408298083,76.6846055779429));
#2344=CARTESIAN_POINT('Ctrl Pts',(44.8380338997385,14.858699350284,76.5402564966335));
#2345=CARTESIAN_POINT('Ctrl Pts',(45.6632605247291,15.2830928577657,76.4907914723595));
#2346=CARTESIAN_POINT('Ctrl Pts',(91.8852140048713,-0.2400377189345,75.));
#2347=CARTESIAN_POINT('Ctrl Pts',(93.067305021814,0.268889773154391,75.3484701037928));
#2348=CARTESIAN_POINT('Ctrl Pts',(94.2493960387566,0.777817265243282,75.6969402075856));
#2349=CARTESIAN_POINT('Ctrl Pts',(95.4314870556993,1.28674475733217,76.0454103113784));
#2350=CARTESIAN_POINT('Ctrl Pts',(92.5114446020602,-1.69458984075689,75.));
#2351=CARTESIAN_POINT('Ctrl Pts',(93.7395824996181,-1.29806170786562,75.357915675167));
#2352=CARTESIAN_POINT('Ctrl Pts',(94.966902959833,-0.902647502422575,75.7157546037138));
#2353=CARTESIAN_POINT('Ctrl Pts',(96.1950408573909,-0.506119369531314,76.0736702788808));
#2354=CARTESIAN_POINT('Ctrl Pts',(93.4917540440521,-5.13019992168452,75.));
#2355=CARTESIAN_POINT('Ctrl Pts',(94.7904025596532,-5.00495613445265,75.3767532470472));
#2356=CARTESIAN_POINT('Ctrl Pts',(96.0888273213988,-4.87955163533976,75.7533801904655));
#2357=CARTESIAN_POINT('Ctrl Pts',(97.3874758369999,-4.75430784810789,76.1301334375127));
#2358=CARTESIAN_POINT('Ctrl Pts',(93.0658441439045,-11.4930048699214,75.));
#2359=CARTESIAN_POINT('Ctrl Pts',(94.3263910958791,-11.8304531921603,75.3871413198636));
#2360=CARTESIAN_POINT('Ctrl Pts',(95.587414358958,-12.1683824444107,75.7744327932241));
#2361=CARTESIAN_POINT('Ctrl Pts',(96.8479613109327,-12.5058307666497,76.1615741130877));
#2362=CARTESIAN_POINT('Ctrl Pts',(89.9972012489152,-18.092887091179,75.));
#2363=CARTESIAN_POINT('Ctrl Pts',(91.0544654869876,-18.8605989699066,75.3786528695671));
#2364=CARTESIAN_POINT('Ctrl Pts',(92.1118943968875,-19.6285911959192,75.7572787969609));
#2365=CARTESIAN_POINT('Ctrl Pts',(93.1691586349599,-20.3963030746468,76.135931666528));
#2366=CARTESIAN_POINT('Ctrl Pts',(84.328218903716,-23.6240591377653,75.));
#2367=CARTESIAN_POINT('Ctrl Pts',(85.0665921258035,-24.6980466844797,75.3652162779972));
#2368=CARTESIAN_POINT('Ctrl Pts',(85.805853885693,-25.7714933540633,75.7306726854919));
#2369=CARTESIAN_POINT('Ctrl Pts',(86.5442271077805,-26.8454809007777,76.095888963489));
#2370=CARTESIAN_POINT('Ctrl Pts',(77.0889637326359,-27.1838563340059,75.));
#2371=CARTESIAN_POINT('Ctrl Pts',(77.5052903528462,-28.4095948164592,75.3635747622325));
#2372=CARTESIAN_POINT('Ctrl Pts',(77.9217284463228,-29.6355621625626,75.7269824094614));
#2373=CARTESIAN_POINT('Ctrl Pts',(78.3380550665331,-30.861300645016,76.0905571716939));
#2374=CARTESIAN_POINT('Ctrl Pts',(69.9818003992861,-28.7047259244709,75.0000000000001));
#2375=CARTESIAN_POINT('Ctrl Pts',(70.1417794663301,-29.9814016044525,75.3716514201245));
#2376=CARTESIAN_POINT('Ctrl Pts',(70.3015653234172,-31.2579062291001,75.7434115430312));
#2377=CARTESIAN_POINT('Ctrl Pts',(70.4615443904612,-32.5345819090816,76.1150629631557));
#2378=CARTESIAN_POINT('Ctrl Pts',(66.3735104074667,-28.8283962092095,75.));
#2379=CARTESIAN_POINT('Ctrl Pts',(66.4131386018033,-30.1098009516237,75.369067071289));
#2380=CARTESIAN_POINT('Ctrl Pts',(66.4531083263498,-31.391358149009,75.7379884407131));
#2381=CARTESIAN_POINT('Ctrl Pts',(66.4927365206863,-32.6727628914232,76.1070555120021));
#2382=CARTESIAN_POINT('Ctrl Pts',(65.0211564505657,-28.8226652659936,75.));
#2383=CARTESIAN_POINT('Ctrl Pts',(65.0157175716272,-30.1060996286411,75.3613093316665));
#2384=CARTESIAN_POINT('Ctrl Pts',(65.0102786926888,-31.3895339912886,75.722618663333));
#2385=CARTESIAN_POINT('Ctrl Pts',(65.0048398137503,-32.6729683539361,76.0839279949994));
#2386=CARTESIAN_POINT('',(65.0048398137502,-32.6729683539362,76.0839279949994));
#2387=CARTESIAN_POINT('',(65.0211564505657,-28.8226652659937,75.));
#2388=CARTESIAN_POINT('',(65.0048398137502,-32.6729683539362,76.0839279949994));
#2389=CARTESIAN_POINT('',(95.4314870556993,1.28674475733217,76.0454103113784));
#2390=CARTESIAN_POINT('Ctrl Pts',(95.4314870556993,1.28674475733217,76.0454103113784));
#2391=CARTESIAN_POINT('Ctrl Pts',(96.1950408573909,-0.506119369531314,76.0736702788808));
#2392=CARTESIAN_POINT('Ctrl Pts',(97.3874758369999,-4.75430784810789,76.1301334375127));
#2393=CARTESIAN_POINT('Ctrl Pts',(96.8479613109327,-12.5058307666497,76.1615741130877));
#2394=CARTESIAN_POINT('Ctrl Pts',(93.1691586349599,-20.3963030746468,76.135931666528));
#2395=CARTESIAN_POINT('Ctrl Pts',(86.5442271077805,-26.8454809007777,76.095888963489));
#2396=CARTESIAN_POINT('Ctrl Pts',(78.3380550665331,-30.861300645016,76.0905571716939));
#2397=CARTESIAN_POINT('Ctrl Pts',(70.4615443904612,-32.5345819090816,76.1150629631557));
#2398=CARTESIAN_POINT('Ctrl Pts',(66.4927365206863,-32.6727628914232,76.1070555120021));
#2399=CARTESIAN_POINT('Ctrl Pts',(65.0048398137503,-32.6729683539361,76.0839279949994));
#2400=CARTESIAN_POINT('',(91.8852140048713,-0.240037718934538,75.));
#2401=CARTESIAN_POINT('',(95.4314870556993,1.28674475733217,76.0454103113784));
#2402=CARTESIAN_POINT('Ctrl Pts',(91.8852140048713,-0.2400377189345,75.));
#2403=CARTESIAN_POINT('Ctrl Pts',(92.5114446020602,-1.69458984075689,75.));
#2404=CARTESIAN_POINT('Ctrl Pts',(93.4917540440521,-5.13019992168452,75.));
#2405=CARTESIAN_POINT('Ctrl Pts',(93.0658441439045,-11.4930048699214,75.));
#2406=CARTESIAN_POINT('Ctrl Pts',(89.9972012489152,-18.092887091179,75.));
#2407=CARTESIAN_POINT('Ctrl Pts',(84.328218903716,-23.6240591377653,75.));
#2408=CARTESIAN_POINT('Ctrl Pts',(77.0889637326359,-27.1838563340059,75.));
#2409=CARTESIAN_POINT('Ctrl Pts',(69.9818003992861,-28.7047259244709,75.0000000000001));
#2410=CARTESIAN_POINT('Ctrl Pts',(66.3735104074667,-28.8283962092095,75.));
#2411=CARTESIAN_POINT('Ctrl Pts',(65.0211564505657,-28.8226652659936,75.));
#2412=CARTESIAN_POINT('Ctrl Pts',(64.5319080584122,14.7067059248948,75.));
#2413=CARTESIAN_POINT('Ctrl Pts',(64.6345167779401,16.0054092941702,75.2839344767502));
#2414=CARTESIAN_POINT('Ctrl Pts',(64.7371254974679,17.3041126634456,75.5678689535004));
#2415=CARTESIAN_POINT('Ctrl Pts',(64.8397342169958,18.602816032721,75.8518034302505));
#2416=CARTESIAN_POINT('Ctrl Pts',(65.332471797014,14.6434545142481,75.));
#2417=CARTESIAN_POINT('Ctrl Pts',(65.457008687248,15.9400742389024,75.2873075779003));
#2418=CARTESIAN_POINT('Ctrl Pts',(65.5842659264815,17.2354153824996,75.5741791086665));
#2419=CARTESIAN_POINT('Ctrl Pts',(65.7088028167156,18.5320351071539,75.8614866865668));
#2420=CARTESIAN_POINT('Ctrl Pts',(68.5540079283841,14.3379968755082,75.));
#2421=CARTESIAN_POINT('Ctrl Pts',(68.7716381017822,15.6243595868804,75.2862049632322));
#2422=CARTESIAN_POINT('Ctrl Pts',(68.9880475176119,16.9114308121981,75.5726215153899));
#2423=CARTESIAN_POINT('Ctrl Pts',(69.20567769101,18.1977935235702,75.8588264786221));
#2424=CARTESIAN_POINT('Ctrl Pts',(75.3068573426879,12.8816507516914,74.9999999999999));
#2425=CARTESIAN_POINT('Ctrl Pts',(75.6927795615957,14.1375324858192,75.2696968002638));
#2426=CARTESIAN_POINT('Ctrl Pts',(76.0790078625854,15.393461345903,75.5392219291695));
#2427=CARTESIAN_POINT('Ctrl Pts',(76.4649300814932,16.6493430800308,75.8089187294334));
#2428=CARTESIAN_POINT('Ctrl Pts',(82.0744615233636,9.91362253063522,75.));
#2429=CARTESIAN_POINT('Ctrl Pts',(82.6872771874597,11.0724210733142,75.2729915449457));
#2430=CARTESIAN_POINT('Ctrl Pts',(83.301188596046,12.2310826661158,75.5459379036447));
#2431=CARTESIAN_POINT('Ctrl Pts',(83.9140042601421,13.3898812087948,75.8189294485905));
#2432=CARTESIAN_POINT('Ctrl Pts',(86.5260798448502,6.99371444607854,74.9999999999999));
#2433=CARTESIAN_POINT('Ctrl Pts',(87.3489090214629,8.01529385646387,75.2904350226504));
#2434=CARTESIAN_POINT('Ctrl Pts',(88.1710934599731,9.03788856998169,75.5807258796832));
#2435=CARTESIAN_POINT('Ctrl Pts',(88.9939226365859,10.059467980367,75.8711609023337));
#2436=CARTESIAN_POINT('Ctrl Pts',(89.9220202575518,3.49491793257724,75.));
#2437=CARTESIAN_POINT('Ctrl Pts',(90.9594566325549,4.29166235678479,75.3207228939164));
#2438=CARTESIAN_POINT('Ctrl Pts',(91.9978980000808,5.08761493397866,75.6414198600578));
#2439=CARTESIAN_POINT('Ctrl Pts',(93.0353343750839,5.88435935818621,75.9621427539742));
#2440=CARTESIAN_POINT('Ctrl Pts',(91.3580213451703,0.984477986972337,75.));
#2441=CARTESIAN_POINT('Ctrl Pts',(92.5020896464166,1.58804228330261,75.3405939486466));
#2442=CARTESIAN_POINT('Ctrl Pts',(93.6446204604292,2.19250436144134,75.6810256896196));
#2443=CARTESIAN_POINT('Ctrl Pts',(94.7886887616754,2.79606865777161,76.0216196382661));
#2444=CARTESIAN_POINT('Ctrl Pts',(91.8852140048713,-0.240037718934515,75.));
#2445=CARTESIAN_POINT('Ctrl Pts',(93.067305021814,0.268889773154381,75.3484701037928));
#2446=CARTESIAN_POINT('Ctrl Pts',(94.2493960387566,0.777817265243277,75.6969402075856));
#2447=CARTESIAN_POINT('Ctrl Pts',(95.4314870556993,1.28674475733217,76.0454103113784));
#2448=CARTESIAN_POINT('',(64.8397342169958,18.602816032721,75.8518034302505));
#2449=CARTESIAN_POINT('Ctrl Pts',(64.8397342169958,18.602816032721,75.8518034302505));
#2450=CARTESIAN_POINT('Ctrl Pts',(65.7088028167156,18.5320351071539,75.8614866865668));
#2451=CARTESIAN_POINT('Ctrl Pts',(69.20567769101,18.1977935235702,75.8588264786221));
#2452=CARTESIAN_POINT('Ctrl Pts',(76.4649300814932,16.6493430800308,75.8089187294334));
#2453=CARTESIAN_POINT('Ctrl Pts',(83.9140042601421,13.3898812087948,75.8189294485905));
#2454=CARTESIAN_POINT('Ctrl Pts',(88.9939226365859,10.059467980367,75.8711609023337));
#2455=CARTESIAN_POINT('Ctrl Pts',(93.0353343750839,5.88435935818621,75.9621427539742));
#2456=CARTESIAN_POINT('Ctrl Pts',(94.7886887616754,2.79606865777161,76.0216196382661));
#2457=CARTESIAN_POINT('Ctrl Pts',(95.4314870556993,1.28674475733217,76.0454103113784));
#2458=CARTESIAN_POINT('',(64.5319080584122,14.7067059248949,75.));
#2459=CARTESIAN_POINT('',(64.8397342169958,18.602816032721,75.8518034302505));
#2460=CARTESIAN_POINT('Ctrl Pts',(64.5319080584122,14.7067059248948,75.));
#2461=CARTESIAN_POINT('Ctrl Pts',(65.332471797014,14.6434545142481,75.));
#2462=CARTESIAN_POINT('Ctrl Pts',(68.5540079283841,14.3379968755082,75.));
#2463=CARTESIAN_POINT('Ctrl Pts',(75.3068573426879,12.8816507516914,74.9999999999999));
#2464=CARTESIAN_POINT('Ctrl Pts',(82.0744615233636,9.91362253063522,75.));
#2465=CARTESIAN_POINT('Ctrl Pts',(86.5260798448502,6.99371444607854,74.9999999999999));
#2466=CARTESIAN_POINT('Ctrl Pts',(89.9220202575518,3.49491793257724,75.));
#2467=CARTESIAN_POINT('Ctrl Pts',(91.3580213451703,0.984477986972337,75.));
#2468=CARTESIAN_POINT('Ctrl Pts',(91.8852140048713,-0.240037718934515,75.));
#2469=CARTESIAN_POINT('Ctrl Pts',(36.6468835142364,-0.00366653779579618,
75.));
#2470=CARTESIAN_POINT('Ctrl Pts',(35.547081729622,0.348199627264172,75.6666363433107));
#2471=CARTESIAN_POINT('Ctrl Pts',(34.4472799450075,0.70006579232414,76.3332726866214));
#2472=CARTESIAN_POINT('Ctrl Pts',(33.3474781603931,1.05193195738411,76.9999090299322));
#2473=CARTESIAN_POINT('Ctrl Pts',(37.5985474262281,2.97087825420846,75.));
#2474=CARTESIAN_POINT('Ctrl Pts',(36.5594385966036,3.50273312784974,75.6719522256333));
#2475=CARTESIAN_POINT('Ctrl Pts',(35.5176660615322,4.03453389032008,76.338973819297));
#2476=CARTESIAN_POINT('Ctrl Pts',(34.4785572319078,4.56638876396136,77.0109260449304));
#2477=CARTESIAN_POINT('Ctrl Pts',(40.1230301589222,7.01740981161861,75.));
#2478=CARTESIAN_POINT('Ctrl Pts',(39.2232446207211,7.79497649090362,75.6510504078631));
#2479=CARTESIAN_POINT('Ctrl Pts',(38.323508632223,8.57317874026513,76.3021718748842));
#2480=CARTESIAN_POINT('Ctrl Pts',(37.423723094022,9.35074541955014,76.9532222827473));
#2481=CARTESIAN_POINT('Ctrl Pts',(46.336173312771,11.9004585554926,75.));
#2482=CARTESIAN_POINT('Ctrl Pts',(45.75158813146,13.009032473193,75.5229235545698));
#2483=CARTESIAN_POINT('Ctrl Pts',(45.1652482560137,14.1187641183922,76.0465867504258));
#2484=CARTESIAN_POINT('Ctrl Pts',(44.5806630747027,15.2273380360925,76.5695103049957));
#2485=CARTESIAN_POINT('Ctrl Pts',(54.1228179012797,14.7441741959265,75.));
#2486=CARTESIAN_POINT('Ctrl Pts',(53.8980304450824,16.043960445899,75.3305179136203));
#2487=CARTESIAN_POINT('Ctrl Pts',(53.6730953292651,17.3435953721038,75.6605612804537));
#2488=CARTESIAN_POINT('Ctrl Pts',(53.4483078730678,18.6433816220764,75.9910791940739));
#2489=CARTESIAN_POINT('Ctrl Pts',(61.0914906538202,14.9785284464022,75.));
#2490=CARTESIAN_POINT('Ctrl Pts',(61.0966566989543,16.2862814506383,75.2673950269303));
#2491=CARTESIAN_POINT('Ctrl Pts',(61.0997515768923,17.5992435908719,75.5427946729484));
#2492=CARTESIAN_POINT('Ctrl Pts',(61.1049176220264,18.9069965951079,75.8101896998787));
#2493=CARTESIAN_POINT('Ctrl Pts',(64.5319080584122,14.7067059248949,75.));
#2494=CARTESIAN_POINT('Ctrl Pts',(64.6345167779401,16.0054092941703,75.2839344767502));
#2495=CARTESIAN_POINT('Ctrl Pts',(64.7371254974679,17.3041126634456,75.5678689535004));
#2496=CARTESIAN_POINT('Ctrl Pts',(64.8397342169958,18.602816032721,75.8518034302505));
#2497=CARTESIAN_POINT('Ctrl Pts',(45.6632605247291,15.2830928577657,76.4907914723595));
#2498=CARTESIAN_POINT('Ctrl Pts',(48.1373651297155,16.5554632580773,76.3424908230155));
#2499=CARTESIAN_POINT('Ctrl Pts',(54.4058410489725,18.6763492266193,75.968457211559));
#2500=CARTESIAN_POINT('Ctrl Pts',(61.1049176220264,18.9069965951079,75.8101896998787));
#2501=CARTESIAN_POINT('Ctrl Pts',(64.8397342169958,18.602816032721,75.8518034302505));
#2502=CARTESIAN_POINT('',(36.6468835142364,-0.00366653779579354,75.));
#2503=CARTESIAN_POINT('',(33.3474781603931,1.05193195738412,76.9999090299322));
#2504=CARTESIAN_POINT('Ctrl Pts',(36.6468835142364,-0.00366653779579618,
75.));
#2505=CARTESIAN_POINT('Ctrl Pts',(37.5985474262281,2.97087825420846,75.));
#2506=CARTESIAN_POINT('Ctrl Pts',(40.1230301589222,7.01740981161861,75.));
#2507=CARTESIAN_POINT('Ctrl Pts',(46.336173312771,11.9004585554926,75.));
#2508=CARTESIAN_POINT('Ctrl Pts',(54.1228179012797,14.7441741959265,75.));
#2509=CARTESIAN_POINT('Ctrl Pts',(61.0914906538202,14.9785284464022,75.));
#2510=CARTESIAN_POINT('Ctrl Pts',(64.5319080584122,14.7067059248949,75.));
#2511=CARTESIAN_POINT('Ctrl Pts',(45.662953910454,15.2836522272583,76.4904754215936));
#2512=CARTESIAN_POINT('Ctrl Pts',(45.1147115845372,15.4820675026924,75.4571277743673));
#2513=CARTESIAN_POINT('Ctrl Pts',(42.6952323321649,16.2584024864141,72.2521968486104));
#2514=CARTESIAN_POINT('Ctrl Pts',(37.1124672343353,18.4013555497215,67.7219382524457));
#2515=CARTESIAN_POINT('Ctrl Pts',(31.1056279717246,21.2328167569908,63.1337697003346));
#2516=CARTESIAN_POINT('Ctrl Pts',(26.766002887811,23.5137018510414,59.6637121024922));
#2517=CARTESIAN_POINT('Ctrl Pts',(23.4452097231559,25.4185433657664,56.777918844237));
#2518=CARTESIAN_POINT('Ctrl Pts',(19.6657829531211,27.6195834520317,53.3462326277109));
#2519=CARTESIAN_POINT('Ctrl Pts',(16.0542108076967,29.6710010074158,49.9811163563258));
#2520=CARTESIAN_POINT('Ctrl Pts',(11.442633217473,31.7978382656496,46.1532162702303));
#2521=CARTESIAN_POINT('Ctrl Pts',(7.50229943798308,33.2503790198029,43.3008149620498));
#2522=CARTESIAN_POINT('Ctrl Pts',(4.15252615928216,34.2719008020773,41.1011647892345));
#2523=CARTESIAN_POINT('Ctrl Pts',(0.608745673881278,35.2343704130465,38.8715589997439));
#2524=CARTESIAN_POINT('Ctrl Pts',(-5.75357186654142,36.71794647022,35.0191000960787));
#2525=CARTESIAN_POINT('Ctrl Pts',(-14.7093470051036,38.1477565292123,29.5242924835125));
#2526=CARTESIAN_POINT('Ctrl Pts',(-21.0268883370303,38.7031155783213,24.0544727484089));
#2527=CARTESIAN_POINT('Ctrl Pts',(-24.4142582645881,38.808949341355,19.6276370900249));
#2528=CARTESIAN_POINT('Ctrl Pts',(-26.3188658274475,38.7018166855185,15.7266140610047));
#2529=CARTESIAN_POINT('Ctrl Pts',(-26.7609714182057,38.3746525828688,11.9392334141406));
#2530=CARTESIAN_POINT('Ctrl Pts',(-26.4151409855109,37.9554317372709,8.41348859063523));
#2531=CARTESIAN_POINT('Ctrl Pts',(-25.7063813747429,37.5640838149022,5.67263849483051));
#2532=CARTESIAN_POINT('Ctrl Pts',(-24.4315947479456,37.0753617287247,2.80929766457643));
#2533=CARTESIAN_POINT('Ctrl Pts',(-23.5224688617885,36.7671609380692,1.15671311001822));
#2534=CARTESIAN_POINT('Ctrl Pts',(-23.0794210918229,36.6233525760245,0.413778986156255));
#2535=CARTESIAN_POINT('Ctrl Pts',(-22.8507363104684,36.5501654162088,0.0405097095661377));
#2536=CARTESIAN_POINT('Ctrl Pts',(-22.6557462509446,36.4885094224822,-0.270807438727626));
#2537=CARTESIAN_POINT('Ctrl Pts',(-22.4950044847055,36.4381133201257,-0.52236599448063));
#2538=CARTESIAN_POINT('Ctrl Pts',(-21.8523376567288,36.2397195066465,-1.50442325206804));
#2539=CARTESIAN_POINT('Ctrl Pts',(-20.7362970805195,35.8890643487971,-3.21823528368153));
#2540=CARTESIAN_POINT('Ctrl Pts',(-19.6331047871094,35.5289795121989,-4.93385296354818));
#2541=CARTESIAN_POINT('Ctrl Pts',(-19.0848343569609,35.3465599466749,-5.79169454638251));
#2542=CARTESIAN_POINT('Ctrl Pts',(46.4878224241389,15.7091925026335,76.4413370849901));
#2543=CARTESIAN_POINT('Ctrl Pts',(45.9636022792901,15.9127333500217,75.4169928184683));
#2544=CARTESIAN_POINT('Ctrl Pts',(43.6594449871567,16.7130642001754,72.2586018909445));
#2545=CARTESIAN_POINT('Ctrl Pts',(38.3998877854079,18.9133315963789,67.797012872218));
#2546=CARTESIAN_POINT('Ctrl Pts',(32.7706403807143,21.8130103055448,63.2415770292341));
#2547=CARTESIAN_POINT('Ctrl Pts',(28.7141325001343,24.1414398417921,59.7765378558942));
#2548=CARTESIAN_POINT('Ctrl Pts',(25.6169932250821,26.0784637891565,56.8737735879892));
#2549=CARTESIAN_POINT('Ctrl Pts',(22.095014969033,28.3090371622424,53.4005556444638));
#2550=CARTESIAN_POINT('Ctrl Pts',(18.7308114370671,30.3775626628387,49.9629642468747));
#2551=CARTESIAN_POINT('Ctrl Pts',(14.4247505507364,32.501251643108,46.0070987177174));
#2552=CARTESIAN_POINT('Ctrl Pts',(10.7369148355498,33.9331111802313,43.03886957521));
#2553=CARTESIAN_POINT('Ctrl Pts',(7.59665268560287,34.923555925287,40.7454309043296));
#2554=CARTESIAN_POINT('Ctrl Pts',(4.2717906847938,35.845256331706,38.4233422848608));
#2555=CARTESIAN_POINT('Ctrl Pts',(-1.70271889976087,37.2363842796982,34.4204527258592));
#2556=CARTESIAN_POINT('Ctrl Pts',(-10.1209025952407,38.4935571621221,28.7947027685386));
#2557=CARTESIAN_POINT('Ctrl Pts',(-16.0415014997468,38.8957151561047,23.3238348135267));
#2558=CARTESIAN_POINT('Ctrl Pts',(-19.1965802686473,38.8917006135356,18.9466386535326));
#2559=CARTESIAN_POINT('Ctrl Pts',(-20.9519465493528,38.6959047514284,15.1191687792616));
#2560=CARTESIAN_POINT('Ctrl Pts',(-21.3201816987939,38.2909951508453,11.4364065789094));
#2561=CARTESIAN_POINT('Ctrl Pts',(-20.9433510282193,37.8028360309582,8.02604738526848));
#2562=CARTESIAN_POINT('Ctrl Pts',(-20.2323863260253,37.3598573604428,5.38511925237161));
#2563=CARTESIAN_POINT('Ctrl Pts',(-18.9817676919662,36.8192366382934,2.6387958792306));
#2564=CARTESIAN_POINT('Ctrl Pts',(-18.0951831752743,36.4817270792132,1.05784884897295));
#2565=CARTESIAN_POINT('Ctrl Pts',(-17.6639697699189,36.3248482359664,0.347884966263042));
#2566=CARTESIAN_POINT('Ctrl Pts',(-17.4415359480445,36.2451410265389,-0.00856030487784538));
#2567=CARTESIAN_POINT('Ctrl Pts',(-17.2519619544637,36.1779870744977,-0.306111525860108));
#2568=CARTESIAN_POINT('Ctrl Pts',(-17.0957721711302,36.1233108720257,-0.545716916680461));
#2569=CARTESIAN_POINT('Ctrl Pts',(-16.4714955806057,35.9071231755625,-1.48644347800256));
#2570=CARTESIAN_POINT('Ctrl Pts',(-15.3880591977728,35.5256085623245,-3.12901682857295));
#2571=CARTESIAN_POINT('Ctrl Pts',(-14.3184897952374,35.1354503398491,-4.77314873725667));
#2572=CARTESIAN_POINT('Ctrl Pts',(-13.7872974194472,34.9381659340465,-5.59541517466746));
#2573=CARTESIAN_POINT('Ctrl Pts',(48.1846873488535,16.4786805976958,76.3401977859496));
#2574=CARTESIAN_POINT('Ctrl Pts',(47.7114819132801,16.6881043632261,75.3378457816232));
#2575=CARTESIAN_POINT('Ctrl Pts',(45.6424765273295,17.5231063399941,72.2778372006211));
#2576=CARTESIAN_POINT('Ctrl Pts',(41.0151711178774,19.8172232394493,67.952345223377));
#2577=CARTESIAN_POINT('Ctrl Pts',(36.115473770955,22.8255522461753,63.4603355044931));
#2578=CARTESIAN_POINT('Ctrl Pts',(32.6013649280948,25.2255999350808,60.0026071821232));
#2579=CARTESIAN_POINT('Ctrl Pts',(29.9291238662489,27.2051340934385,57.0626740914025));
#2580=CARTESIAN_POINT('Ctrl Pts',(26.8938463656697,29.4660882155491,53.5014397400568));
#2581=CARTESIAN_POINT('Ctrl Pts',(23.9953087120415,31.5362150883249,49.9125081767976));
#2582=CARTESIAN_POINT('Ctrl Pts',(20.2653666439173,33.6078501603832,45.6914872900097));
#2583=CARTESIAN_POINT('Ctrl Pts',(17.0542901831909,34.959515797621,42.4855516044013));
#2584=CARTESIAN_POINT('Ctrl Pts',(14.3091657944584,35.8568238980685,40.0043045106251));
#2585=CARTESIAN_POINT('Ctrl Pts',(11.3967992731608,36.6674447870607,37.4998697925852));
#2586=CARTESIAN_POINT('Ctrl Pts',(6.15150627494072,37.8274043442101,33.2109009727911));
#2587=CARTESIAN_POINT('Ctrl Pts',(-1.25787249030518,38.7144935929061,27.3472930062379));
#2588=CARTESIAN_POINT('Ctrl Pts',(-6.43646056990977,38.8058506944913,21.8666463324384));
#2589=CARTESIAN_POINT('Ctrl Pts',(-9.15922798300298,38.5757009153402,17.5775393015386));
#2590=CARTESIAN_POINT('Ctrl Pts',(-10.6383260263089,38.1951301907707,13.8874326116171));
#2591=CARTESIAN_POINT('Ctrl Pts',(-10.8739573494864,37.6266353899092,10.4099001650161));
#2592=CARTESIAN_POINT('Ctrl Pts',(-10.4459710478864,36.9944803709534,7.22953111966522));
#2593=CARTESIAN_POINT('Ctrl Pts',(-9.73714238153612,36.4441029131677,4.78961479238143));
#2594=CARTESIAN_POINT('Ctrl Pts',(-8.5393860569245,35.7966847651302,2.28047830504447));
#2595=CARTESIAN_POINT('Ctrl Pts',(-7.69974517685882,35.3992352357799,0.845225993003656));
#2596=CARTESIAN_POINT('Ctrl Pts',(-7.29288989946419,35.2157305616812,0.202395767777644));
#2597=CARTESIAN_POINT('Ctrl Pts',(-7.0832768491479,35.1227518327963,-0.119780338526967));
#2598=CARTESIAN_POINT('Ctrl Pts',(-6.90478684865352,35.0444181789472,-0.389270950344552));
#2599=CARTESIAN_POINT('Ctrl Pts',(-6.75788237330811,34.9810550642729,-0.604529802073303));
#2600=CARTESIAN_POINT('Ctrl Pts',(-6.17109389088313,34.7287171742041,-1.46084986111568));
#2601=CARTESIAN_POINT('Ctrl Pts',(-5.15354066950262,34.2847299495585,-2.9579267148065));
#2602=CARTESIAN_POINT('Ctrl Pts',(-4.15071964764269,33.834192885505,-4.45612458553999));
#2603=CARTESIAN_POINT('Ctrl Pts',(-3.65313223383578,33.607197614967,-5.20577536815373));
#2604=CARTESIAN_POINT('Ctrl Pts',(50.841456992553,17.388599211308,76.1907762438408));
#2605=CARTESIAN_POINT('Ctrl Pts',(50.4485839158875,17.5965908453877,75.2321805571728));
#2606=CARTESIAN_POINT('Ctrl Pts',(48.7304236711035,18.4509440538797,72.3318534863546));
#2607=CARTESIAN_POINT('Ctrl Pts',(44.9809549456303,20.8436165032693,68.1932389061828));
#2608=CARTESIAN_POINT('Ctrl Pts',(41.0608483764546,23.9569473033906,63.7824819919802));
#2609=CARTESIAN_POINT('Ctrl Pts',(38.2579369311199,26.4136721781736,60.3259668411459));
#2610=CARTESIAN_POINT('Ctrl Pts',(36.1274798262248,28.4080991522788,57.3244811450211));
#2611=CARTESIAN_POINT('Ctrl Pts',(33.7000487514255,30.6485709581218,53.628647470214));
#2612=CARTESIAN_POINT('Ctrl Pts',(31.3680652327851,32.6420842065841,49.8188561202805));
#2613=CARTESIAN_POINT('Ctrl Pts',(28.331445108148,34.5229291972622,45.2403175610365));
#2614=CARTESIAN_POINT('Ctrl Pts',(25.6960340463264,35.6680907116606,41.7352371087658));
#2615=CARTESIAN_POINT('Ctrl Pts',(23.4319693451879,36.3742117803421,39.0289900043855));
#2616=CARTESIAN_POINT('Ctrl Pts',(21.025036859421,36.97939850453,36.3069316554591));
#2617=CARTESIAN_POINT('Ctrl Pts',(16.6807275003322,37.763775543941,31.6790488119231));
#2618=CARTESIAN_POINT('Ctrl Pts',(10.5387411536389,38.1308660426409,25.466237680467));
#2619=CARTESIAN_POINT('Ctrl Pts',(6.28060591172893,37.7585190827727,19.8793162543879));
#2620=CARTESIAN_POINT('Ctrl Pts',(4.07667885521709,37.1779097743238,15.6438882670193));
#2621=CARTESIAN_POINT('Ctrl Pts',(2.91484078706581,36.5070573382135,12.086853489471));
#2622=CARTESIAN_POINT('Ctrl Pts',(2.80919704677974,35.6806320429953,8.85101700216232));
#2623=CARTESIAN_POINT('Ctrl Pts',(3.26535702776098,34.823940452728,5.95940299438688));
#2624=CARTESIAN_POINT('Ctrl Pts',(3.94237170714291,34.1080890452485,3.7815995237146));
#2625=CARTESIAN_POINT('Ctrl Pts',(5.04271820264072,33.300117788609,1.59404562465392));
#2626=CARTESIAN_POINT('Ctrl Pts',(5.80530532615481,32.814023516871,0.360233123205043));
#2627=CARTESIAN_POINT('Ctrl Pts',(6.17339425752219,32.5914642671877,-0.188908271653484));
#2628=CARTESIAN_POINT('Ctrl Pts',(6.36280263964974,32.479047087669,-0.463412184338365));
#2629=CARTESIAN_POINT('Ctrl Pts',(6.52389874856939,32.3844516897154,-0.692879028769841));
#2630=CARTESIAN_POINT('Ctrl Pts',(6.65642812893978,32.3083344171633,-0.87524417411579));
#2631=CARTESIAN_POINT('Ctrl Pts',(7.18477805712907,32.0041892373717,-1.6037199317325));
#2632=CARTESIAN_POINT('Ctrl Pts',(8.10146307872815,31.4712066919687,-2.87807615243388));
#2633=CARTESIAN_POINT('Ctrl Pts',(9.00610376122851,30.9354610397273,-4.15370585322687));
#2634=CARTESIAN_POINT('Ctrl Pts',(9.45526856209778,30.6668140408817,-4.79223059095684));
#2635=CARTESIAN_POINT('Ctrl Pts',(53.5804864227309,18.0605903737255,76.0552786605309));
#2636=CARTESIAN_POINT('Ctrl Pts',(53.2675619044814,18.2606190592253,75.1488947155615));
#2637=CARTESIAN_POINT('Ctrl Pts',(51.8903863051712,19.1116022968538,72.4158237926724));
#2638=CARTESIAN_POINT('Ctrl Pts',(48.9709299246642,21.5872727320526,68.4377769163279));
#2639=CARTESIAN_POINT('Ctrl Pts',(45.9653579656934,24.7927380950547,64.0903462077985));
#2640=CARTESIAN_POINT('Ctrl Pts',(43.8199555646122,27.2965052512816,60.6269134027412));
#2641=CARTESIAN_POINT('Ctrl Pts',(42.1836218586229,29.2975605669284,57.5654400291934));
#2642=CARTESIAN_POINT('Ctrl Pts',(40.3033457838016,31.5073678634438,53.7479917842619));
#2643=CARTESIAN_POINT('Ctrl Pts',(38.470468828546,33.4126947023301,49.7505528494949));
#2644=CARTESIAN_POINT('Ctrl Pts',(36.0355876082581,35.1018912652132,44.8945219186251));
#2645=CARTESIAN_POINT('Ctrl Pts',(33.9023390667006,36.0602756742205,41.1671354244997));
#2646=CARTESIAN_POINT('Ctrl Pts',(32.0631703619432,36.6066804784073,38.2900656656508));
#2647=CARTESIAN_POINT('Ctrl Pts',(30.1057212836354,37.0448964276795,35.3969153507598));
#2648=CARTESIAN_POINT('Ctrl Pts',(26.5696133316052,37.5338118178454,30.4833934865601));
#2649=CARTESIAN_POINT('Ctrl Pts',(21.5693953890439,37.4805472023562,23.9161315278697));
#2650=CARTESIAN_POINT('Ctrl Pts',(18.11656226288,36.7016520991857,18.1617880116578));
#2651=CARTESIAN_POINT('Ctrl Pts',(16.3485095656651,35.8000125370538,13.905425954781));
#2652=CARTESIAN_POINT('Ctrl Pts',(15.4375082519479,34.8521762779311,10.4024295902556));
#2653=CARTESIAN_POINT('Ctrl Pts',(15.4061389813213,33.7695932191545,7.31556679026959));
#2654=CARTESIAN_POINT('Ctrl Pts',(15.8447873744643,32.687035406239,4.61711307663918));
#2655=CARTESIAN_POINT('Ctrl Pts',(16.4586273405693,31.8039784145213,2.62168725700472));
#2656=CARTESIAN_POINT('Ctrl Pts',(17.4362958092328,30.8362087787789,0.667410932105461));
#2657=CARTESIAN_POINT('Ctrl Pts',(18.1105419618673,30.2637813162492,-0.41694470817833));
#2658=CARTESIAN_POINT('Ctrl Pts',(18.4355538478503,30.0037664352508,-0.895451212945899));
#2659=CARTESIAN_POINT('Ctrl Pts',(18.6026757397214,29.872597906609,-1.13459184745836));
#2660=CARTESIAN_POINT('Ctrl Pts',(18.7449205313391,29.7630406740764,-1.33204770916941));
#2661=CARTESIAN_POINT('Ctrl Pts',(18.8616004239431,29.6739089582464,-1.49258616759061));
#2662=CARTESIAN_POINT('Ctrl Pts',(19.3289399210642,29.3274614593169,-2.10174619888746));
#2663=CARTESIAN_POINT('Ctrl Pts',(20.1420200072268,28.7230649875633,-3.16244725754145));
#2664=CARTESIAN_POINT('Ctrl Pts',(20.9481682049557,28.1178081136552,-4.22525327393887));
#2665=CARTESIAN_POINT('Ctrl Pts',(21.3494698850301,27.8152316576167,-4.75638717813079));
#2666=CARTESIAN_POINT('Ctrl Pts',(56.3742415564907,18.5058637880456,75.94492784606));
#2667=CARTESIAN_POINT('Ctrl Pts',(56.1372414971621,18.6946965482197,75.0971965600054));
#2668=CARTESIAN_POINT('Ctrl Pts',(55.0880506315655,19.5302789792944,72.5300142987944));
#2669=CARTESIAN_POINT('Ctrl Pts',(52.9738751946023,22.0973442444718,68.6743239355257));
#2670=CARTESIAN_POINT('Ctrl Pts',(50.8687504665522,25.4186267817513,64.3661115767865));
#2671=CARTESIAN_POINT('Ctrl Pts',(49.3815115958975,27.9946170278712,60.8848037608238));
#2672=CARTESIAN_POINT('Ctrl Pts',(48.2507381085675,30.0303936779112,57.7641993205963));
#2673=CARTESIAN_POINT('Ctrl Pts',(46.939576480455,32.2504315967986,53.8358975063268));
#2674=CARTESIAN_POINT('Ctrl Pts',(45.6364534015506,34.1194718702206,49.6769559667105));
#2675=CARTESIAN_POINT('Ctrl Pts',(43.8402637982166,35.700239364595,44.5861372394969));
#2676=CARTESIAN_POINT('Ctrl Pts',(42.2317552854108,36.5469942682715,40.6667027205992));
#2677=CARTESIAN_POINT('Ctrl Pts',(40.8281620784127,36.994927141994,37.6381896251066));
#2678=CARTESIAN_POINT('Ctrl Pts',(39.3262044469327,37.3285385454175,34.5918674075868));
#2679=CARTESIAN_POINT('Ctrl Pts',(36.5973704390002,37.627354802364,29.41952111201));
#2680=CARTESIAN_POINT('Ctrl Pts',(32.7102020372841,37.2909611605713,22.5319013548775));
#2681=CARTESIAN_POINT('Ctrl Pts',(30.0354043552538,36.2143203561108,16.6190558327354));
#2682=CARTESIAN_POINT('Ctrl Pts',(28.6871249851993,35.0595734210465,12.3315973150111));
#2683=CARTESIAN_POINT('Ctrl Pts',(28.0158836867683,33.8810829256129,8.86240387189445));
#2684=CARTESIAN_POINT('Ctrl Pts',(28.0509005651282,32.5645344407732,5.88944482401487));
#2685=CARTESIAN_POINT('Ctrl Pts',(28.4635315877545,31.2615032041783,3.34224514085932));
#2686=CARTESIAN_POINT('Ctrl Pts',(29.0064129979906,30.2063033738861,1.49058993220528));
#2687=CARTESIAN_POINT('Ctrl Pts',(29.8498789959674,29.0622738728769,-0.281014949527015));
#2688=CARTESIAN_POINT('Ctrl Pts',(30.4277168376625,28.3905484009844,-1.24979568518685));
#2689=CARTESIAN_POINT('Ctrl Pts',(30.7057414904488,28.0869001799477,-1.67384790368048));
#2690=CARTESIAN_POINT('Ctrl Pts',(30.848549452344,27.9332793279551,-1.88611947051561));
#2691=CARTESIAN_POINT('Ctrl Pts',(30.9702517523834,27.8071498656507,-2.05828723097051));
#2692=CARTESIAN_POINT('Ctrl Pts',(31.0696169212101,27.7004967844995,-2.20355444668053));
#2693=CARTESIAN_POINT('Ctrl Pts',(31.4706448043208,27.3177165175692,-2.71187885250314));
#2694=CARTESIAN_POINT('Ctrl Pts',(32.1707787240243,26.6554955128939,-3.59004595425957));
#2695=CARTESIAN_POINT('Ctrl Pts',(32.86885269682,25.9921161760512,-4.47127047666353));
#2696=CARTESIAN_POINT('Ctrl Pts',(33.2174843530417,25.6616003035823,-4.91031318269557));
#2697=CARTESIAN_POINT('Ctrl Pts',(60.1387448846274,18.8164852126555,75.8438926545344));
#2698=CARTESIAN_POINT('Ctrl Pts',(59.9931159818975,18.9903157743387,75.0766255691465));
#2699=CARTESIAN_POINT('Ctrl Pts',(59.3600788935097,19.8018295966396,72.7049814351436));
#2700=CARTESIAN_POINT('Ctrl Pts',(58.2795001510241,22.5096749456305,68.9464254068895));
#2701=CARTESIAN_POINT('Ctrl Pts',(57.3542735647598,26.0193385923204,64.6498311138195));
#2702=CARTESIAN_POINT('Ctrl Pts',(56.7544928544404,28.728909785125,61.1243896510309));
#2703=CARTESIAN_POINT('Ctrl Pts',(56.3306686207842,30.8546035401192,57.9210460316975));
#2704=CARTESIAN_POINT('Ctrl Pts',(55.8372605668034,33.1536684361144,53.8508083908011));
#2705=CARTESIAN_POINT('Ctrl Pts',(55.3204393307169,35.0585596026668,49.4967571516705));
#2706=CARTESIAN_POINT('Ctrl Pts',(54.4688780723129,36.6188189585378,44.124547770261));
#2707=CARTESIAN_POINT('Ctrl Pts',(53.6146271742779,37.4205480888246,39.973671669799));
#2708=CARTESIAN_POINT('Ctrl Pts',(52.81834342429,37.819582031621,36.7629282001365));
#2709=CARTESIAN_POINT('Ctrl Pts',(51.9403695641303,38.096799496924,33.5340693805879));
#2710=CARTESIAN_POINT('Ctrl Pts',(50.2937261729498,38.2830142177036,28.0571202482216));
#2711=CARTESIAN_POINT('Ctrl Pts',(47.8453253999304,37.7523514541959,20.8193143308209));
#2712=CARTESIAN_POINT('Ctrl Pts',(46.1669980428567,36.4420143156175,14.7621181428822));
#2713=CARTESIAN_POINT('Ctrl Pts',(45.3631237092349,35.0686186104499,10.4671868749199));
#2714=CARTESIAN_POINT('Ctrl Pts',(45.0093197432585,33.6756677036891,7.06038580251727));
#2715=CARTESIAN_POINT('Ctrl Pts',(45.1446834731533,32.117337458664,4.24050838669392));
#2716=CARTESIAN_POINT('Ctrl Pts',(45.5386839686585,30.5698687277631,1.89107044742031));
#2717=CARTESIAN_POINT('Ctrl Pts',(46.0018918989693,29.3138569652844,0.225787298698006));
#2718=CARTESIAN_POINT('Ctrl Pts',(46.681926674236,27.9492757684619,-1.30912394605447));
#2719=CARTESIAN_POINT('Ctrl Pts',(47.1391405910341,27.1472739843932,-2.12812994856687));
#2720=CARTESIAN_POINT('Ctrl Pts',(47.3576647685388,26.785130041418,-2.48195688571299));
#2721=CARTESIAN_POINT('Ctrl Pts',(47.4697163766084,26.6009531141913,-2.65908909932088));
#2722=CARTESIAN_POINT('Ctrl Pts',(47.5649025583735,26.4526779893375,-2.79982088356348));
#2723=CARTESIAN_POINT('Ctrl Pts',(47.6427898742946,26.3211590612503,-2.92315399378605));
#2724=CARTESIAN_POINT('Ctrl Pts',(47.9543693512916,25.8933941728976,-3.31690303365358));
#2725=CARTESIAN_POINT('Ctrl Pts',(48.4991862929283,25.1603566560121,-3.99113146081215));
#2726=CARTESIAN_POINT('Ctrl Pts',(49.0451473697763,24.4230029402253,-4.67009154857385));
#2727=CARTESIAN_POINT('Ctrl Pts',(49.3184572636398,24.0567130617717,-5.00734348790107));
#2728=CARTESIAN_POINT('Ctrl Pts',(62.9725419008169,18.7547464979898,75.8304295471913));
#2729=CARTESIAN_POINT('Ctrl Pts',(62.8801483173826,18.9220086778471,75.1102198442201));
#2730=CARTESIAN_POINT('Ctrl Pts',(62.5230503842525,19.7249426766313,72.8183427007331));
#2731=CARTESIAN_POINT('Ctrl Pts',(62.1180864650529,22.5321754951557,69.0537192228006));
#2732=CARTESIAN_POINT('Ctrl Pts',(61.9746075953254,26.1691337391016,64.7161640907796));
#2733=CARTESIAN_POINT('Ctrl Pts',(61.9865429698262,28.9764742566189,61.1338180307206));
#2734=CARTESIAN_POINT('Ctrl Pts',(62.0727912567935,31.1796953637623,57.8634928608825));
#2735=CARTESIAN_POINT('Ctrl Pts',(62.1875817702578,33.5647989395432,53.6935566053038));
#2736=CARTESIAN_POINT('Ctrl Pts',(62.2731317904042,35.5441342075363,49.2164109236114));
#2737=CARTESIAN_POINT('Ctrl Pts',(62.1309311123255,37.1710824654391,43.6769089730932));
#2738=CARTESIAN_POINT('Ctrl Pts',(61.8179436179042,38.011572545715,39.3936179527806));
#2739=CARTESIAN_POINT('Ctrl Pts',(61.4377982229284,38.4335413166615,36.0828882977578));
#2740=CARTESIAN_POINT('Ctrl Pts',(60.9756774244636,38.7299753992011,32.7572930934974));
#2741=CARTESIAN_POINT('Ctrl Pts',(60.0247314710517,38.9397060861821,27.1273834899446));
#2742=CARTESIAN_POINT('Ctrl Pts',(58.4407379090925,38.4168488309702,19.7434815310758));
#2743=CARTESIAN_POINT('Ctrl Pts',(57.3352596564782,37.0807959731974,13.6644348280741));
#2744=CARTESIAN_POINT('Ctrl Pts',(56.8369012541429,35.6635350416319,9.40858657706961));
#2745=CARTESIAN_POINT('Ctrl Pts',(56.6545584244082,34.2146200769843,6.06992412061735));
#2746=CARTESIAN_POINT('Ctrl Pts',(56.8320863791101,32.5713390336432,3.3599767176177));
#2747=CARTESIAN_POINT('Ctrl Pts',(57.1971818914861,30.9240137144454,1.14231866146378));
#2748=CARTESIAN_POINT('Ctrl Pts',(57.5981367287393,29.5784451962822,-0.402087111628782));
#2749=CARTESIAN_POINT('Ctrl Pts',(58.1629609579064,28.1066143262731,-1.78378582191993));
#2750=CARTESIAN_POINT('Ctrl Pts',(58.5369014857024,27.2386903245301,-2.50484536413211));
#2751=CARTESIAN_POINT('Ctrl Pts',(58.71454905574,26.846484103965,-2.81269313279047));
#2752=CARTESIAN_POINT('Ctrl Pts',(58.8055554854274,26.6464210723016,-2.96640219293822));
#2753=CARTESIAN_POINT('Ctrl Pts',(58.8824675049756,26.4868648440313,-3.08727972792326));
#2754=CARTESIAN_POINT('Ctrl Pts',(58.9458764098103,26.3419509868349,-3.19454395063366));
#2755=CARTESIAN_POINT('Ctrl Pts',(59.194849112806,25.8933596666035,-3.52351554161299));
#2756=CARTESIAN_POINT('Ctrl Pts',(59.6296025529707,25.1275741591691,-4.08479044287422));
#2757=CARTESIAN_POINT('Ctrl Pts',(60.0656437323591,24.3533890540063,-4.65147666936011));
#2758=CARTESIAN_POINT('Ctrl Pts',(60.283856426656,23.9688667046788,-4.93274174764322));
#2759=CARTESIAN_POINT('Ctrl Pts',(65.5406324247068,18.5452130050367,75.8596757170048));
#2760=CARTESIAN_POINT('Ctrl Pts',(65.4986279927338,18.7152090226232,75.1466435199346));
#2761=CARTESIAN_POINT('Ctrl Pts',(65.415232400676,19.5362530871355,72.8388795182562));
#2762=CARTESIAN_POINT('Ctrl Pts',(65.5801281711963,22.3687559101987,69.019853535555));
#2763=CARTESIAN_POINT('Ctrl Pts',(66.063026422356,26.0062544970712,64.6162781920088));
#2764=CARTESIAN_POINT('Ctrl Pts',(66.5700572307195,28.8116714061963,60.97841308788));
#2765=CARTESIAN_POINT('Ctrl Pts',(67.0750482385953,31.0179728876615,57.6563239960243));
#2766=CARTESIAN_POINT('Ctrl Pts',(67.6920995305188,33.415560513828,53.4152825637876));
#2767=CARTESIAN_POINT('Ctrl Pts',(68.2724752906694,35.4181978953434,48.8517313322853));
#2768=CARTESIAN_POINT('Ctrl Pts',(68.684911218059,37.0742286495705,43.1954707837969));
#2769=CARTESIAN_POINT('Ctrl Pts',(68.7707959169507,37.9323381275644,38.8253877371547));
#2770=CARTESIAN_POINT('Ctrl Pts',(68.6810108131962,38.3647170770495,35.4551848304447));
#2771=CARTESIAN_POINT('Ctrl Pts',(68.4994233659451,38.6698100057549,32.0765018828213));
#2772=CARTESIAN_POINT('Ctrl Pts',(67.9963422488821,38.8906960021661,26.3739452934679));
#2773=CARTESIAN_POINT('Ctrl Pts',(66.9146003327258,38.3763537464734,18.9570060512562));
#2774=CARTESIAN_POINT('Ctrl Pts',(66.1009097125607,37.0488584308479,12.9290888399316));
#2775=CARTESIAN_POINT('Ctrl Pts',(65.7323320446436,35.6376469476543,8.74446776932646));
#2776=CARTESIAN_POINT('Ctrl Pts',(65.5970404154177,34.1917482425198,5.48398864393154));
#2777=CARTESIAN_POINT('Ctrl Pts',(65.7306984116118,32.5415481435013,2.863580029737));
#2778=CARTESIAN_POINT('Ctrl Pts',(66.0025524080124,30.875462731348,0.736508272100491));
#2779=CARTESIAN_POINT('Ctrl Pts',(66.3003053812112,29.5070504919415,-0.732543544295333));
#2780=CARTESIAN_POINT('Ctrl Pts',(66.7176313799541,27.9981306601401,-2.0264447771365));
#2781=CARTESIAN_POINT('Ctrl Pts',(66.9931306145177,27.1039765207281,-2.69277443943884));
#2782=CARTESIAN_POINT('Ctrl Pts',(67.1238757126096,26.6992282346122,-2.97509692427816));
#2783=CARTESIAN_POINT('Ctrl Pts',(67.1907479052974,26.492250246219,-3.1158776043642));
#2784=CARTESIAN_POINT('Ctrl Pts',(67.2474957373952,26.3281791632151,-3.22563070170111));
#2785=CARTESIAN_POINT('Ctrl Pts',(67.2937419282219,26.1767168776008,-3.32427717962732));
#2786=CARTESIAN_POINT('Ctrl Pts',(67.4791887464759,25.723302317376,-3.61565325079872));
#2787=CARTESIAN_POINT('Ctrl Pts',(67.803404316141,24.9520592470042,-4.11107315747747));
#2788=CARTESIAN_POINT('Ctrl Pts',(68.1280586577557,24.1709188803686,-4.61265465333021));
#2789=CARTESIAN_POINT('Ctrl Pts',(68.2905738177838,23.7833506755251,-4.86142700133439));
#2790=CARTESIAN_POINT('Ctrl Pts',(66.6498354301399,18.4393394841956,75.8609945479994));
#2791=CARTESIAN_POINT('Ctrl Pts',(66.6338330892105,18.6100462296411,75.1371628491528));
#2792=CARTESIAN_POINT('Ctrl Pts',(66.6670769712351,19.4315932208117,72.7986515797433));
#2793=CARTESIAN_POINT('Ctrl Pts',(67.0453748307619,22.2247010611627,68.9459059621638));
#2794=CARTESIAN_POINT('Ctrl Pts',(67.7531449207242,25.804081993134,64.5122336344094));
#2795=CARTESIAN_POINT('Ctrl Pts',(68.4335138967279,28.5654799241839,60.8579913145972));
#2796=CARTESIAN_POINT('Ctrl Pts',(69.0818662884641,30.74130165728,57.5272835753071));
#2797=CARTESIAN_POINT('Ctrl Pts',(69.86744048093,33.1125225702192,53.2787286371364));
#2798=CARTESIAN_POINT('Ctrl Pts',(70.608461137002,35.1044253063383,48.7082935501069));
#2799=CARTESIAN_POINT('Ctrl Pts',(71.1898497880418,36.7660751472252,43.0388858246556));
#2800=CARTESIAN_POINT('Ctrl Pts',(71.3905847071602,37.6342368769292,38.6575570113844));
#2801=CARTESIAN_POINT('Ctrl Pts',(71.3810136529861,38.0761743604301,35.2803637809034));
#2802=CARTESIAN_POINT('Ctrl Pts',(71.275226520634,38.3915725024547,31.8966738604509));
#2803=CARTESIAN_POINT('Ctrl Pts',(70.8892694906959,38.6316340982765,26.1912238978219));
#2804=CARTESIAN_POINT('Ctrl Pts',(69.9302302969118,38.1479490558407,18.7916330710577));
#2805=CARTESIAN_POINT('Ctrl Pts',(69.1743483624557,36.8581850316306,12.8000658325751));
#2806=CARTESIAN_POINT('Ctrl Pts',(68.8179918685857,35.4817250440342,8.64772467587679));
#2807=CARTESIAN_POINT('Ctrl Pts',(68.6711070630617,34.0686782413576,5.41551181504586));
#2808=CARTESIAN_POINT('Ctrl Pts',(68.7622743396513,32.4504095333461,2.81750453685704));
#2809=CARTESIAN_POINT('Ctrl Pts',(68.975726304535,30.8099038664564,0.706659781545337));
#2810=CARTESIAN_POINT('Ctrl Pts',(69.2170787678054,29.4579992344799,-0.752309467487823));
#2811=CARTESIAN_POINT('Ctrl Pts',(69.5618291062635,27.9596228679866,-2.03756388024672));
#2812=CARTESIAN_POINT('Ctrl Pts',(69.7911193897455,27.0691297139139,-2.69884498382961));
#2813=CARTESIAN_POINT('Ctrl Pts',(69.9002407028856,26.6656054719063,-2.97884410986291));
#2814=CARTESIAN_POINT('Ctrl Pts',(69.9560563056393,26.4590874476721,-3.11846774402202));
#2815=CARTESIAN_POINT('Ctrl Pts',(70.0036115830201,26.2955709605412,-3.22714985350445));
#2816=CARTESIAN_POINT('Ctrl Pts',(70.0420659018546,26.1440542357427,-3.32512668483955));
#2817=CARTESIAN_POINT('Ctrl Pts',(70.1988600854533,25.6937078453808,-3.61228655300908));
#2818=CARTESIAN_POINT('Ctrl Pts',(70.4731995646075,24.9283141686934,-4.10023560907342));
#2819=CARTESIAN_POINT('Ctrl Pts',(70.7473879640782,24.1528418839457,-4.59473363251349));
#2820=CARTESIAN_POINT('Ctrl Pts',(70.884581006986,23.7681905486084,-4.84001738500222));
#2821=CARTESIAN_POINT('Ctrl Pts',(69.330369622467,18.0680457715295,75.8529842163439));
#2822=CARTESIAN_POINT('Ctrl Pts',(69.3653915585572,18.239501647602,75.0850593026757));
#2823=CARTESIAN_POINT('Ctrl Pts',(69.6071855798197,19.0507514353852,72.636334374226));
#2824=CARTESIAN_POINT('Ctrl Pts',(70.3797775031,21.6901533181856,68.6868430206452));
#2825=CARTESIAN_POINT('Ctrl Pts',(71.5092090488238,25.0618813162215,64.1763997428877));
#2826=CARTESIAN_POINT('Ctrl Pts',(72.5090197929306,27.6670758439435,60.4864921220689));
#2827=CARTESIAN_POINT('Ctrl Pts',(73.4159920422031,29.7290961142497,57.1452507010645));
#2828=CARTESIAN_POINT('Ctrl Pts',(74.4997688253023,31.9900779030082,52.9001630034702));
#2829=CARTESIAN_POINT('Ctrl Pts',(75.5181087015277,33.9125425973227,48.3495220627467));
#2830=CARTESIAN_POINT('Ctrl Pts',(76.3824186580345,35.5505443825131,42.7107363397547));
#2831=CARTESIAN_POINT('Ctrl Pts',(76.7707950253666,36.4260036347439,38.3547884339427));
#2832=CARTESIAN_POINT('Ctrl Pts',(76.8897070715241,36.8847638941966,35.0003645642263));
#2833=CARTESIAN_POINT('Ctrl Pts',(76.903929745536,37.2225495727546,31.6425686521282));
#2834=CARTESIAN_POINT('Ctrl Pts',(76.6998382275093,37.5130150896894,25.9890156547949));
#2835=CARTESIAN_POINT('Ctrl Pts',(75.9214671117512,37.1290849135577,18.68553366493));
#2836=CARTESIAN_POINT('Ctrl Pts',(75.2302855983515,35.9713779192304,12.7942653536285));
#2837=CARTESIAN_POINT('Ctrl Pts',(74.8637458918842,34.7191372646825,8.71327013448303));
#2838=CARTESIAN_POINT('Ctrl Pts',(74.6675808208358,33.4262165463883,5.53414479426929));
#2839=CARTESIAN_POINT('Ctrl Pts',(74.6541193885009,31.9355103514633,2.96489864752692));
#2840=CARTESIAN_POINT('Ctrl Pts',(74.7344361653381,30.4131573272042,0.861674839295762));
#2841=CARTESIAN_POINT('Ctrl Pts',(74.8508775079386,29.1507530297201,-0.603151879876366));
#2842=CARTESIAN_POINT('Ctrl Pts',(75.036730201156,27.7358834012333,-1.90955220876724));
#2843=CARTESIAN_POINT('Ctrl Pts',(75.1648129955297,26.8886271591884,-2.5870630095797));
#2844=CARTESIAN_POINT('Ctrl Pts',(75.2266125446069,26.50343606337,-2.87500378010259));
#2845=CARTESIAN_POINT('Ctrl Pts',(75.2581520036127,26.3059862233479,-3.01884208722004));
#2846=CARTESIAN_POINT('Ctrl Pts',(75.2857420582854,26.149678538014,-3.13073788705422));
#2847=CARTESIAN_POINT('Ctrl Pts',(75.3068236585963,26.0043218572655,-3.2321464390229));
#2848=CARTESIAN_POINT('Ctrl Pts',(75.402975210771,25.5741317966944,-3.52703678091568));
#2849=CARTESIAN_POINT('Ctrl Pts',(75.5720531942,24.8430197368,-4.02758524495167));
#2850=CARTESIAN_POINT('Ctrl Pts',(75.7392101144309,24.1013131332895,-4.53495421627644));
#2851=CARTESIAN_POINT('Ctrl Pts',(75.8227327772568,23.7332525322316,-4.78651263764595));
#2852=CARTESIAN_POINT('Ctrl Pts',(72.8328269019418,17.4288336348264,75.8334880734617));
#2853=CARTESIAN_POINT('Ctrl Pts',(72.9249438356797,17.5992929097243,74.9905120884555));
#2854=CARTESIAN_POINT('Ctrl Pts',(73.3821965729875,18.3841242728349,72.3593866854578));
#2855=CARTESIAN_POINT('Ctrl Pts',(74.5639764568401,20.7671228050032,68.2688084519818));
#2856=CARTESIAN_POINT('Ctrl Pts',(76.1241094195998,23.8016617560307,63.6566612338566));
#2857=CARTESIAN_POINT('Ctrl Pts',(77.4385871999729,26.1545240567036,59.9250179393861));
#2858=CARTESIAN_POINT('Ctrl Pts',(78.5889682071275,28.0291691175632,56.5796036853488));
#2859=CARTESIAN_POINT('Ctrl Pts',(79.9428056871845,30.100839932903,52.3581183650998));
#2860=CARTESIAN_POINT('Ctrl Pts',(81.199122104294,31.8882475206094,47.8654394728571));
#2861=CARTESIAN_POINT('Ctrl Pts',(82.2927504641113,33.4527725252557,42.3255532685169));
#2862=CARTESIAN_POINT('Ctrl Pts',(82.8271354117084,34.315376869444,38.0547308835472));
#2863=CARTESIAN_POINT('Ctrl Pts',(83.043023425077,34.7856176560908,34.7702672677002));
#2864=CARTESIAN_POINT('Ctrl Pts',(83.1462247518684,35.1460511774132,31.4852465140437));
#2865=CARTESIAN_POINT('Ctrl Pts',(83.0727234595937,35.4999639924959,25.9607008055659));
#2866=CARTESIAN_POINT('Ctrl Pts',(82.4115253054291,35.2655100722747,18.8401295051305));
#2867=CARTESIAN_POINT('Ctrl Pts',(81.730479544381,34.3176331480841,13.0942298555522));
#2868=CARTESIAN_POINT('Ctrl Pts',(81.3128335632587,33.2662804451918,9.10145059714148));
#2869=CARTESIAN_POINT('Ctrl Pts',(81.033646358865,32.1705308510835,5.97826289835102));
#2870=CARTESIAN_POINT('Ctrl Pts',(80.8853078775408,30.8988355340124,3.42388575414346));
#2871=CARTESIAN_POINT('Ctrl Pts',(80.8030698139618,29.5916817385714,1.30122847636962));
#2872=CARTESIAN_POINT('Ctrl Pts',(80.7698870595633,28.5010777919687,-0.200387342174601));
#2873=CARTESIAN_POINT('Ctrl Pts',(80.7647182939571,27.2602792469077,-1.57785828181288));
#2874=CARTESIAN_POINT('Ctrl Pts',(80.7698716960316,26.507531485742,-2.30703228360963));
#2875=CARTESIAN_POINT('Ctrl Pts',(80.7740288479119,26.1630963779789,-2.62001414749585));
#2876=CARTESIAN_POINT('Ctrl Pts',(80.7758375590265,25.986149623183,-2.77699567081314));
#2877=CARTESIAN_POINT('Ctrl Pts',(80.7792725346265,25.8455956346815,-2.89936127887018));
#2878=CARTESIAN_POINT('Ctrl Pts',(80.7786468846994,25.7151007361812,-3.01085404536677));
#2879=CARTESIAN_POINT('Ctrl Pts',(80.8036142882877,25.3245803425509,-3.33485602210382));
#2880=CARTESIAN_POINT('Ctrl Pts',(80.8495671594292,24.6590219195149,-3.88419354699213));
#2881=CARTESIAN_POINT('Ctrl Pts',(80.890852323188,23.9817172500404,-4.439843433008));
#2882=CARTESIAN_POINT('Ctrl Pts',(80.9113857876596,23.6448262669486,-4.71492009942797));
#2883=CARTESIAN_POINT('Ctrl Pts',(78.3292206738674,15.8281451269424,75.8118965059056));
#2884=CARTESIAN_POINT('Ctrl Pts',(78.5025533627672,15.9859361542898,74.8400344426219));
#2885=CARTESIAN_POINT('Ctrl Pts',(79.2529018148613,16.6793850928856,71.8736693704435));
#2886=CARTESIAN_POINT('Ctrl Pts',(80.9692022283989,18.5774938022901,67.5239216045297));
#2887=CARTESIAN_POINT('Ctrl Pts',(83.0630184150568,20.9851000001371,62.7527255379202));
#2888=CARTESIAN_POINT('Ctrl Pts',(84.7449653763131,22.8693213511705,58.9629919970115));
#2889=CARTESIAN_POINT('Ctrl Pts',(86.1561752951277,24.3918362147089,55.6230530880211));
#2890=CARTESIAN_POINT('Ctrl Pts',(87.7759582410055,26.0985409406103,51.457854593044));
#2891=CARTESIAN_POINT('Ctrl Pts',(89.2335028015968,27.6064373181855,47.0850958665397));
#2892=CARTESIAN_POINT('Ctrl Pts',(90.4817253929022,28.9775357634585,41.7562561100016));
#2893=CARTESIAN_POINT('Ctrl Pts',(91.0965829349387,29.7654673521242,37.673422336085));
#2894=CARTESIAN_POINT('Ctrl Pts',(91.3579709700747,30.2168401450095,34.543996549646));
#2895=CARTESIAN_POINT('Ctrl Pts',(91.4990752276762,30.5793850430182,31.4187559844166));
#2896=CARTESIAN_POINT('Ctrl Pts',(91.4712233783215,30.9845544141457,26.1715631998048));
#2897=CARTESIAN_POINT('Ctrl Pts',(90.8244271218648,30.9462700218156,19.4138064760939));
#2898=CARTESIAN_POINT('Ctrl Pts',(90.0675867576974,30.3176141287833,13.9105994009671));
#2899=CARTESIAN_POINT('Ctrl Pts',(89.5362996551705,29.5806702599652,10.045819029948));
#2900=CARTESIAN_POINT('Ctrl Pts',(89.1254113455112,28.7979120554585,6.99222549300176));
#2901=CARTESIAN_POINT('Ctrl Pts',(88.8098768238858,27.8832098958764,4.44680940577902));
#2902=CARTESIAN_POINT('Ctrl Pts',(88.5491396990925,26.9470269370858,2.29232272007784));
#2903=CARTESIAN_POINT('Ctrl Pts',(88.3628275441018,26.1692787016324,0.740012745589908));
#2904=CARTESIAN_POINT('Ctrl Pts',(88.1729597435434,25.2898687327306,-0.735667601042143));
#2905=CARTESIAN_POINT('Ctrl Pts',(88.0595449408938,24.7571434905654,-1.54113353961187));
#2906=CARTESIAN_POINT('Ctrl Pts',(88.0075932700598,24.5129365697645,-1.89287768764022));
#2907=CARTESIAN_POINT('Ctrl Pts',(87.9805291307017,24.3880104554938,-2.06996054060117));
#2908=CARTESIAN_POINT('Ctrl Pts',(87.959849644169,24.286974229424,-2.21031174905582));
#2909=CARTESIAN_POINT('Ctrl Pts',(87.9386898354477,24.1969349066822,-2.33545805151718));
#2910=CARTESIAN_POINT('Ctrl Pts',(87.887479749062,23.902116555312,-2.72494294694665));
#2911=CARTESIAN_POINT('Ctrl Pts',(87.7992165761935,23.3949794892015,-3.39082191548519));
#2912=CARTESIAN_POINT('Ctrl Pts',(87.7009406558189,22.8807235271201,-4.06369010527932));
#2913=CARTESIAN_POINT('Ctrl Pts',(87.6503174765167,22.6239162386484,-4.39790078192968));
#2914=CARTESIAN_POINT('Ctrl Pts',(83.9134983196356,13.3910778799059,75.8187884369557));
#2915=CARTESIAN_POINT('Ctrl Pts',(84.1643307219649,13.5223989531461,74.7226326632908));
#2916=CARTESIAN_POINT('Ctrl Pts',(85.187340105859,14.0603403172211,71.410207939148));
#2917=CARTESIAN_POINT('Ctrl Pts',(87.3890583806852,15.3947275396282,66.7640494392679));
#2918=CARTESIAN_POINT('Ctrl Pts',(89.9575284951282,17.0939562728307,61.8266573932334));
#2919=CARTESIAN_POINT('Ctrl Pts',(91.956744720553,18.4451244659788,57.9787882295776));
#2920=CARTESIAN_POINT('Ctrl Pts',(93.5815165760801,19.5613075079109,54.6483889696762));
#2921=CARTESIAN_POINT('Ctrl Pts',(95.4052946981159,20.8374246926202,50.5459471763143));
#2922=CARTESIAN_POINT('Ctrl Pts',(96.9952082516128,21.9997057200877,46.3029417929154));
#2923=CARTESIAN_POINT('Ctrl Pts',(98.3107389202518,23.0997689936911,41.2047174587173));
#2924=CARTESIAN_POINT('Ctrl Pts',(98.9390823446812,23.7561559843636,37.3308518044647));
#2925=CARTESIAN_POINT('Ctrl Pts',(99.195590366741,24.147566338172,34.3753523672033));
#2926=CARTESIAN_POINT('Ctrl Pts',(99.3252772630001,24.4732834459225,31.4299006611289));
#2927=CARTESIAN_POINT('Ctrl Pts',(99.2628621371447,24.8690418609987,26.4945554163355));
#2928=CARTESIAN_POINT('Ctrl Pts',(98.5386967816278,24.966744354588,20.1380238662529));
#2929=CARTESIAN_POINT('Ctrl Pts',(97.651726734251,24.6205836766047,14.8729034091654));
#2930=CARTESIAN_POINT('Ctrl Pts',(96.9815866464167,24.1686943483951,11.1101418802431));
#2931=CARTESIAN_POINT('Ctrl Pts',(96.4294994242005,23.6705064927017,8.09219960523889));
#2932=CARTESIAN_POINT('Ctrl Pts',(95.95843651916,23.072995277074,5.51635759207654));
#2933=CARTESIAN_POINT('Ctrl Pts',(95.5511640807717,22.4588845240116,3.30186911261735));
#2934=CARTESIAN_POINT('Ctrl Pts',(95.2516224899313,21.9485828507403,1.68520267650716));
#2935=CARTESIAN_POINT('Ctrl Pts',(94.9522346470919,21.3776104236328,0.121433414048226));
#2936=CARTESIAN_POINT('Ctrl Pts',(94.7809393018961,21.0364272739643,-0.741872413538665));
#2937=CARTESIAN_POINT('Ctrl Pts',(94.7040360009792,20.8809792735844,-1.12167719188959));
#2938=CARTESIAN_POINT('Ctrl Pts',(94.6650298405959,20.8021667548918,-1.31226234722842));
#2939=CARTESIAN_POINT('Ctrl Pts',(94.6334730085322,20.7371792081561,-1.46684178794082));
#2940=CARTESIAN_POINT('Ctrl Pts',(94.6058702357158,20.6823884881173,-1.59803190527993));
#2941=CARTESIAN_POINT('Ctrl Pts',(94.5134694603104,20.4832094293821,-2.0542353323785));
#2942=CARTESIAN_POINT('Ctrl Pts',(94.3531634420054,20.1385912593517,-2.84275190054725));
#2943=CARTESIAN_POINT('Ctrl Pts',(94.1882373701752,19.7943002790932,-3.63615928188365));
#2944=CARTESIAN_POINT('Ctrl Pts',(94.1049835876333,19.6229243246439,-4.03185673063139));
#2945=CARTESIAN_POINT('Ctrl Pts',(88.9943223305362,10.0563546333629,75.8714221693953));
#2946=CARTESIAN_POINT('Ctrl Pts',(89.3102779717823,10.1474330476269,74.6815708857994));
#2947=CARTESIAN_POINT('Ctrl Pts',(90.5523553655162,10.4823437555171,71.0925938346893));
#2948=CARTESIAN_POINT('Ctrl Pts',(93.145650742488,11.2434621897599,66.1658745826827));
#2949=CARTESIAN_POINT('Ctrl Pts',(96.1126071990397,12.2445532060141,61.0685214185342));
#2950=CARTESIAN_POINT('Ctrl Pts',(98.3820846029564,13.0644272578716,57.1627061285668));
#2951=CARTESIAN_POINT('Ctrl Pts',(100.19064657244,13.7668750339118,53.8378442059546));
#2952=CARTESIAN_POINT('Ctrl Pts',(102.189645838269,14.5929082404495,49.7881248690664));
#2953=CARTESIAN_POINT('Ctrl Pts',(103.891745367359,15.3762277857626,45.6574081696179));
#2954=CARTESIAN_POINT('Ctrl Pts',(105.256410089701,16.1486220470187,40.7618329649533));
#2955=CARTESIAN_POINT('Ctrl Pts',(105.88530352552,16.6236834388211,37.0750701964756));
#2956=CARTESIAN_POINT('Ctrl Pts',(106.126870741078,16.915026085444,34.2777614533043));
#2957=CARTESIAN_POINT('Ctrl Pts',(106.235234545901,17.1636679742601,31.4972193130014));
#2958=CARTESIAN_POINT('Ctrl Pts',(106.121868629195,17.4821824896077,26.8503055874376));
#2959=CARTESIAN_POINT('Ctrl Pts',(105.305676765498,17.6342412592409,20.8669064588645));
#2960=CARTESIAN_POINT('Ctrl Pts',(104.291018843294,17.5030846091092,15.8017613592835));
#2961=CARTESIAN_POINT('Ctrl Pts',(103.489713260632,17.2826936858538,12.1023319942419));
#2962=CARTESIAN_POINT('Ctrl Pts',(102.805889428326,17.0213524025738,9.08135993916235));
#2963=CARTESIAN_POINT('Ctrl Pts',(102.188866834773,16.6889742597053,6.43054614109403));
#2964=CARTESIAN_POINT('Ctrl Pts',(101.641053580188,16.3385865643035,4.11001343000262));
#2965=CARTESIAN_POINT('Ctrl Pts',(101.230488904213,16.0426861517094,2.39036431712024));
#2966=CARTESIAN_POINT('Ctrl Pts',(100.818412075369,15.7053680183467,0.696110209876703));
#2967=CARTESIAN_POINT('Ctrl Pts',(100.585337964976,15.5016048675582,-0.248697583744285));
#2968=CARTESIAN_POINT('Ctrl Pts',(100.48150724959,15.4082703500881,-0.666564873050579));
#2969=CARTESIAN_POINT('Ctrl Pts',(100.429363160511,15.3609525212847,-0.875815850732148));
#2970=CARTESIAN_POINT('Ctrl Pts',(100.38637134769,15.3216122788811,-1.04806251249814));
#2971=CARTESIAN_POINT('Ctrl Pts',(100.350908318169,15.2889551703847,-1.18958080339958));
#2972=CARTESIAN_POINT('Ctrl Pts',(100.218854717549,15.1660016139819,-1.71690781345834));
#2973=CARTESIAN_POINT('Ctrl Pts',(99.9898773431822,14.9523075226223,-2.63334789828043));
#2974=CARTESIAN_POINT('Ctrl Pts',(99.7615039275186,14.7384766568987,-3.55142858845765));
#2975=CARTESIAN_POINT('Ctrl Pts',(99.6477904736821,14.6318006133127,-4.00974212790629));
#2976=CARTESIAN_POINT('Ctrl Pts',(93.035350707677,5.88498213840007,75.9620855090619));
#2977=CARTESIAN_POINT('Ctrl Pts',(93.3950872562867,5.92372271356688,74.7275375087347));
#2978=CARTESIAN_POINT('Ctrl Pts',(94.7745446138619,6.0452119328555,70.9921062718504));
#2979=CARTESIAN_POINT('Ctrl Pts',(97.6319980007178,6.3167061120641,65.8692130392846));
#2980=CARTESIAN_POINT('Ctrl Pts',(100.898635180815,6.7235602325691,60.6500879399895));
#2981=CARTESIAN_POINT('Ctrl Pts',(103.383122965415,7.08118602669409,56.6974829764339));
#2982=CARTESIAN_POINT('Ctrl Pts',(105.348586129773,7.4103849219589,53.3732771833595));
#2983=CARTESIAN_POINT('Ctrl Pts',(107.506955355289,7.81599383042099,49.3572648890792));
#2984=CARTESIAN_POINT('Ctrl Pts',(109.326834628897,8.22418359094508,45.3009541600059));
#2985=CARTESIAN_POINT('Ctrl Pts',(110.764577979922,8.64153282782352,40.539656468618));
#2986=CARTESIAN_POINT('Ctrl Pts',(111.415578532897,8.90040078765424,36.9796387201755));
#2987=CARTESIAN_POINT('Ctrl Pts',(111.658631771174,9.0591243387655,34.2926162579366));
#2988=CARTESIAN_POINT('Ctrl Pts',(111.762113156345,9.19545623506759,31.6289816569985));
#2989=CARTESIAN_POINT('Ctrl Pts',(111.625438987063,9.37206076234544,27.1908854917377));
#2990=CARTESIAN_POINT('Ctrl Pts',(110.759967085937,9.48122279217715,21.4843749401424));
#2991=CARTESIAN_POINT('Ctrl Pts',(109.669341537339,9.46457936384553,16.55428921769));
#2992=CARTESIAN_POINT('Ctrl Pts',(108.782120440715,9.39496727682584,12.8824095439596));
#2993=CARTESIAN_POINT('Ctrl Pts',(108.008122801844,9.30035159824325,9.83690905677273));
#2994=CARTESIAN_POINT('Ctrl Pts',(107.285335897681,9.16710577607813,7.10194828073359));
#2995=CARTESIAN_POINT('Ctrl Pts',(106.63183355827,9.0209462496073,4.67191218798793));
#2996=CARTESIAN_POINT('Ctrl Pts',(106.13529524879,8.89450813688212,2.8492778719552));
#2997=CARTESIAN_POINT('Ctrl Pts',(105.631094856864,8.74728203598126,1.02611274470767));
#2998=CARTESIAN_POINT('Ctrl Pts',(105.344699005134,8.65765085754682,4.76038661463679E-5));
#2999=CARTESIAN_POINT('Ctrl Pts',(105.21685610792,8.6164716527663,-0.455945542098856));
#3000=CARTESIAN_POINT('Ctrl Pts',(105.152756650132,8.59561617410813,-0.68423936719057));
#3001=CARTESIAN_POINT('Ctrl Pts',(105.09947242549,8.57814983307692,-0.873672079809226));
#3002=CARTESIAN_POINT('Ctrl Pts',(105.056359907685,8.56388311353327,-1.02691334306447));
#3003=CARTESIAN_POINT('Ctrl Pts',(104.889456834621,8.50836463945178,-1.61795809666854));
#3004=CARTESIAN_POINT('Ctrl Pts',(104.598711739049,8.41156795629866,-2.6482537311791));
#3005=CARTESIAN_POINT('Ctrl Pts',(104.308222354208,8.31468842792164,-3.67949710196114));
#3006=CARTESIAN_POINT('Ctrl Pts',(104.1631379563,8.26625292329348,-4.19488821614864));
#3007=CARTESIAN_POINT('Ctrl Pts',(94.7906446348357,2.7956331268153,76.0218274223056));
#3008=CARTESIAN_POINT('Ctrl Pts',(95.1615180071783,2.79383365610811,74.7912158030216));
#3009=CARTESIAN_POINT('Ctrl Pts',(96.5726252579914,2.78506438178759,71.0551436908422));
#3010=CARTESIAN_POINT('Ctrl Pts',(99.5109617818842,2.82564115889693,65.9003478275923));
#3011=CARTESIAN_POINT('Ctrl Pts',(102.889645144296,2.9450128785973,60.6616198339414));
#3012=CARTESIAN_POINT('Ctrl Pts',(105.463905136434,3.06848313501197,56.7047826226206));
#3013=CARTESIAN_POINT('Ctrl Pts',(107.504604949326,3.19509731490281,53.3866632320015));
#3014=CARTESIAN_POINT('Ctrl Pts',(109.749363223721,3.35893447227614,49.3845551382247));
#3015=CARTESIAN_POINT('Ctrl Pts',(111.64885729669,3.53199225443648,45.3481095732364));
#3016=CARTESIAN_POINT('Ctrl Pts',(113.156135470368,3.70408600956864,40.6125317225754));
#3017=CARTESIAN_POINT('Ctrl Pts',(113.841860329924,3.80187554297814,37.0757343032819));
#3018=CARTESIAN_POINT('Ctrl Pts',(114.101311564778,3.85471834234623,34.4108611118246));
#3019=CARTESIAN_POINT('Ctrl Pts',(114.216717855416,3.89601819666286,31.772226817189));
#3020=CARTESIAN_POINT('Ctrl Pts',(114.089756495433,3.93856653567081,27.3826067201848));
#3021=CARTESIAN_POINT('Ctrl Pts',(113.226407674482,3.94569794439654,21.7470520723788));
#3022=CARTESIAN_POINT('Ctrl Pts',(112.126245366651,3.91633686426153,16.8432148644672));
#3023=CARTESIAN_POINT('Ctrl Pts',(111.220094609781,3.87338900896945,13.1658364105583));
#3024=CARTESIAN_POINT('Ctrl Pts',(110.422792628042,3.82436689744323,10.0994409366414));
#3025=CARTESIAN_POINT('Ctrl Pts',(109.668041271549,3.76175656452629,7.32393585012804));
#3026=CARTESIAN_POINT('Ctrl Pts',(108.979983990303,3.69526684839887,4.84522114777579));
#3027=CARTESIAN_POINT('Ctrl Pts',(108.453722523139,3.63868537319145,2.97836454050789));
#3028=CARTESIAN_POINT('Ctrl Pts',(107.91526679687,3.57346533103813,1.10121552785578));
#3029=CARTESIAN_POINT('Ctrl Pts',(107.608217632195,3.53373402961601,0.0416423077222258));
#3030=CARTESIAN_POINT('Ctrl Pts',(107.47094926545,3.51546767399767,-0.429900181953721));
#3031=CARTESIAN_POINT('Ctrl Pts',(107.402112696599,3.5061934644039,-0.66597576449356));
#3032=CARTESIAN_POINT('Ctrl Pts',(107.344798601342,3.49846897584959,-0.862273786937086));
#3033=CARTESIAN_POINT('Ctrl Pts',(107.29855759923,3.49206113079204,-1.0204355719698));
#3034=CARTESIAN_POINT('Ctrl Pts',(107.118369332604,3.46780864968873,-1.63586056403119));
#3035=CARTESIAN_POINT('Ctrl Pts',(106.804075013176,3.42554101259996,-2.70935398685598));
#3036=CARTESIAN_POINT('Ctrl Pts',(106.489768032017,3.38302381800592,-3.78328248349971));
#3037=CARTESIAN_POINT('Ctrl Pts',(106.332712199029,3.3617452246631,-4.32005516431043));
#3038=CARTESIAN_POINT('Ctrl Pts',(96.6106986159262,-1.36584313424382,76.0906961452709));
#3039=CARTESIAN_POINT('Ctrl Pts',(96.9832549966611,-1.42563282672162,74.8838997666841));
#3040=CARTESIAN_POINT('Ctrl Pts',(98.3985222688549,-1.62037841929615,71.2082070321282));
#3041=CARTESIAN_POINT('Ctrl Pts',(101.372117785699,-1.8896599260119,66.1068721533802));
#3042=CARTESIAN_POINT('Ctrl Pts',(104.822512091569,-2.15003244400958,60.9157113739823));
#3043=CARTESIAN_POINT('Ctrl Pts',(107.466043698358,-2.34275598261389,56.99169375358));
#3044=CARTESIAN_POINT('Ctrl Pts',(109.576639838295,-2.50050627023917,53.696912825079));
#3045=CARTESIAN_POINT('Ctrl Pts',(111.912721310042,-2.68667357708746,49.7156470273586));
#3046=CARTESIAN_POINT('Ctrl Pts',(113.911732719016,-2.86757120127649,45.6862681304151));
#3047=CARTESIAN_POINT('Ctrl Pts',(115.51879057393,-3.06228980763825,40.9313383387881));
#3048=CARTESIAN_POINT('Ctrl Pts',(116.257544158984,-3.19385666368348,37.3694622061271));
#3049=CARTESIAN_POINT('Ctrl Pts',(116.542327687247,-3.28359342805175,34.6850951197642));
#3050=CARTESIAN_POINT('Ctrl Pts',(116.675787139955,-3.36689731660588,32.028587961441));
#3051=CARTESIAN_POINT('Ctrl Pts',(116.562802755787,-3.49238300081747,27.614407931225));
#3052=CARTESIAN_POINT('Ctrl Pts',(115.70012803887,-3.62051764584192,21.9634827613965));
#3053=CARTESIAN_POINT('Ctrl Pts',(114.596861622341,-3.69960084236116,17.0397297384403));
#3054=CARTESIAN_POINT('Ctrl Pts',(113.682835731194,-3.74281545551698,13.3394358324257));
#3055=CARTESIAN_POINT('Ctrl Pts',(112.875682928248,-3.76816451801987,10.2486134629303));
#3056=CARTESIAN_POINT('Ctrl Pts',(112.10629322793,-3.77653786349678,7.44333201994926));
#3057=CARTESIAN_POINT('Ctrl Pts',(111.401839241693,-3.77478850984555,4.93347006160744));
#3058=CARTESIAN_POINT('Ctrl Pts',(110.861112683508,-3.76776869791426,3.04037401044846));
#3059=CARTESIAN_POINT('Ctrl Pts',(110.305540052851,-3.7528584248927,1.13319962607052));
#3060=CARTESIAN_POINT('Ctrl Pts',(109.9879500437,-3.74162972383074,0.0553932975380962));
#3061=CARTESIAN_POINT('Ctrl Pts',(109.845804608824,-3.73603866389074,-0.424572336278778));
#3062=CARTESIAN_POINT('Ctrl Pts',(109.774509121257,-3.73313924352831,-0.664854884717691));
#3063=CARTESIAN_POINT('Ctrl Pts',(109.715074988095,-3.73063496245717,-0.864875137751965));
#3064=CARTESIAN_POINT('Ctrl Pts',(109.667216270128,-3.72859640531406,-1.02567988344582));
#3065=CARTESIAN_POINT('Ctrl Pts',(109.479831359269,-3.72012183126365,-1.65441047313084));
#3066=CARTESIAN_POINT('Ctrl Pts',(109.152760626253,-3.70502250735007,-2.75156310313931));
#3067=CARTESIAN_POINT('Ctrl Pts',(108.825455891667,-3.68939128134125,-3.84903339145251));
#3068=CARTESIAN_POINT('Ctrl Pts',(108.661793441116,-3.6814230876209,-4.3976586547095));
#3069=CARTESIAN_POINT('Ctrl Pts',(97.5614805401845,-6.02936021966706,76.140510554381));
#3070=CARTESIAN_POINT('Ctrl Pts',(97.9144457489251,-6.12640650169708,74.9664139646132));
#3071=CARTESIAN_POINT('Ctrl Pts',(99.2540297877725,-6.45186826908946,71.3862819782878));
#3072=CARTESIAN_POINT('Ctrl Pts',(102.086922619835,-6.99781020789108,66.4001914789556));
#3073=CARTESIAN_POINT('Ctrl Pts',(105.392412407069,-7.61662882624742,61.296042005532));
#3074=CARTESIAN_POINT('Ctrl Pts',(107.932236364657,-8.10608616050125,57.4190107252363));
#3075=CARTESIAN_POINT('Ctrl Pts',(109.965678112374,-8.52424688644185,54.1469537787697));
#3076=CARTESIAN_POINT('Ctrl Pts',(112.221764884268,-9.02281263210011,50.1798484399908));
#3077=CARTESIAN_POINT('Ctrl Pts',(114.159759712597,-9.50799422320135,46.1508930502929));
#3078=CARTESIAN_POINT('Ctrl Pts',(115.744738431306,-10.0025037003526,41.3883976393201));
#3079=CARTESIAN_POINT('Ctrl Pts',(116.504683500358,-10.3123019000375,37.8130609378548));
#3080=CARTESIAN_POINT('Ctrl Pts',(116.827794602772,-10.5055378886868,35.1085287162565));
#3081=CARTESIAN_POINT('Ctrl Pts',(117.009474646969,-10.6733573604285,32.424747221097));
#3082=CARTESIAN_POINT('Ctrl Pts',(116.998807288381,-10.8970798594229,27.9466252046154));
#3083=CARTESIAN_POINT('Ctrl Pts',(116.282402137772,-11.0501865148636,22.1714562697907));
#3084=CARTESIAN_POINT('Ctrl Pts',(115.2744235644,-11.0731233567689,17.1470278353304));
#3085=CARTESIAN_POINT('Ctrl Pts',(114.414954615124,-11.0424421181726,13.383991921912));
#3086=CARTESIAN_POINT('Ctrl Pts',(113.641374307837,-10.9868163210303,10.249451082243));
#3087=CARTESIAN_POINT('Ctrl Pts',(112.887719544441,-10.899077108698,7.41661299482298));
#3088=CARTESIAN_POINT('Ctrl Pts',(112.188462005043,-10.7994305096315,4.88884387035639));
#3089=CARTESIAN_POINT('Ctrl Pts',(111.646411136554,-10.7115773904262,2.98624119201927));
#3090=CARTESIAN_POINT('Ctrl Pts',(111.082547279595,-10.6071595517344,1.07429751476013));
#3091=CARTESIAN_POINT('Ctrl Pts',(110.757842656828,-10.5428715045706,-0.00476694635238025));
#3092=CARTESIAN_POINT('Ctrl Pts',(110.612045239029,-10.5131662758887,-0.484903037075872));
#3093=CARTESIAN_POINT('Ctrl Pts',(110.538772363032,-10.4981312141223,-0.725424240698312));
#3094=CARTESIAN_POINT('Ctrl Pts',(110.477814325639,-10.4854100682101,-0.924980974179988));
#3095=CARTESIAN_POINT('Ctrl Pts',(110.428296971408,-10.4752309500198,-1.08666675134748));
#3096=CARTESIAN_POINT('Ctrl Pts',(110.237106453947,-10.4338578268955,-1.70906406175001));
#3097=CARTESIAN_POINT('Ctrl Pts',(109.904352553388,-10.3614969717376,-2.79375246634269));
#3098=CARTESIAN_POINT('Ctrl Pts',(109.572349610264,-10.2892128420983,-3.87935877973112));
#3099=CARTESIAN_POINT('Ctrl Pts',(109.406707735956,-10.2530402459023,-4.42183569739329));
#3100=CARTESIAN_POINT('Ctrl Pts',(96.2333818825493,-13.8231515447206,76.1570649510992));
#3101=CARTESIAN_POINT('Ctrl Pts',(96.5392709952121,-13.9622769707995,75.0540240470278));
#3102=CARTESIAN_POINT('Ctrl Pts',(97.701310565112,-14.4496834267521,71.6916405242725));
#3103=CARTESIAN_POINT('Ctrl Pts',(100.163125463126,-15.3954473292697,66.9815611698224));
#3104=CARTESIAN_POINT('Ctrl Pts',(103.046981531772,-16.5366195697406,62.0772582679241));
#3105=CARTESIAN_POINT('Ctrl Pts',(105.270256738297,-17.4487567093292,58.3020828145841));
#3106=CARTESIAN_POINT('Ctrl Pts',(107.057553961075,-18.2214213850437,55.0714120127045));
#3107=CARTESIAN_POINT('Ctrl Pts',(109.049509735785,-19.1265284131928,51.1188239088309));
#3108=CARTESIAN_POINT('Ctrl Pts',(110.775048308762,-19.9799972637877,47.0645030627627));
#3109=CARTESIAN_POINT('Ctrl Pts',(112.232684582984,-20.8133854171538,42.2366562322751));
#3110=CARTESIAN_POINT('Ctrl Pts',(112.979052708603,-21.3187518584331,38.5907343571713));
#3111=CARTESIAN_POINT('Ctrl Pts',(113.340079607177,-21.6231843643715,35.8162015664461));
#3112=CARTESIAN_POINT('Ctrl Pts',(113.58415293206,-21.8787148861664,33.0516249449643));
#3113=CARTESIAN_POINT('Ctrl Pts',(113.732189721352,-22.1960618144532,28.4128536243923));
#3114=CARTESIAN_POINT('Ctrl Pts',(113.305049606463,-22.3143584756391,22.366627893871));
#3115=CARTESIAN_POINT('Ctrl Pts',(112.521666126994,-22.158809558345,17.1290304905601));
#3116=CARTESIAN_POINT('Ctrl Pts',(111.799712531203,-21.9391143769877,13.2405856016991));
#3117=CARTESIAN_POINT('Ctrl Pts',(111.117969265536,-21.6927582576388,10.0247882035433));
#3118=CARTESIAN_POINT('Ctrl Pts',(110.414086282561,-21.3972025669818,7.15266290923893));
#3119=CARTESIAN_POINT('Ctrl Pts',(109.737450529867,-21.0943319203364,4.61009309340565));
#3120=CARTESIAN_POINT('Ctrl Pts',(109.198948650345,-20.8432128816709,2.70869408341069));
#3121=CARTESIAN_POINT('Ctrl Pts',(108.619802762732,-20.5627532245026,0.8139458098991));
#3122=CARTESIAN_POINT('Ctrl Pts',(108.279523945415,-20.3952183526006,-0.250148311798859));
#3123=CARTESIAN_POINT('Ctrl Pts',(108.125427830057,-20.318839767742,-0.722251925526788));
#3124=CARTESIAN_POINT('Ctrl Pts',(108.047527443657,-20.2801927165737,-0.959101372764062));
#3125=CARTESIAN_POINT('Ctrl Pts',(107.983176167771,-20.2480767040789,-1.15378086194736));
#3126=CARTESIAN_POINT('Ctrl Pts',(107.929464359358,-20.2215099659737,-1.31487767336867));
#3127=CARTESIAN_POINT('Ctrl Pts',(107.73119288326,-20.1212104888835,-1.90855485531538));
#3128=CARTESIAN_POINT('Ctrl Pts',(107.38806281742,-19.9478734935478,-2.93923398594127));
#3129=CARTESIAN_POINT('Ctrl Pts',(107.046305590864,-19.7764813023544,-3.97225394998815));
#3130=CARTESIAN_POINT('Ctrl Pts',(106.876332899519,-19.6914595710493,-4.48780728506012));
#3131=CARTESIAN_POINT('Ctrl Pts',(93.1660578660113,-20.3955739955584,76.1359843897462));
#3132=CARTESIAN_POINT('Ctrl Pts',(93.4229495781708,-20.5635562230324,75.1072216384216));
#3133=CARTESIAN_POINT('Ctrl Pts',(94.403833141408,-21.171273072735,71.9736009631263));
#3134=CARTESIAN_POINT('Ctrl Pts',(96.485436057154,-22.443867737703,67.5489225674959));
#3135=CARTESIAN_POINT('Ctrl Pts',(98.9316270683022,-24.0137265181785,62.8473884233453));
#3136=CARTESIAN_POINT('Ctrl Pts',(100.825560072942,-25.2678163506099,59.1737784925065));
#3137=CARTESIAN_POINT('Ctrl Pts',(102.358027930382,-26.3193510036049,55.9817740474687));
#3138=CARTESIAN_POINT('Ctrl Pts',(104.07901860843,-27.534873355313,52.0373383574152));
#3139=CARTESIAN_POINT('Ctrl Pts',(105.591765529593,-28.6557998852563,47.9450403279241));
#3140=CARTESIAN_POINT('Ctrl Pts',(106.921851732224,-29.719206986464,43.0225024102725));
#3141=CARTESIAN_POINT('Ctrl Pts',(107.647421110534,-30.3485470350915,39.2788536708196));
#3142=CARTESIAN_POINT('Ctrl Pts',(108.035078484501,-30.7173962320467,36.4153283985188));
#3143=CARTESIAN_POINT('Ctrl Pts',(108.327905479411,-31.0189736482044,33.5537427643914));
#3144=CARTESIAN_POINT('Ctrl Pts',(108.606020734861,-31.3716045860155,28.7351145499156));
#3145=CARTESIAN_POINT('Ctrl Pts',(108.436367175808,-31.4105593799284,22.4204521988019));
#3146=CARTESIAN_POINT('Ctrl Pts',(107.870157257798,-31.0556732692176,16.9828212931058));
#3147=CARTESIAN_POINT('Ctrl Pts',(107.286032952751,-30.6349116761392,12.9804112423069));
#3148=CARTESIAN_POINT('Ctrl Pts',(106.700207765428,-30.1894365983502,9.69433536942622));
#3149=CARTESIAN_POINT('Ctrl Pts',(106.053078763559,-29.6786384221248,6.79501836324072));
#3150=CARTESIAN_POINT('Ctrl Pts',(105.407368508339,-29.1650110916745,4.25074861436575));
#3151=CARTESIAN_POINT('Ctrl Pts',(104.879901759409,-28.7441728075249,2.36193469175252));
#3152=CARTESIAN_POINT('Ctrl Pts',(104.29513900408,-28.2794536602059,0.498537975246055));
#3153=CARTESIAN_POINT('Ctrl Pts',(103.94569848777,-28.0031461416379,-0.541442368486512));
#3154=CARTESIAN_POINT('Ctrl Pts',(103.786378892254,-27.8774968935842,-1.00122400182936));
#3155=CARTESIAN_POINT('Ctrl Pts',(103.705453128933,-27.8137763124224,-1.23213051554964));
#3156=CARTESIAN_POINT('Ctrl Pts',(103.639009969597,-27.761399242345,-1.4202476641008));
#3157=CARTESIAN_POINT('Ctrl Pts',(103.582304985347,-27.7169576063802,-1.57888562722601));
#3158=CARTESIAN_POINT('Ctrl Pts',(103.380776335444,-27.5576218606535,-2.14010346661024));
#3159=CARTESIAN_POINT('Ctrl Pts',(103.033466226077,-27.2837404393306,-3.11076832072094));
#3160=CARTESIAN_POINT('Ctrl Pts',(102.68746844824,-27.0129046213291,-4.08494769399829));
#3161=CARTESIAN_POINT('Ctrl Pts',(102.515697504404,-26.8788977080709,-4.57052622216145));
#3162=CARTESIAN_POINT('Ctrl Pts',(88.6725791605521,-24.7748321150348,76.1086622510371));
#3163=CARTESIAN_POINT('Ctrl Pts',(88.8816307359644,-24.9597868750302,75.1594658274039));
#3164=CARTESIAN_POINT('Ctrl Pts',(89.6929216887745,-25.6531790858873,72.2624885755113));
#3165=CARTESIAN_POINT('Ctrl Pts',(91.4356892114409,-27.2016647936083,68.1043831667472));
#3166=CARTESIAN_POINT('Ctrl Pts',(93.4941580398703,-29.1401994902483,63.5837168268458));
#3167=CARTESIAN_POINT('Ctrl Pts',(95.097610233328,-30.6884173573251,59.9976487701284));
#3168=CARTESIAN_POINT('Ctrl Pts',(96.4072197928342,-31.9787756387928,56.8353900932268));
#3169=CARTESIAN_POINT('Ctrl Pts',(97.8936331688906,-33.4589122236561,52.8897477748043));
#3170=CARTESIAN_POINT('Ctrl Pts',(99.2260058443039,-34.806586037186,48.749544871548));
#3171=CARTESIAN_POINT('Ctrl Pts',(100.449062730081,-36.0631670160541,43.7160544904285));
#3172=CARTESIAN_POINT('Ctrl Pts',(101.155304545174,-36.7944178138744,39.8624893724659));
#3173=CARTESIAN_POINT('Ctrl Pts',(101.562197514114,-37.2141801395321,36.9033847722231));
#3174=CARTESIAN_POINT('Ctrl Pts',(101.892152448487,-37.5506529289969,33.9411051686726));
#3175=CARTESIAN_POINT('Ctrl Pts',(102.271590125063,-37.9249875102611,28.9433774846783));
#3176=CARTESIAN_POINT('Ctrl Pts',(102.312029563453,-37.8876654126086,22.3881216562722));
#3177=CARTESIAN_POINT('Ctrl Pts',(101.940305472057,-37.3589073101384,16.7855837597871));
#3178=CARTESIAN_POINT('Ctrl Pts',(101.489956030753,-36.7626435651661,12.6931055148932));
#3179=CARTESIAN_POINT('Ctrl Pts',(101.005671582232,-36.142763578045,9.35485689200758));
#3180=CARTESIAN_POINT('Ctrl Pts',(100.432956641418,-35.4410010884974,6.44072679930324));
#3181=CARTESIAN_POINT('Ctrl Pts',(99.8422624510722,-34.7384801926417,3.90355329360744));
#3182=CARTESIAN_POINT('Ctrl Pts',(99.3492211321358,-34.1643702813792,2.03257375090508));
#3183=CARTESIAN_POINT('Ctrl Pts',(98.7900656747904,-33.5317722332653,0.204146882175262));
#3184=CARTESIAN_POINT('Ctrl Pts',(98.452084740868,-33.1559371350394,-0.810143811479048));
#3185=CARTESIAN_POINT('Ctrl Pts',(98.297308620204,-32.9851667651577,-1.25711787115452));
#3186=CARTESIAN_POINT('Ctrl Pts',(98.2184717702992,-32.8984162146994,-1.48163054948058));
#3187=CARTESIAN_POINT('Ctrl Pts',(98.1539448442863,-32.8275980127879,-1.66352375250083));
#3188=CARTESIAN_POINT('Ctrl Pts',(98.0982103341887,-32.7665108896046,-1.81855402181874));
#3189=CARTESIAN_POINT('Ctrl Pts',(97.9041061559049,-32.5547440304282,-2.35366729845991));
#3190=CARTESIAN_POINT('Ctrl Pts',(97.5700751110418,-32.1914178907725,-3.2771251047676));
#3191=CARTESIAN_POINT('Ctrl Pts',(97.2366224346979,-31.8306934581726,-4.20489580147373));
#3192=CARTESIAN_POINT('Ctrl Pts',(97.0710668028739,-31.6521417001441,-4.66703114625052));
#3193=CARTESIAN_POINT('Ctrl Pts',(85.3104708515744,-27.1178134513345,76.0986983504438));
#3194=CARTESIAN_POINT('Ctrl Pts',(85.4858639487061,-27.3106400200332,75.2064533582801));
#3195=CARTESIAN_POINT('Ctrl Pts',(86.1775822681824,-28.0504224045346,72.4742213904732));
#3196=CARTESIAN_POINT('Ctrl Pts',(87.6852992872715,-29.7785924607835,68.4884589095689));
#3197=CARTESIAN_POINT('Ctrl Pts',(89.4767333467952,-31.9648893295017,64.0832115443014));
#3198=CARTESIAN_POINT('Ctrl Pts',(90.880155081484,-33.7120671769336,60.5524823869739));
#3199=CARTESIAN_POINT('Ctrl Pts',(92.0357321343595,-35.1650973190464,57.4083987930472));
#3200=CARTESIAN_POINT('Ctrl Pts',(93.3587480070596,-36.8265744889364,53.4603950558615));
#3201=CARTESIAN_POINT('Ctrl Pts',(94.5629451418226,-38.3315575266758,49.2870485076196));
#3202=CARTESIAN_POINT('Ctrl Pts',(95.7027492918523,-39.7255405930071,44.1786233930618));
#3203=CARTESIAN_POINT('Ctrl Pts',(96.3854998594676,-40.5319121004539,40.2516574894911));
#3204=CARTESIAN_POINT('Ctrl Pts',(96.7963060080383,-40.9914718476851,37.2292600696114));
#3205=CARTESIAN_POINT('Ctrl Pts',(97.1417571648232,-41.357335877064,34.2006710817616));
#3206=CARTESIAN_POINT('Ctrl Pts',(97.5725632707055,-41.7570236021098,29.0857548225776));
#3207=CARTESIAN_POINT('Ctrl Pts',(97.732235586839,-41.6854984311348,22.3756180276389));
#3208=CARTESIAN_POINT('Ctrl Pts',(97.4782220068229,-41.0571492321815,16.6677401168709));
#3209=CARTESIAN_POINT('Ctrl Pts',(97.1128832380268,-40.3558389893055,12.5175447318077));
#3210=CARTESIAN_POINT('Ctrl Pts',(96.696253128349,-39.6292661995753,9.14573332512631));
#3211=CARTESIAN_POINT('Ctrl Pts',(96.1783740183566,-38.8078857556306,6.221783174979));
#3212=CARTESIAN_POINT('Ctrl Pts',(95.6325806747681,-37.985708501967,3.68879169838423));
#3213=CARTESIAN_POINT('Ctrl Pts',(95.1709056636709,-37.3138123091625,1.82891432361727));
#3214=CARTESIAN_POINT('Ctrl Pts',(94.640336200074,-36.5734597002709,0.0224242702797928));
#3215=CARTESIAN_POINT('Ctrl Pts',(94.3175811914756,-36.1336097185097,-0.97574135443835));
#3216=CARTESIAN_POINT('Ctrl Pts',(94.1694066576463,-35.9338004677888,-1.41470773096302));
#3217=CARTESIAN_POINT('Ctrl Pts',(94.0938408959134,-35.8322225996144,-1.63517110989814));
#3218=CARTESIAN_POINT('Ctrl Pts',(94.0320254866783,-35.7495404979048,-1.81329339230652));
#3219=CARTESIAN_POINT('Ctrl Pts',(93.9784331033979,-35.677720403975,-1.96583282186722));
#3220=CARTESIAN_POINT('Ctrl Pts',(93.7927952893568,-35.4322986428381,-2.48622009823719));
#3221=CARTESIAN_POINT('Ctrl Pts',(93.4733085792157,-35.0113086319159,-3.38333552186174));
#3222=CARTESIAN_POINT('Ctrl Pts',(93.1538662315239,-34.5920414689451,-4.28515748469808));
#3223=CARTESIAN_POINT('Ctrl Pts',(92.9951763384001,-34.3843274034389,-4.73423833648999));
#3224=CARTESIAN_POINT('Ctrl Pts',(82.7386317251394,-28.7035116825834,76.0934061964884));
#3225=CARTESIAN_POINT('Ctrl Pts',(82.8887413935189,-28.9012826990862,75.2441367489696));
#3226=CARTESIAN_POINT('Ctrl Pts',(83.4905676289486,-29.6725871573811,72.6351322100699));
#3227=CARTESIAN_POINT('Ctrl Pts',(84.8223905392039,-31.5322240454741,68.7751659525151));
#3228=CARTESIAN_POINT('Ctrl Pts',(86.4143950393273,-33.9017497627226,64.4538255979742));
#3229=CARTESIAN_POINT('Ctrl Pts',(87.6684035219117,-35.7963863542046,60.963207345563));
#3230=CARTESIAN_POINT('Ctrl Pts',(88.7087521548045,-37.3702539993618,57.8321516213726));
#3231=CARTESIAN_POINT('Ctrl Pts',(89.9091860496019,-39.1666992021831,53.8820513946873));
#3232=CARTESIAN_POINT('Ctrl Pts',(91.0165467903625,-40.7892167635709,49.6839813642235));
#3233=CARTESIAN_POINT('Ctrl Pts',(92.0916187383075,-42.2866404508779,44.5200612062073));
#3234=CARTESIAN_POINT('Ctrl Pts',(92.7541437909352,-43.1501552707765,40.5389321329405));
#3235=CARTESIAN_POINT('Ctrl Pts',(93.1654336829801,-43.6404786656931,37.4699589613591));
#3236=CARTESIAN_POINT('Ctrl Pts',(93.5198346853703,-44.0294935539999,34.3926650848301));
#3237=CARTESIAN_POINT('Ctrl Pts',(93.9842268815814,-44.450490499073,29.1918582558425));
#3238=CARTESIAN_POINT('Ctrl Pts',(94.2263641981817,-44.3577164340021,22.3688403006957));
#3239=CARTESIAN_POINT('Ctrl Pts',(94.0560393892725,-43.6598130157771,16.5844034457888));
#3240=CARTESIAN_POINT('Ctrl Pts',(93.7523026521076,-42.8838870121289,12.3922178116344));
#3241=CARTESIAN_POINT('Ctrl Pts',(93.3855502738997,-42.0809207238572,8.99595786759751));
#3242=CARTESIAN_POINT('Ctrl Pts',(92.9094577916284,-41.1731736444688,6.06477883538417));
#3243=CARTESIAN_POINT('Ctrl Pts',(92.3988945418906,-40.2642691323592,3.53472812119325));
#3244=CARTESIAN_POINT('Ctrl Pts',(91.9625162478995,-39.5213263043871,1.68283250541705));
#3245=CARTESIAN_POINT('Ctrl Pts',(91.4559856803787,-38.7025275425532,-0.107841859060572));
#3246=CARTESIAN_POINT('Ctrl Pts',(91.1464061691247,-38.216042957027,-1.09437991057213));
#3247=CARTESIAN_POINT('Ctrl Pts',(91.0040166927265,-37.9950747313973,-1.52758043521239));
#3248=CARTESIAN_POINT('Ctrl Pts',(90.931344988864,-37.8826920106831,-1.74511461380761));
#3249=CARTESIAN_POINT('Ctrl Pts',(90.8718974113392,-37.7913657096407,-1.92055336239804));
#3250=CARTESIAN_POINT('Ctrl Pts',(90.8202675838207,-37.7117217519025,-2.07123757774347));
#3251=CARTESIAN_POINT('Ctrl Pts',(90.6417797523801,-37.4417892148004,-2.58144074997731));
#3252=CARTESIAN_POINT('Ctrl Pts',(90.3344891927844,-36.9787359970317,-3.46042222001288));
#3253=CARTESIAN_POINT('Ctrl Pts',(90.0268408359972,-36.5166156770784,-4.34436589099617));
#3254=CARTESIAN_POINT('Ctrl Pts',(89.8739201779587,-36.2875165102608,-4.78446806501598));
#3255=CARTESIAN_POINT('Ctrl Pts',(76.0453326057612,-31.6588774208552,76.0935180896434));
#3256=CARTESIAN_POINT('Ctrl Pts',(76.1317319731381,-31.8628702471574,75.351673951448));
#3257=CARTESIAN_POINT('Ctrl Pts',(76.5059002383924,-32.6910632408112,73.0434141927238));
#3258=CARTESIAN_POINT('Ctrl Pts',(77.3914869477145,-34.8550159170852,69.4742898857167));
#3259=CARTESIAN_POINT('Ctrl Pts',(78.4762233050128,-37.6608241588081,65.3477834423746));
#3260=CARTESIAN_POINT('Ctrl Pts',(79.3481440506997,-39.9085515823379,61.9505984399111));
#3261=CARTESIAN_POINT('Ctrl Pts',(80.0906495449857,-41.7733178013817,58.8501310295425));
#3262=CARTESIAN_POINT('Ctrl Pts',(80.9696023321195,-43.8959299792976,54.8948574589685));
#3263=CARTESIAN_POINT('Ctrl Pts',(81.8146672886486,-45.8044847626584,50.6379340414014));
#3264=CARTESIAN_POINT('Ctrl Pts',(82.6948102066425,-47.5565538532735,45.3421985988605));
#3265=CARTESIAN_POINT('Ctrl Pts',(83.2766200058242,-48.5628290456516,41.233064190161));
#3266=CARTESIAN_POINT('Ctrl Pts',(83.663614353129,-49.1317108181635,38.0545593539069));
#3267=CARTESIAN_POINT('Ctrl Pts',(84.0138047596675,-49.5813324760094,34.8631515161909));
#3268=CARTESIAN_POINT('Ctrl Pts',(84.5154485082436,-50.0626708894891,29.4619917518564));
#3269=CARTESIAN_POINT('Ctrl Pts',(84.9023064909213,-49.9338995574167,22.3789279705351));
#3270=CARTESIAN_POINT('Ctrl Pts',(84.9018145484125,-49.0854245571421,16.4197126151568));
#3271=CARTESIAN_POINT('Ctrl Pts',(84.7336382432164,-48.1435957596998,12.1316946814724));
#3272=CARTESIAN_POINT('Ctrl Pts',(84.48407785429,-47.1687854986373,8.67959789653608));
#3273=CARTESIAN_POINT('Ctrl Pts',(84.1173912224155,-46.0646641824953,5.73141425418515));
#3274=CARTESIAN_POINT('Ctrl Pts',(83.7068731123467,-44.9577540980296,3.20702977521048));
#3275=CARTESIAN_POINT('Ctrl Pts',(83.347408888997,-44.0522180049189,1.37213120283732));
#3276=CARTESIAN_POINT('Ctrl Pts',(82.9208906877703,-43.0536213780225,-0.384593738709158));
#3277=CARTESIAN_POINT('Ctrl Pts',(82.657635467141,-42.4602309689408,-1.34619764014735));
#3278=CARTESIAN_POINT('Ctrl Pts',(82.5360559671429,-42.1907473402131,-1.76709017943859));
#3279=CARTESIAN_POINT('Ctrl Pts',(82.4739639524037,-42.0536108511811,-1.97829670947176));
#3280=CARTESIAN_POINT('Ctrl Pts',(82.4229939224018,-41.9424202984785,-2.14818868504653));
#3281=CARTESIAN_POINT('Ctrl Pts',(82.3789404316126,-41.8449275395285,-2.29456705038239));
#3282=CARTESIAN_POINT('Ctrl Pts',(82.2246323225198,-41.518204464489,-2.78541626200704));
#3283=CARTESIAN_POINT('Ctrl Pts',(81.9581656366188,-40.9571649046544,-3.63042536445419));
#3284=CARTESIAN_POINT('Ctrl Pts',(81.6905064509933,-40.3945297060911,-4.4807810485282));
#3285=CARTESIAN_POINT('Ctrl Pts',(81.557143816595,-40.1150461563079,-4.90410681466556));
#3286=CARTESIAN_POINT('Ctrl Pts',(69.1903066895977,-32.614069441811,76.1218987891699));
#3287=CARTESIAN_POINT('Ctrl Pts',(69.2121812635306,-32.8097117848359,75.4763099644809));
#3288=CARTESIAN_POINT('Ctrl Pts',(69.3497264497078,-33.6369672300844,73.4180641671096));
#3289=CARTESIAN_POINT('Ctrl Pts',(69.7400269929285,-36.0241398066297,70.0694366784497));
#3290=CARTESIAN_POINT('Ctrl Pts',(70.239426824828,-39.1781407583845,66.1081248430783));
#3291=CARTESIAN_POINT('Ctrl Pts',(70.6566311589616,-41.7121544810761,62.7962891863226));
#3292=CARTESIAN_POINT('Ctrl Pts',(71.0276252052921,-43.815586750183,59.7303705442027));
#3293=CARTESIAN_POINT('Ctrl Pts',(71.4839980169174,-46.2067011870023,55.7809446135731));
#3294=CARTESIAN_POINT('Ctrl Pts',(71.9475987991899,-48.3511446129913,51.4840503424494));
#3295=CARTESIAN_POINT('Ctrl Pts',(72.4680353342652,-50.3099907400988,46.0880725068819));
#3296=CARTESIAN_POINT('Ctrl Pts',(72.8331463530384,-51.4290767312925,41.8801407810036));
#3297=CARTESIAN_POINT('Ctrl Pts',(73.0875612343817,-52.0574032081799,38.6170097039157));
#3298=CARTESIAN_POINT('Ctrl Pts',(73.323886882775,-52.5507716631201,35.3376867975506));
#3299=CARTESIAN_POINT('Ctrl Pts',(73.6767934002563,-53.0695343314766,29.7828028034588));
#3300=CARTESIAN_POINT('Ctrl Pts',(73.9760828910203,-52.8907228336503,22.5041104127304));
#3301=CARTESIAN_POINT('Ctrl Pts',(73.9987972886666,-51.9024425013901,16.4183618158888));
#3302=CARTESIAN_POINT('Ctrl Pts',(73.8962602185276,-50.8171917363996,12.0625849734756));
#3303=CARTESIAN_POINT('Ctrl Pts',(73.733444855422,-49.6995242448032,8.57173170290705));
#3304=CARTESIAN_POINT('Ctrl Pts',(73.4885883742247,-48.4405060888608,5.61045797432373));
#3305=CARTESIAN_POINT('Ctrl Pts',(73.2137985038472,-47.1823500705711,3.08547805007786));
#3306=CARTESIAN_POINT('Ctrl Pts',(72.9730602025068,-46.155335804805,1.2564588549561));
#3307=CARTESIAN_POINT('Ctrl Pts',(72.6876790127394,-45.02553809629,-0.487852999255937));
#3308=CARTESIAN_POINT('Ctrl Pts',(72.5117346013938,-44.3550161966705,-1.44060533924585));
#3309=CARTESIAN_POINT('Ctrl Pts',(72.4303927006879,-44.0505912257169,-1.85729820866066));
#3310=CARTESIAN_POINT('Ctrl Pts',(72.389083496203,-43.8958177068163,-2.06619920022653));
#3311=CARTESIAN_POINT('Ctrl Pts',(72.3544772221014,-43.7699753912939,-2.23459243399182));
#3312=CARTESIAN_POINT('Ctrl Pts',(72.3260356260975,-43.660425636942,-2.37879870408725));
#3313=CARTESIAN_POINT('Ctrl Pts',(72.2160125209732,-43.2879405811386,-2.86811660279796));
#3314=CARTESIAN_POINT('Ctrl Pts',(72.0240471946817,-42.6461787009244,-3.71156923387267));
#3315=CARTESIAN_POINT('Ctrl Pts',(71.8313812324217,-42.0004704640501,-4.56013727385066));
#3316=CARTESIAN_POINT('Ctrl Pts',(71.7349704430219,-41.6789215772454,-4.98278402311083));
#3317=CARTESIAN_POINT('Ctrl Pts',(65.7570777476167,-32.6689785694962,76.0957852662669));
#3318=CARTESIAN_POINT('Ctrl Pts',(65.7299876048657,-32.8551097497149,75.4649873702157));
#3319=CARTESIAN_POINT('Ctrl Pts',(65.6658741541406,-33.6494391922347,73.4580658260652));
#3320=CARTESIAN_POINT('Ctrl Pts',(65.6542111301541,-36.0256777676136,70.1829675972072));
#3321=CARTESIAN_POINT('Ctrl Pts',(65.6860328480743,-39.1955880116412,66.2980625142211));
#3322=CARTESIAN_POINT('Ctrl Pts',(65.727898743918,-41.7465805585247,63.0399465448065));
#3323=CARTESIAN_POINT('Ctrl Pts',(65.7759076205835,-43.8634104901595,60.0122439287934));
#3324=CARTESIAN_POINT('Ctrl Pts',(65.8438757041689,-46.2644135792762,56.1012508679687));
#3325=CARTESIAN_POINT('Ctrl Pts',(65.9247793348264,-48.4074758371197,51.8330160243199));
#3326=CARTESIAN_POINT('Ctrl Pts',(66.0281188778674,-50.3425501813629,46.4600480077404));
#3327=CARTESIAN_POINT('Ctrl Pts',(66.1041427640488,-51.4315744189352,42.2648580614901));
#3328=CARTESIAN_POINT('Ctrl Pts',(66.1562269910655,-52.0304156637981,39.0090708201284));
#3329=CARTESIAN_POINT('Ctrl Pts',(66.2021925705268,-52.4908643251915,35.7357324166259));
#3330=CARTESIAN_POINT('Ctrl Pts',(66.2634000036291,-52.9468130995061,30.1875582498092));
#3331=CARTESIAN_POINT('Ctrl Pts',(66.2693516349411,-52.6690055174694,22.9074126576402));
#3332=CARTESIAN_POINT('Ctrl Pts',(66.155657174948,-51.5895308026693,16.8030776163903));
#3333=CARTESIAN_POINT('Ctrl Pts',(66.0142371134761,-50.4391191766886,12.4216049375773));
#3334=CARTESIAN_POINT('Ctrl Pts',(65.8608509822541,-49.2700983340576,8.90069776175605));
#3335=CARTESIAN_POINT('Ctrl Pts',(65.6802530340803,-47.9703373057506,5.89849700397972));
#3336=CARTESIAN_POINT('Ctrl Pts',(65.4969127870117,-46.6795080638452,3.32704629959534));
#3337=CARTESIAN_POINT('Ctrl Pts',(65.3459549567124,-45.6301303433293,1.45677643959939));
#3338=CARTESIAN_POINT('Ctrl Pts',(65.1790354330325,-44.4804088542275,-0.338185436956841));
#3339=CARTESIAN_POINT('Ctrl Pts',(65.0800901360453,-43.7994521256361,-1.32283195097469));
#3340=CARTESIAN_POINT('Ctrl Pts',(65.0350586258728,-43.490436350326,-1.75448293358031));
#3341=CARTESIAN_POINT('Ctrl Pts',(65.0124672435064,-43.3335716382865,-1.97088161844111));
#3342=CARTESIAN_POINT('Ctrl Pts',(64.9932118670459,-43.2054417562294,-2.14595977022415));
#3343=CARTESIAN_POINT('Ctrl Pts',(64.9783352859921,-43.0952177825187,-2.29488489238741));
#3344=CARTESIAN_POINT('Ctrl Pts',(64.9146065964755,-42.7114573148722,-2.80842077942575));
#3345=CARTESIAN_POINT('Ctrl Pts',(64.8026773381333,-42.048722052541,-3.69498912467095));
#3346=CARTESIAN_POINT('Ctrl Pts',(64.6911603660896,-41.382491484401,-4.58642709704427));
#3347=CARTESIAN_POINT('Ctrl Pts',(64.6353200763831,-41.0504665325577,-5.03065450969831));
#3348=CARTESIAN_POINT('Ctrl Pts',(62.2008496156475,-32.6749942373066,76.0384869530081));
#3349=CARTESIAN_POINT('Ctrl Pts',(62.1424419238003,-32.8492713257626,75.4056676214013));
#3350=CARTESIAN_POINT('Ctrl Pts',(61.9081513453246,-33.5944348846738,73.4215270624261));
#3351=CARTESIAN_POINT('Ctrl Pts',(61.4689243274061,-35.8897119419058,70.2054668879874));
#3352=CARTESIAN_POINT('Ctrl Pts',(60.9745817516987,-38.9930935811612,66.3932624456997));
#3353=CARTESIAN_POINT('Ctrl Pts',(60.5835736223464,-41.4974513831769,63.1973104768274));
#3354=CARTESIAN_POINT('Ctrl Pts',(60.2512017810904,-43.5771818036829,60.2241607168601));
#3355=CARTESIAN_POINT('Ctrl Pts',(59.8535986706132,-45.9326850695571,56.3796532332331));
#3356=CARTESIAN_POINT('Ctrl Pts',(59.4637648020792,-48.0281549382489,52.1776704459878));
#3357=CARTESIAN_POINT('Ctrl Pts',(59.0332368107857,-49.9024070809876,46.8778963588009));
#3358=CARTESIAN_POINT('Ctrl Pts',(58.7260033618485,-50.9430699467474,42.7334916412713));
#3359=CARTESIAN_POINT('Ctrl Pts',(58.5013375558096,-51.5038134412939,39.5130643458913));
#3360=CARTESIAN_POINT('Ctrl Pts',(58.2816488712808,-51.9257967641151,36.2725590574914));
#3361=CARTESIAN_POINT('Ctrl Pts',(57.9228925164811,-52.3166054074755,30.7734619198899));
#3362=CARTESIAN_POINT('Ctrl Pts',(57.4707800771036,-51.955182579781,23.5320068561206));
#3363=CARTESIAN_POINT('Ctrl Pts',(57.0999572088055,-50.8100458316606,17.4175390504652));
#3364=CARTESIAN_POINT('Ctrl Pts',(56.8457316900092,-49.6167494334028,13.0029316910895));
#3365=CARTESIAN_POINT('Ctrl Pts',(56.6518698441311,-48.4164320002258,9.43663079831962));
#3366=CARTESIAN_POINT('Ctrl Pts',(56.5076726789786,-47.0950412958107,6.36842339390454));
#3367=CARTESIAN_POINT('Ctrl Pts',(56.4021379921661,-45.7892214381811,3.72207555930428));
#3368=CARTESIAN_POINT('Ctrl Pts',(56.3375889064618,-44.7312812740164,1.78562435782331));
#3369=CARTESIAN_POINT('Ctrl Pts',(56.2950257090096,-43.5766139844939,-0.0893075820311733));
#3370=CARTESIAN_POINT('Ctrl Pts',(56.2795899241423,-42.8942809088416,-1.12377019769743));
#3371=CARTESIAN_POINT('Ctrl Pts',(56.2744323685607,-42.5848246619139,-1.57865800543203));
#3372=CARTESIAN_POINT('Ctrl Pts',(56.2724375004052,-42.4280203828397,-1.80670406289081));
#3373=CARTESIAN_POINT('Ctrl Pts',(56.2702409094006,-42.2992728036079,-1.99208778397569));
#3374=CARTESIAN_POINT('Ctrl Pts',(56.2702387215354,-42.1900188823494,-2.14839975460862));
#3375=CARTESIAN_POINT('Ctrl Pts',(56.2591538264164,-41.799327507183,-2.69873004895795));
#3376=CARTESIAN_POINT('Ctrl Pts',(56.2390315423059,-41.12290687231,-3.6507647736359));
#3377=CARTESIAN_POINT('Ctrl Pts',(56.2215392842373,-40.443609953937,-4.60752573589173));
#3378=CARTESIAN_POINT('Ctrl Pts',(56.2130487940423,-40.1047982370086,-5.08466576472222));
#3379=CARTESIAN_POINT('Ctrl Pts',(58.5935208634907,-32.3033503352247,76.0510697129795));
#3380=CARTESIAN_POINT('Ctrl Pts',(58.5017604599921,-32.4826626219888,75.3749890131772));
#3381=CARTESIAN_POINT('Ctrl Pts',(58.1026505258353,-33.2243200244206,73.3024297270303));
#3382=CARTESIAN_POINT('Ctrl Pts',(57.2330310174129,-35.3886317576574,70.0737055666901));
#3383=CARTESIAN_POINT('Ctrl Pts',(56.2338331797213,-38.2891832557901,66.2845482613649));
#3384=CARTESIAN_POINT('Ctrl Pts',(55.4521794393324,-40.6179595910345,63.1253266230662));
#3385=CARTESIAN_POINT('Ctrl Pts',(54.7979235259432,-42.5369008977964,60.1977373712875));
#3386=CARTESIAN_POINT('Ctrl Pts',(54.0202883330059,-44.6912694505947,56.4234381995787));
#3387=CARTESIAN_POINT('Ctrl Pts',(53.2579291255231,-46.5772466499504,52.3127724920764));
#3388=CARTESIAN_POINT('Ctrl Pts',(52.3902750442178,-48.2094349645902,47.1484782822239));
#3389=CARTESIAN_POINT('Ctrl Pts',(51.7482478563031,-49.0759923684175,43.1175143083041));
#3390=CARTESIAN_POINT('Ctrl Pts',(51.2647857924073,-49.5115737176055,39.9847649890389));
#3391=CARTESIAN_POINT('Ctrl Pts',(50.7855325800718,-49.813458139702,36.8296115501443));
#3392=CARTESIAN_POINT('Ctrl Pts',(49.9911793510639,-50.0137551781257,31.4655296873275));
#3393=CARTESIAN_POINT('Ctrl Pts',(48.9969047538816,-49.4351784982404,24.3489561842234));
#3394=CARTESIAN_POINT('Ctrl Pts',(48.2876588621705,-48.1429610916187,18.2380169942641));
#3395=CARTESIAN_POINT('Ctrl Pts',(47.8742838328882,-46.8630797378802,13.7716422871302));
#3396=CARTESIAN_POINT('Ctrl Pts',(47.6112422889786,-45.6072200878959,10.1281180315779));
#3397=CARTESIAN_POINT('Ctrl Pts',(47.4910675287775,-44.2601460263438,6.94834753550897));
#3398=CARTESIAN_POINT('Ctrl Pts',(47.4576611597651,-42.9481488813296,4.1790844267322));
#3399=CARTESIAN_POINT('Ctrl Pts',(47.4781571413084,-41.8960262917901,2.13602705026439));
#3400=CARTESIAN_POINT('Ctrl Pts',(47.5603105808017,-40.7621576390354,0.136083493086089));
#3401=CARTESIAN_POINT('Ctrl Pts',(47.6286334036461,-40.097042163907,-0.97505238414006));
#3402=CARTESIAN_POINT('Ctrl Pts',(47.6634961411478,-39.7963935984842,-1.46531860063287));
#3403=CARTESIAN_POINT('Ctrl Pts',(47.6820024290853,-39.6442451607214,-1.71129235457772));
#3404=CARTESIAN_POINT('Ctrl Pts',(47.6972679114567,-39.5194024282271,-1.9117689385353));
#3405=CARTESIAN_POINT('Ctrl Pts',(47.7114515332812,-39.4136459682287,-2.08030436052332));
#3406=CARTESIAN_POINT('Ctrl Pts',(47.7578667662781,-39.0353040134507,-2.67918683888257));
#3407=CARTESIAN_POINT('Ctrl Pts',(47.8372495407647,-38.3826873263919,-3.71569456162275));
#3408=CARTESIAN_POINT('Ctrl Pts',(47.9171073156873,-37.7324356484164,-4.75622284899557));
#3409=CARTESIAN_POINT('Ctrl Pts',(47.9567825587133,-37.4094280332287,-5.27505711590275));
#3410=CARTESIAN_POINT('Ctrl Pts',(54.3491446664202,-31.2561589926538,76.1451463445263));
#3411=CARTESIAN_POINT('Ctrl Pts',(54.2045571651849,-31.4480776646077,75.4167016868062));
#3412=CARTESIAN_POINT('Ctrl Pts',(53.5761617174226,-32.2117858263907,73.1991562070665));
#3413=CARTESIAN_POINT('Ctrl Pts',(52.1229439901249,-34.3011915686638,69.8624408277417));
#3414=CARTESIAN_POINT('Ctrl Pts',(50.4672250943693,-37.0567658377638,66.0365549426473));
#3415=CARTESIAN_POINT('Ctrl Pts',(49.2077471357975,-39.2571594513756,62.8846239926896));
#3416=CARTESIAN_POINT('Ctrl Pts',(48.1885853438301,-41.0598447144869,59.9950138340152));
#3417=CARTESIAN_POINT('Ctrl Pts',(47.0008041491568,-43.0733229704506,56.2964188487779));
#3418=CARTESIAN_POINT('Ctrl Pts',(45.8548885497152,-44.8204556656035,52.3025845801852));
#3419=CARTESIAN_POINT('Ctrl Pts',(44.512917528935,-46.3071967189845,47.3251393835438));
#3420=CARTESIAN_POINT('Ctrl Pts',(43.4733121909237,-47.0772542802794,43.4553936892696));
#3421=CARTESIAN_POINT('Ctrl Pts',(42.6559226539754,-47.448246511611,40.4509900178326));
#3422=CARTESIAN_POINT('Ctrl Pts',(41.8256832947096,-47.6910531759011,37.4239806223184));
#3423=CARTESIAN_POINT('Ctrl Pts',(40.4062643788657,-47.8055478584186,32.2718213658535));
#3424=CARTESIAN_POINT('Ctrl Pts',(38.5492251558117,-47.1544634298147,25.384653856244));
#3425=CARTESIAN_POINT('Ctrl Pts',(37.2592054781106,-45.8544982110434,19.3485361321802));
#3426=CARTESIAN_POINT('Ctrl Pts',(36.5547699167251,-44.6011442748249,14.8641686810441));
#3427=CARTESIAN_POINT('Ctrl Pts',(36.1468926377409,-43.3890304102077,11.1561555318618));
#3428=CARTESIAN_POINT('Ctrl Pts',(36.0304627818938,-42.1108251921031,7.85285383786801));
#3429=CARTESIAN_POINT('Ctrl Pts',(36.0780125782496,-40.8777284854662,4.93526313162332));
#3430=CARTESIAN_POINT('Ctrl Pts',(36.2063765005107,-39.8956113923688,2.75768791626112));
#3431=CARTESIAN_POINT('Ctrl Pts',(36.4557713248718,-38.8456669339436,0.593456182265767));
#3432=CARTESIAN_POINT('Ctrl Pts',(36.6382255608936,-38.2326388107445,-0.62005162095569));
#3433=CARTESIAN_POINT('Ctrl Pts',(36.727960545608,-37.9560067391649,-1.15799211111809));
#3434=CARTESIAN_POINT('Ctrl Pts',(36.7745069287999,-37.8162928357267,-1.42790939749183));
#3435=CARTESIAN_POINT('Ctrl Pts',(36.814043223564,-37.7011685843127,-1.64938091646885));
#3436=CARTESIAN_POINT('Ctrl Pts',(36.847237707717,-37.6048489951766,-1.83330932275934));
#3437=CARTESIAN_POINT('Ctrl Pts',(36.9763606051301,-37.2522432457053,-2.50581792507128));
#3438=CARTESIAN_POINT('Ctrl Pts',(37.1987237338845,-36.6441477887068,-3.67242999780742));
#3439=CARTESIAN_POINT('Ctrl Pts',(37.4159448105782,-36.0417524780022,-4.84179979080365));
#3440=CARTESIAN_POINT('Ctrl Pts',(37.5230675096839,-35.74308989383,-5.42521895551946));
#3441=CARTESIAN_POINT('Ctrl Pts',(51.5637202664386,-30.3981332220655,76.2253286903036));
#3442=CARTESIAN_POINT('Ctrl Pts',(51.3814909351866,-30.5991878700354,75.464314807328));
#3443=CARTESIAN_POINT('Ctrl Pts',(50.5919113607375,-31.3828349138805,73.1463405018373));
#3444=CARTESIAN_POINT('Ctrl Pts',(48.7250316428982,-33.4495408484725,69.7160694366178));
#3445=CARTESIAN_POINT('Ctrl Pts',(46.6080674047276,-36.1457986014679,65.8504292694784));
#3446=CARTESIAN_POINT('Ctrl Pts',(45.0178485125252,-38.2927228060774,62.6949052700307));
#3447=CARTESIAN_POINT('Ctrl Pts',(43.7511543809539,-40.047938458475,59.8272372657705));
#3448=CARTESIAN_POINT('Ctrl Pts',(42.2888984215308,-42.0064514705882,56.1778090160077));
#3449=CARTESIAN_POINT('Ctrl Pts',(40.8896731188732,-43.7040126024519,52.2640272884416));
#3450=CARTESIAN_POINT('Ctrl Pts',(39.2282280193518,-45.1482242922765,47.4157495312673));
#3451=CARTESIAN_POINT('Ctrl Pts',(37.9130511631127,-45.8960392230596,43.6576383953934));
#3452=CARTESIAN_POINT('Ctrl Pts',(36.8587783611259,-46.2560633460797,40.7426150197352));
#3453=CARTESIAN_POINT('Ctrl Pts',(35.7765295457221,-46.4913720397521,37.8056681031919));
#3454=CARTESIAN_POINT('Ctrl Pts',(33.9018689853158,-46.6017124976139,32.80427833165));
#3455=CARTESIAN_POINT('Ctrl Pts',(31.4015596013451,-45.9705742629411,26.0914526402799));
#3456=CARTESIAN_POINT('Ctrl Pts',(29.6702871916243,-44.7260066398629,20.1279746314644));
#3457=CARTESIAN_POINT('Ctrl Pts',(28.740458564938,-43.5349411967785,15.646024863196));
#3458=CARTESIAN_POINT('Ctrl Pts',(28.216143462284,-42.3880993296499,11.9047010827624));
#3459=CARTESIAN_POINT('Ctrl Pts',(28.0929563557678,-41.1857260127137,8.52336827766118));
#3460=CARTESIAN_POINT('Ctrl Pts',(28.1908906109192,-40.029411490377,5.50800362892075));
#3461=CARTESIAN_POINT('Ctrl Pts',(28.3912543671395,-39.110520581167,3.23990786832025));
#3462=CARTESIAN_POINT('Ctrl Pts',(28.7554140748996,-38.130481134876,0.963169488214298));
#3463=CARTESIAN_POINT('Ctrl Pts',(29.0168015617258,-37.5590277905086,-0.320950516999016));
#3464=CARTESIAN_POINT('Ctrl Pts',(29.1445718653976,-37.3012087967365,-0.891909086768337));
#3465=CARTESIAN_POINT('Ctrl Pts',(29.210582898208,-37.1711862170326,-1.1783486913865));
#3466=CARTESIAN_POINT('Ctrl Pts',(29.2669362856286,-37.0635549940295,-1.41455803629684));
#3467=CARTESIAN_POINT('Ctrl Pts',(29.3133927519781,-36.9745703422346,-1.60883202577126));
#3468=CARTESIAN_POINT('Ctrl Pts',(29.4995919227986,-36.6412032638674,-2.33477955259503));
#3469=CARTESIAN_POINT('Ctrl Pts',(29.820458497815,-36.0655839153413,-3.59644003002697));
#3470=CARTESIAN_POINT('Ctrl Pts',(30.1321725530932,-35.4968878484175,-4.86005388683663));
#3471=CARTESIAN_POINT('Ctrl Pts',(30.285634291178,-35.2150257644474,-5.49086860158264));
#3472=CARTESIAN_POINT('Ctrl Pts',(48.1912284512624,-29.0215996119879,76.3517495495103));
#3473=CARTESIAN_POINT('Ctrl Pts',(47.9591211798304,-29.2335086734265,75.5590348231062));
#3474=CARTESIAN_POINT('Ctrl Pts',(46.9516673131893,-30.0485737233418,73.1207675837258));
#3475=CARTESIAN_POINT('Ctrl Pts',(44.506135363339,-32.1482319182967,69.538791777879));
#3476=CARTESIAN_POINT('Ctrl Pts',(41.7461600062427,-34.861708897221,65.598303573482));
#3477=CARTESIAN_POINT('Ctrl Pts',(39.6986609955439,-37.0216096258612,62.4250588845044));
#3478=CARTESIAN_POINT('Ctrl Pts',(38.0936981148702,-38.7922824311727,59.5807068328538));
#3479=CARTESIAN_POINT('Ctrl Pts',(36.2588811755682,-40.7786385464502,55.9924798620875));
#3480=CARTESIAN_POINT('Ctrl Pts',(34.5176807169719,-42.5199570197287,52.1837322409352));
#3481=CARTESIAN_POINT('Ctrl Pts',(32.4164111533211,-44.0436717467779,47.5026243591413));
#3482=CARTESIAN_POINT('Ctrl Pts',(30.7127437587044,-44.8661733589062,43.8875351505859));
#3483=CARTESIAN_POINT('Ctrl Pts',(29.3185677065798,-45.2907218615462,41.0873101028922));
#3484=CARTESIAN_POINT('Ctrl Pts',(27.8714534655614,-45.5944248318235,38.267796093313));
#3485=CARTESIAN_POINT('Ctrl Pts',(25.3309160225246,-45.828295026965,33.4660610626245));
#3486=CARTESIAN_POINT('Ctrl Pts',(21.8726266424537,-45.3857192794299,27.012681601559));
#3487=CARTESIAN_POINT('Ctrl Pts',(19.4712102690774,-44.3547280578055,21.1907981297215));
#3488=CARTESIAN_POINT('Ctrl Pts',(18.1904310797023,-43.3447387263478,16.7440893853295));
#3489=CARTESIAN_POINT('Ctrl Pts',(17.4759790218416,-42.3606224430449,12.9833348201495));
#3490=CARTESIAN_POINT('Ctrl Pts',(17.3219359164315,-41.316112817928,9.51518527109229));
#3491=CARTESIAN_POINT('Ctrl Pts',(17.4723197325064,-40.3038518499639,6.38173414054729));
#3492=CARTESIAN_POINT('Ctrl Pts',(17.7604005365574,-39.4949209229775,4.0001817872418));
#3493=CARTESIAN_POINT('Ctrl Pts',(18.2720348018046,-38.625384461416,1.57818996919457));
#3494=CARTESIAN_POINT('Ctrl Pts',(18.6363391906734,-38.1159959498918,0.201748392232287));
#3495=CARTESIAN_POINT('Ctrl Pts',(18.8138699256147,-37.8855254281045,-0.41268139938917));
#3496=CARTESIAN_POINT('Ctrl Pts',(18.9054845738109,-37.7694724173157,-0.720746175752602));
#3497=CARTESIAN_POINT('Ctrl Pts',(18.9836649881419,-37.6725115665174,-0.976797884043579));
#3498=CARTESIAN_POINT('Ctrl Pts',(19.0479907866566,-37.5940043454927,-1.18400520533388));
#3499=CARTESIAN_POINT('Ctrl Pts',(19.3061398319886,-37.2870777539316,-1.98572847772913));
#3500=CARTESIAN_POINT('Ctrl Pts',(19.7506048908844,-36.7546301675908,-3.38360092119931));
#3501=CARTESIAN_POINT('Ctrl Pts',(20.1814428160035,-36.2283502523915,-4.78277729867702));
#3502=CARTESIAN_POINT('Ctrl Pts',(20.3933274179282,-35.9669661963601,-5.48214117175475));
#3503=CARTESIAN_POINT('Ctrl Pts',(44.453425897005,-26.9174416451992,76.5206015096028));
#3504=CARTESIAN_POINT('Ctrl Pts',(44.1639188069275,-27.1383722517963,75.7033421692636));
#3505=CARTESIAN_POINT('Ctrl Pts',(42.8734523889237,-27.9915557967788,73.1288757456358));
#3506=CARTESIAN_POINT('Ctrl Pts',(39.6114972281134,-30.1927618327269,69.3346625365495));
#3507=CARTESIAN_POINT('Ctrl Pts',(35.9355040076526,-33.0272605697093,65.2887668843509));
#3508=CARTESIAN_POINT('Ctrl Pts',(33.2268140292597,-35.2947359220493,62.0911438152407));
#3509=CARTESIAN_POINT('Ctrl Pts',(31.1223083689547,-37.1731470663377,59.2839767247234));
#3510=CARTESIAN_POINT('Ctrl Pts',(28.7269268199947,-39.3117825341664,55.7901991690121));
#3511=CARTESIAN_POINT('Ctrl Pts',(26.4593249732682,-41.2421839511209,52.1420255790069));
#3512=CARTESIAN_POINT('Ctrl Pts',(23.6847442098403,-43.0498866118345,47.7036237953452));
#3513=CARTESIAN_POINT('Ctrl Pts',(21.3965574146927,-44.116095800729,44.2839096574097));
#3514=CARTESIAN_POINT('Ctrl Pts',(19.4967417108682,-44.7378230374713,41.6351983999935));
#3515=CARTESIAN_POINT('Ctrl Pts',(17.509729572949,-45.2436136738634,38.9690837987242));
#3516=CARTESIAN_POINT('Ctrl Pts',(13.987782988474,-45.8279149456853,34.4286076942711));
#3517=CARTESIAN_POINT('Ctrl Pts',(9.12736091837248,-45.8794393022112,28.3127403067986));
#3518=CARTESIAN_POINT('Ctrl Pts',(5.73091134575377,-45.3100326746538,22.661588398079));
#3519=CARTESIAN_POINT('Ctrl Pts',(3.90914897760186,-44.6492852671095,18.2431325262279));
#3520=CARTESIAN_POINT('Ctrl Pts',(2.88241443731376,-43.9550465591943,14.4368225919592));
#3521=CARTESIAN_POINT('Ctrl Pts',(2.63599425243135,-43.1635304513287,10.8305606045157));
#3522=CARTESIAN_POINT('Ctrl Pts',(2.81144394761158,-42.3676216162837,7.51660767624756));
#3523=CARTESIAN_POINT('Ctrl Pts',(3.18314150490052,-41.7153502110142,4.9644851242264));
#3524=CARTESIAN_POINT('Ctrl Pts',(3.85846074544758,-40.9932466783861,2.32639781111017));
#3525=CARTESIAN_POINT('Ctrl Pts',(4.34165916424729,-40.5633057415078,0.812907018747017));
#3526=CARTESIAN_POINT('Ctrl Pts',(4.5774227832149,-40.3673287607109,0.134126848673443));
#3527=CARTESIAN_POINT('Ctrl Pts',(4.69917577334769,-40.2684908768847,-0.206223137154139));
#3528=CARTESIAN_POINT('Ctrl Pts',(4.80298671937899,-40.185457581802,-0.491014700731829));
#3529=CARTESIAN_POINT('Ctrl Pts',(4.88866686484024,-40.1186672980469,-0.718608707004501));
#3530=CARTESIAN_POINT('Ctrl Pts',(5.23076672601369,-39.8526359535421,-1.62413254402894));
#3531=CARTESIAN_POINT('Ctrl Pts',(5.82072216354355,-39.3883301783765,-3.20688562807175));
#3532=CARTESIAN_POINT('Ctrl Pts',(6.39538361489456,-38.9252241699769,-4.79019190397021));
#3533=CARTESIAN_POINT('Ctrl Pts',(6.67871541616681,-38.6939395459608,-5.58227429248183));
#3534=CARTESIAN_POINT('Ctrl Pts',(42.2249684891165,-25.2371732630356,76.629976262584));
#3535=CARTESIAN_POINT('Ctrl Pts',(41.9018330795368,-25.4625109043947,75.7998347030514));
#3536=CARTESIAN_POINT('Ctrl Pts',(40.4129415132742,-26.3386360128495,73.1277711378388));
#3537=CARTESIAN_POINT('Ctrl Pts',(36.5318229842358,-28.6026019770561,69.1801090318522));
#3538=CARTESIAN_POINT('Ctrl Pts',(32.151659288728,-31.5114488385374,65.0617283529834));
#3539=CARTESIAN_POINT('Ctrl Pts',(28.9239154101642,-33.8479060932826,61.8511475488815));
#3540=CARTESIAN_POINT('Ctrl Pts',(26.4167696311573,-35.7973206583749,59.0788749254668));
#3541=CARTESIAN_POINT('Ctrl Pts',(23.5600887759526,-38.0385700763698,55.669870223498));
#3542=CARTESIAN_POINT('Ctrl Pts',(20.8483905813578,-40.0984049766469,52.1683074341821));
#3543=CARTESIAN_POINT('Ctrl Pts',(17.510160544181,-42.118806659338,47.969441451659));
#3544=CARTESIAN_POINT('Ctrl Pts',(14.7462076488826,-43.388372387342,44.7470813531189));
#3545=CARTESIAN_POINT('Ctrl Pts',(12.446678709614,-44.1887245484316,42.239881098809));
#3546=CARTESIAN_POINT('Ctrl Pts',(10.0388114534121,-44.881677938202,39.7062922376467));
#3547=CARTESIAN_POINT('Ctrl Pts',(5.76584295578894,-45.7957406805213,35.3576228822487));
#3548=CARTESIAN_POINT('Ctrl Pts',(-0.156212713374781,-46.2689750538599,
29.4258174043938));
#3549=CARTESIAN_POINT('Ctrl Pts',(-4.32568295621078,-46.0559889876414,23.8265975486172));
#3550=CARTESIAN_POINT('Ctrl Pts',(-6.58116038062376,-45.6561403288671,19.3697351928907));
#3551=CARTESIAN_POINT('Ctrl Pts',(-7.87070110095105,-45.1735052784594,15.481348687961));
#3552=CARTESIAN_POINT('Ctrl Pts',(-8.21699060089013,-44.5643221292589,11.7313673184843));
#3553=CARTESIAN_POINT('Ctrl Pts',(-8.05175563523156,-43.9240890056197,8.24931771355925));
#3554=CARTESIAN_POINT('Ctrl Pts',(-7.63990508258533,-43.3846936386384,5.5463105446372));
#3555=CARTESIAN_POINT('Ctrl Pts',(-6.86462598330192,-42.7695720351284,2.72609514095906));
#3556=CARTESIAN_POINT('Ctrl Pts',(-6.30493886705595,-42.3976657351359,1.09946702238274));
#3557=CARTESIAN_POINT('Ctrl Pts',(-6.03107737155938,-42.2270173763591,0.368250572291315));
#3558=CARTESIAN_POINT('Ctrl Pts',(-5.88952507780079,-42.1407516412504,0.00127328145694943));
#3559=CARTESIAN_POINT('Ctrl Pts',(-5.76873208037095,-42.0681745666598,-0.305931879223641));
#3560=CARTESIAN_POINT('Ctrl Pts',(-5.66900469386255,-42.0096205869335,-0.55176027080771));
#3561=CARTESIAN_POINT('Ctrl Pts',(-5.27027861629132,-41.7764710428047,-1.52935694900831));
#3562=CARTESIAN_POINT('Ctrl Pts',(-4.58092324562481,-41.3674507267763,-3.23794024335924));
#3563=CARTESIAN_POINT('Ctrl Pts',(-3.90587844296414,-40.9549514169285,-4.94711393397965));
#3564=CARTESIAN_POINT('Ctrl Pts',(-3.57208487546653,-40.7477659033656,-5.80212556433766));
#3565=CARTESIAN_POINT('Ctrl Pts',(40.1559176658913,-23.4386138002842,76.7318964389617));
#3566=CARTESIAN_POINT('Ctrl Pts',(39.8018016143284,-23.6688179877775,75.8883319922259));
#3567=CARTESIAN_POINT('Ctrl Pts',(38.1128846708019,-24.5664254364495,73.1123093439247));
#3568=CARTESIAN_POINT('Ctrl Pts',(33.5923776620621,-26.8700711482468,69.006928162095));
#3569=CARTESIAN_POINT('Ctrl Pts',(28.4835886457204,-29.8162525377681,64.8123830404536));
#3570=CARTESIAN_POINT('Ctrl Pts',(24.7158087949215,-32.1888627954856,61.5863942108458));
#3571=CARTESIAN_POINT('Ctrl Pts',(21.7876516648374,-34.1778732825533,58.8475181552893));
#3572=CARTESIAN_POINT('Ctrl Pts',(18.4469907139758,-36.4797021174193,55.5236674063429));
#3573=CARTESIAN_POINT('Ctrl Pts',(15.2681673002111,-38.6192255752118,52.1733447951464));
#3574=CARTESIAN_POINT('Ctrl Pts',(11.335970508238,-40.7819598340333,48.2377257852102));
#3575=CARTESIAN_POINT('Ctrl Pts',(8.06934354338915,-42.2000791364124,45.2462929583972));
#3576=CARTESIAN_POINT('Ctrl Pts',(5.3464209142115,-43.1461269899713,42.9154536050987));
#3577=CARTESIAN_POINT('Ctrl Pts',(2.49300031217204,-44.0012005048712,40.5487580204622));
#3578=CARTESIAN_POINT('Ctrl Pts',(-2.57505559307615,-45.2300996324131,36.4503899703269));
#3579=CARTESIAN_POINT('Ctrl Pts',(-9.60988945403769,-46.1541330139203,30.6967489800004));
#3580=CARTESIAN_POINT('Ctrl Pts',(-14.5891206856784,-46.2950667013209,25.0914423840665));
#3581=CARTESIAN_POINT('Ctrl Pts',(-17.3032135552939,-46.1487320092129,20.5549538455835));
#3582=CARTESIAN_POINT('Ctrl Pts',(-18.8737101032338,-45.8687251571177,16.5493376703317));
#3583=CARTESIAN_POINT('Ctrl Pts',(-19.3328881359836,-45.4348422296888,12.6288105149132));
#3584=CARTESIAN_POINT('Ctrl Pts',(-19.1870818193434,-44.9455339610817,8.95647981356767));
#3585=CARTESIAN_POINT('Ctrl Pts',(-18.7406470049433,-44.5166872128849,6.08763611140746));
#3586=CARTESIAN_POINT('Ctrl Pts',(-17.8690953618223,-44.0080761695446,3.07193621353988));
#3587=CARTESIAN_POINT('Ctrl Pts',(-17.2343630656321,-43.6946767589339,1.3252862067867));
#3588=CARTESIAN_POINT('Ctrl Pts',(-16.9229073337511,-43.549717761035,0.538723159728066));
#3589=CARTESIAN_POINT('Ctrl Pts',(-16.7617836279217,-43.4762235082538,0.143561989697979));
#3590=CARTESIAN_POINT('Ctrl Pts',(-16.6241880986197,-43.4143245946231,-0.186927303024988));
#3591=CARTESIAN_POINT('Ctrl Pts',(-16.5105284275521,-43.3641222632467,-0.452530223587425));
#3592=CARTESIAN_POINT('Ctrl Pts',(-16.0556956493736,-43.1649714726654,-1.50171009381508));
#3593=CARTESIAN_POINT('Ctrl Pts',(-15.2675086125635,-42.8136052344581,-3.33428609308105));
#3594=CARTESIAN_POINT('Ctrl Pts',(-14.4919055236473,-42.4547297934074,-5.16781867288274));
#3595=CARTESIAN_POINT('Ctrl Pts',(-14.1073731946269,-42.2733459185685,-6.08484077868497));
#3596=CARTESIAN_POINT('Ctrl Pts',(38.2458045354143,-21.5211182388909,76.8263827509552));
#3597=CARTESIAN_POINT('Ctrl Pts',(37.8633486845918,-21.7566511636044,75.9688487593747));
#3598=CARTESIAN_POINT('Ctrl Pts',(35.972745592762,-22.6742868159638,73.0824657025259));
#3599=CARTESIAN_POINT('Ctrl Pts',(30.7924217599844,-24.9945104658694,68.8150442393749));
#3600=CARTESIAN_POINT('Ctrl Pts',(24.9303213267728,-27.9409695844528,64.5406270576432));
#3601=CARTESIAN_POINT('Ctrl Pts',(20.6013504147173,-30.3168656739035,61.2967704561359));
#3602=CARTESIAN_POINT('Ctrl Pts',(17.2336753724489,-32.3140289498888,58.5897978879445));
#3603=CARTESIAN_POINT('Ctrl Pts',(13.3861978962144,-34.6343566219353,55.3515021051976));
#3604=CARTESIAN_POINT('Ctrl Pts',(9.71707107157758,-36.8037710235026,52.1570902016263));
#3605=CARTESIAN_POINT('Ctrl Pts',(5.16039746876536,-39.0384002361194,48.5085221619851));
#3606=CARTESIAN_POINT('Ctrl Pts',(1.36402019911487,-40.5502192884408,45.7816911124166));
#3607=CARTESIAN_POINT('Ctrl Pts',(-1.80612287965739,-41.6090133601395,43.6621572570654));
#3608=CARTESIAN_POINT('Ctrl Pts',(-5.12995020089648,-42.6011595814054,41.4968166898706));
#3609=CARTESIAN_POINT('Ctrl Pts',(-11.0374395135608,-44.1300139376759,37.7074048933133));
#3610=CARTESIAN_POINT('Ctrl Pts',(-19.2365752719205,-45.5340891715791,32.1260888909743));
#3611=CARTESIAN_POINT('Ctrl Pts',(-25.0625776560684,-46.0265311610976,26.4566052091223));
#3612=CARTESIAN_POINT('Ctrl Pts',(-28.260342090325,-46.1263831991582,21.7992010200499));
#3613=CARTESIAN_POINT('Ctrl Pts',(-30.1300409228378,-46.0400716365148,17.6411283968381));
#3614=CARTESIAN_POINT('Ctrl Pts',(-30.7151693536624,-45.7744947990949,13.5231517934179));
#3615=CARTESIAN_POINT('Ctrl Pts',(-30.5980173760849,-45.4313958587545,9.63827819453834));
#3616=CARTESIAN_POINT('Ctrl Pts',(-30.1225602095592,-45.1107979311575,6.58858393398378));
#3617=CARTESIAN_POINT('Ctrl Pts',(-29.1583967687044,-44.7082552239068,3.3639746866038));
#3618=CARTESIAN_POINT('Ctrl Pts',(-28.4500412504774,-44.4538519915109,1.49037772316756));
#3619=CARTESIAN_POINT('Ctrl Pts',(-28.1014839903029,-44.3349507752852,0.645539332985809));
#3620=CARTESIAN_POINT('Ctrl Pts',(-27.9210110460766,-44.2744312077679,0.220628286871033));
#3621=CARTESIAN_POINT('Ctrl Pts',(-27.7667876156699,-44.2234356370171,-0.134023117364616));
#3622=CARTESIAN_POINT('Ctrl Pts',(-27.6393064799121,-44.1817028947714,-0.420947681167433));
#3623=CARTESIAN_POINT('Ctrl Pts',(-27.1288703791976,-44.0176781803212,-1.54124132641694));
#3624=CARTESIAN_POINT('Ctrl Pts',(-26.2423913679123,-43.726352846596,-3.49600679290513));
#3625=CARTESIAN_POINT('Ctrl Pts',(-25.3660254607395,-43.4241368307329,-5.4524244539092));
#3626=CARTESIAN_POINT('Ctrl Pts',(-24.9304623238797,-43.2702663687402,-6.43055545930805));
#3627=CARTESIAN_POINT('Ctrl Pts',(35.9201213268705,-18.3708621729616,76.9340155298113));
#3628=CARTESIAN_POINT('Ctrl Pts',(35.5012315121431,-18.6181593666718,76.0526780079246));
#3629=CARTESIAN_POINT('Ctrl Pts',(33.3142784392934,-19.5614457553619,72.9891844770895));
#3630=CARTESIAN_POINT('Ctrl Pts',(27.1522545157501,-21.8184818807655,68.4746277243281));
#3631=CARTESIAN_POINT('Ctrl Pts',(20.1799986907092,-24.6301129856508,64.0664594075542));
#3632=CARTESIAN_POINT('Ctrl Pts',(15.026796482787,-26.8901722606225,60.7803685228389));
#3633=CARTESIAN_POINT('Ctrl Pts',(11.0192965721831,-28.786557756724,58.1021242231489));
#3634=CARTESIAN_POINT('Ctrl Pts',(6.44105367226551,-30.987253526359,54.9625343500255));
#3635=CARTESIAN_POINT('Ctrl Pts',(2.07746264229879,-33.0386671319443,51.9616298594678));
#3636=CARTESIAN_POINT('Ctrl Pts',(-3.35511374300567,-35.15350833785,48.67554550098));
#3637=CARTESIAN_POINT('Ctrl Pts',(-7.90393452457493,-36.6065251336366,46.2889011299199));
#3638=CARTESIAN_POINT('Ctrl Pts',(-11.7248404981031,-37.6561281177387,44.4665917409434));
#3639=CARTESIAN_POINT('Ctrl Pts',(-15.7454689791257,-38.6778289204419,42.6069954187758));
#3640=CARTESIAN_POINT('Ctrl Pts',(-22.9242411051965,-40.3306085900385,39.3702403143853));
#3641=CARTESIAN_POINT('Ctrl Pts',(-32.9702194979023,-42.2797211988596,34.3274833679719));
#3642=CARTESIAN_POINT('Ctrl Pts',(-40.140804836752,-43.328592079788,28.5647494218351));
#3643=CARTESIAN_POINT('Ctrl Pts',(-44.099919894776,-43.7731919084945,23.679703347965));
#3644=CARTESIAN_POINT('Ctrl Pts',(-46.4404349186335,-43.9524258081387,19.2435066660406));
#3645=CARTESIAN_POINT('Ctrl Pts',(-47.2274039034371,-43.8995501160932,14.7953414900958));
#3646=CARTESIAN_POINT('Ctrl Pts',(-47.1643178872978,-43.7463801048036,10.5705454490979));
#3647=CARTESIAN_POINT('Ctrl Pts',(-46.6531441226957,-43.5662450670478,7.23917671286119));
#3648=CARTESIAN_POINT('Ctrl Pts',(-45.5586359721885,-43.3076787850211,3.69731666835719));
#3649=CARTESIAN_POINT('Ctrl Pts',(-44.7449484640946,-43.1350209323329,1.63301640836755));
#3650=CARTESIAN_POINT('Ctrl Pts',(-44.3431325490877,-43.0529691877768,0.701093291511071));
#3651=CARTESIAN_POINT('Ctrl Pts',(-44.1348172701729,-43.0107550720717,0.231640360563751));
#3652=CARTESIAN_POINT('Ctrl Pts',(-43.9567152756026,-42.9753840715467,-0.158696651323991));
#3653=CARTESIAN_POINT('Ctrl Pts',(-43.8092380230737,-42.9455828446495,-0.47802288997667));
#3654=CARTESIAN_POINT('Ctrl Pts',(-43.2192512067834,-42.8330530813981,-1.69967828394293));
#3655=CARTESIAN_POINT('Ctrl Pts',(-42.1920319585772,-42.6316031007536,-3.82744664348454));
#3656=CARTESIAN_POINT('Ctrl Pts',(-41.1708243656629,-42.4175995716424,-5.95830079654092));
#3657=CARTESIAN_POINT('Ctrl Pts',(-40.6617990529443,-42.3075643751571,-7.02298982429093));
#3658=CARTESIAN_POINT('Ctrl Pts',(34.1649629185621,-15.0398741890303,77.0030271773977));
#3659=CARTESIAN_POINT('Ctrl Pts',(33.7120059595553,-15.3023163239115,76.0962981778346));
#3660=CARTESIAN_POINT('Ctrl Pts',(31.2425292819406,-16.2626292518195,72.8574995929437));
#3661=CARTESIAN_POINT('Ctrl Pts',(24.1678138610538,-18.375316413141,68.1045355034281));
#3662=CARTESIAN_POINT('Ctrl Pts',(16.1836213698099,-20.9396797761445,63.5577792023862));
#3663=CARTESIAN_POINT('Ctrl Pts',(10.2883363954166,-22.9864098054724,60.2196913231062));
#3664=CARTESIAN_POINT('Ctrl Pts',(5.71561601347693,-24.6947339337189,57.5550452677142));
#3665=CARTESIAN_POINT('Ctrl Pts',(0.502597796895708,-26.6690367932896,54.4869237479054));
#3666=CARTESIAN_POINT('Ctrl Pts',(-4.44805421627124,-28.4949128097584,51.639745804502));
#3667=CARTESIAN_POINT('Ctrl Pts',(-10.6182271686652,-30.3742193776388,48.633524615211));
#3668=CARTESIAN_POINT('Ctrl Pts',(-15.8147843254246,-31.6848348785828,46.5067675032493));
#3669=CARTESIAN_POINT('Ctrl Pts',(-20.205187618889,-32.6492500975105,44.9081176598722));
#3670=CARTESIAN_POINT('Ctrl Pts',(-24.8422628768361,-33.6058389259431,43.2945522791469));
#3671=CARTESIAN_POINT('Ctrl Pts',(-33.1515208523093,-35.1768339962975,40.4894154803116));
#3672=CARTESIAN_POINT('Ctrl Pts',(-44.9003517727898,-37.2255202072082,36.1104855766842));
#3673=CARTESIAN_POINT('Ctrl Pts',(-53.4074535972438,-38.7030852411972,30.4882487279076));
#3674=CARTESIAN_POINT('Ctrl Pts',(-58.1259241100739,-39.4576619441303,25.425102436521));
#3675=CARTESIAN_POINT('Ctrl Pts',(-60.9335327332151,-39.8698911381059,20.728211627752));
#3676=CARTESIAN_POINT('Ctrl Pts',(-61.9146355934792,-39.9912724115901,15.9447070824061));
#3677=CARTESIAN_POINT('Ctrl Pts',(-61.9023141825754,-39.9910446342847,11.3889710274513));
#3678=CARTESIAN_POINT('Ctrl Pts',(-61.3552850696496,-39.9247827032112,7.78435949286002));
#3679=CARTESIAN_POINT('Ctrl Pts',(-60.1361791284371,-39.786878669683,3.94265130032541));
#3680=CARTESIAN_POINT('Ctrl Pts',(-59.222635215579,-39.6848268563609,1.69860721159759));
#3681=CARTESIAN_POINT('Ctrl Pts',(-58.7705583601717,-39.6350113591699,0.685253406907777));
#3682=CARTESIAN_POINT('Ctrl Pts',(-58.5359375636363,-39.6088706811883,0.173982645486598));
#3683=CARTESIAN_POINT('Ctrl Pts',(-58.3354389063055,-39.5874043701419,-0.249591447947886));
#3684=CARTESIAN_POINT('Ctrl Pts',(-58.1689414534363,-39.5679871631169,-0.599428894630328));
#3685=CARTESIAN_POINT('Ctrl Pts',(-57.5054270912106,-39.5027324734423,-1.9143944752461));
#3686=CARTESIAN_POINT('Ctrl Pts',(-56.3489369161293,-39.3852680603214,-4.20109325306067));
#3687=CARTESIAN_POINT('Ctrl Pts',(-55.1956113474611,-39.2560245308947,-6.49239259192895));
#3688=CARTESIAN_POINT('Ctrl Pts',(-54.6198912461796,-39.1888056222943,-7.63665468139549));
#3689=CARTESIAN_POINT('Ctrl Pts',(32.9830046800964,-11.6259346171758,77.035346484035));
#3690=CARTESIAN_POINT('Ctrl Pts',(32.4941963012808,-11.9034814573955,76.1031968050255));
#3691=CARTESIAN_POINT('Ctrl Pts',(29.7626056055716,-12.8660544703859,72.702963098419));
#3692=CARTESIAN_POINT('Ctrl Pts',(21.8897556524712,-14.7734354283059,67.7306838735005));
#3693=CARTESIAN_POINT('Ctrl Pts',(13.0439891647043,-17.0172434061905,63.0483217436391));
#3694=CARTESIAN_POINT('Ctrl Pts',(6.528970376962,-18.7892019909872,59.6536264282755));
#3695=CARTESIAN_POINT('Ctrl Pts',(1.49679898332817,-20.257203361819,56.9908825905915));
#3696=CARTESIAN_POINT('Ctrl Pts',(-4.2209669115563,-21.9453971367254,53.9720552178961));
#3697=CARTESIAN_POINT('Ctrl Pts',(-9.62185501415439,-23.4924574460052,51.2427512495944));
#3698=CARTESIAN_POINT('Ctrl Pts',(-16.3652653875952,-25.0886374513077,48.4532077991294));
#3699=CARTESIAN_POINT('Ctrl Pts',(-22.0840196239516,-26.2175447509371,46.5316032820056));
#3700=CARTESIAN_POINT('Ctrl Pts',(-26.9450280271058,-27.0613011273783,45.1142771017992));
#3701=CARTESIAN_POINT('Ctrl Pts',(-32.0925270026839,-27.9015920772977,43.7017849987217));
#3702=CARTESIAN_POINT('Ctrl Pts',(-41.3523919559069,-29.3085726343806,41.2542219049494));
#3703=CARTESIAN_POINT('Ctrl Pts',(-54.5135117961779,-31.1870772747341,37.4370674589664));
#3704=CARTESIAN_POINT('Ctrl Pts',(-64.2085295484789,-32.8250083817929,32.1231566218627));
#3705=CARTESIAN_POINT('Ctrl Pts',(-69.654002628572,-33.8224760908023,26.987160408338));
#3706=CARTESIAN_POINT('Ctrl Pts',(-72.9121098508616,-34.4312984232508,22.0599784378081));
#3707=CARTESIAN_POINT('Ctrl Pts',(-74.0748232054616,-34.6926568015198,16.9424672185013));
#3708=CARTESIAN_POINT('Ctrl Pts',(-74.1041655823963,-34.8037909657319,12.0645036454078));
#3709=CARTESIAN_POINT('Ctrl Pts',(-73.5194701284511,-34.8204360272266,8.19865957907748));
#3710=CARTESIAN_POINT('Ctrl Pts',(-72.1823301278002,-34.771492616114,4.07837626722821));
#3711=CARTESIAN_POINT('Ctrl Pts',(-71.1766234199359,-34.7237473249293,1.66922156449654));
#3712=CARTESIAN_POINT('Ctrl Pts',(-70.6784371900095,-34.6988867496984,0.581530298371926));
#3713=CARTESIAN_POINT('Ctrl Pts',(-70.4197143967258,-34.6852838699124,0.0320510919262141));
#3714=CARTESIAN_POINT('Ctrl Pts',(-70.1989497148589,-34.6749041872266,-0.421649936842139));
#3715=CARTESIAN_POINT('Ctrl Pts',(-70.0147833917297,-34.6633187510385,-0.799517042551683));
#3716=CARTESIAN_POINT('Ctrl Pts',(-69.28683816544,-34.6380800550894,-2.19743160631555));
#3717=CARTESIAN_POINT('Ctrl Pts',(-68.0185028948094,-34.5928260793023,-4.6249506372739));
#3718=CARTESIAN_POINT('Ctrl Pts',(-66.7523872001505,-34.5374032046598,-7.05870987063523));
#3719=CARTESIAN_POINT('Ctrl Pts',(-66.120272005405,-34.5078623437975,-8.27356920788229));
#3720=CARTESIAN_POINT('Ctrl Pts',(32.3833076277362,-8.3893339795575,77.0379405168587));
#3721=CARTESIAN_POINT('Ctrl Pts',(31.856545830794,-8.67538082919267,76.0836803090234));
#3722=CARTESIAN_POINT('Ctrl Pts',(28.8979105163707,-9.61827547134386,72.5530345055024));
#3723=CARTESIAN_POINT('Ctrl Pts',(20.3832154915694,-11.2844135030668,67.3993011614009));
#3724=CARTESIAN_POINT('Ctrl Pts',(10.8565545030789,-13.1748793568245,62.5985092312615));
#3725=CARTESIAN_POINT('Ctrl Pts',(3.85841786142049,-14.6462126087069,59.1502387865098));
#3726=CARTESIAN_POINT('Ctrl Pts',(-1.52629085138513,-15.8532032814274,56.4813559677774));
#3727=CARTESIAN_POINT('Ctrl Pts',(-7.62710585333756,-17.2324340840456,53.492391266027));
#3728=CARTESIAN_POINT('Ctrl Pts',(-13.3646597179858,-18.4832715195378,50.8458202967635));
#3729=CARTESIAN_POINT('Ctrl Pts',(-20.548093589857,-19.7723584128591,48.2159367847309));
#3730=CARTESIAN_POINT('Ctrl Pts',(-26.6761245819357,-20.6905479045249,46.4489456809042));
#3731=CARTESIAN_POINT('Ctrl Pts',(-31.9077607656844,-21.3823510476713,45.1706980165972));
#3732=CARTESIAN_POINT('Ctrl Pts',(-37.4556946591189,-22.0708080687536,43.9085561075101));
#3733=CARTESIAN_POINT('Ctrl Pts',(-47.4642228998531,-23.2373287508063,41.7371543833138));
#3734=CARTESIAN_POINT('Ctrl Pts',(-61.7209904452647,-24.8003354610582,38.3304248105181));
#3735=CARTESIAN_POINT('Ctrl Pts',(-72.3569775869864,-26.327713638301,33.3400697345983));
#3736=CARTESIAN_POINT('Ctrl Pts',(-78.4491510680588,-27.4093854403479,28.2425513701466));
#3737=CARTESIAN_POINT('Ctrl Pts',(-82.1442852247992,-28.1429564845463,23.1469377036616));
#3738=CARTESIAN_POINT('Ctrl Pts',(-83.4819148715476,-28.4889291515189,17.7147293168425));
#3739=CARTESIAN_POINT('Ctrl Pts',(-83.5446519673605,-28.6554331518718,12.5426291570053));
#3740=CARTESIAN_POINT('Ctrl Pts',(-82.920633327201,-28.7119580077736,8.44666346780608));
#3741=CARTESIAN_POINT('Ctrl Pts',(-81.4749355645,-28.7095123561575,4.09341405604933));
#3742=CARTESIAN_POINT('Ctrl Pts',(-80.387903788707,-28.6929536761558,1.54890019774736));
#3743=CARTESIAN_POINT('Ctrl Pts',(-79.8494768221758,-28.682827118737,0.400847557501839));
#3744=CARTESIAN_POINT('Ctrl Pts',(-79.5697178838249,-28.6766892408667,-0.179642950571569));
#3745=CARTESIAN_POINT('Ctrl Pts',(-79.3317713729805,-28.6732076674054,-0.657654364219984));
#3746=CARTESIAN_POINT('Ctrl Pts',(-79.1316729300891,-28.6660339408675,-1.05826163028494));
#3747=CARTESIAN_POINT('Ctrl Pts',(-78.3531731108265,-28.6680580708018,-2.52232095561607));
#3748=CARTESIAN_POINT('Ctrl Pts',(-76.998742772984,-28.6728402572463,-5.06200990083049));
#3749=CARTESIAN_POINT('Ctrl Pts',(-75.6462966703133,-28.6689992483289,-7.6094974942106));
#3750=CARTESIAN_POINT('Ctrl Pts',(-74.9714677014361,-28.6660300673537,-8.88072920959691));
#3751=CARTESIAN_POINT('Ctrl Pts',(32.278755702706,-6.18216323564666,77.0282497226727));
#3752=CARTESIAN_POINT('Ctrl Pts',(31.7231152325273,-6.46629679187295,76.0611708232707));
#3753=CARTESIAN_POINT('Ctrl Pts',(28.6196472656609,-7.37041054204647,72.459370943577));
#3754=CARTESIAN_POINT('Ctrl Pts',(19.723550115885,-8.82670070084786,67.2020680929879));
#3755=CARTESIAN_POINT('Ctrl Pts',(9.78760641170247,-10.4276155296982,62.3308503246172));
#3756=CARTESIAN_POINT('Ctrl Pts',(2.49595231727401,-11.6551939737337,58.8490125472608));
#3757=CARTESIAN_POINT('Ctrl Pts',(-3.10745489583908,-12.6511768357269,56.1732649395229));
#3758=CARTESIAN_POINT('Ctrl Pts',(-9.45033438467857,-13.7797421133991,53.1964104119959));
#3759=CARTESIAN_POINT('Ctrl Pts',(-15.4074779314237,-14.7889126725973,50.590079420213));
#3760=CARTESIAN_POINT('Ctrl Pts',(-22.8797729690482,-15.8145591076255,48.0424808961348));
#3761=CARTESIAN_POINT('Ctrl Pts',(-29.2701229735847,-16.5420952622549,46.3576197935978));
#3762=CARTESIAN_POINT('Ctrl Pts',(-34.7335056299837,-17.0915101706373,45.1546515625871));
#3763=CARTESIAN_POINT('Ctrl Pts',(-40.5290377499904,-17.6383845160054,43.9728735352513));
#3764=CARTESIAN_POINT('Ctrl Pts',(-50.9936263834887,-18.572507273513,41.9519868809717));
#3765=CARTESIAN_POINT('Ctrl Pts',(-65.9030613879931,-19.8368188629552,38.7542785948772));
#3766=CARTESIAN_POINT('Ctrl Pts',(-77.0845618423644,-21.1527499270997,33.9467195374726));
#3767=CARTESIAN_POINT('Ctrl Pts',(-83.5770485241817,-22.1679321022159,28.9111957704981));
#3768=CARTESIAN_POINT('Ctrl Pts',(-87.5758457879254,-22.9105286086835,23.7449987845704));
#3769=CARTESIAN_POINT('Ctrl Pts',(-89.0390516419266,-23.2705867464619,18.1171119820777));
#3770=CARTESIAN_POINT('Ctrl Pts',(-89.1206025212424,-23.4393846274797,12.770162628926));
#3771=CARTESIAN_POINT('Ctrl Pts',(-88.4675009684473,-23.5002730065434,8.54333398089391));
#3772=CARTESIAN_POINT('Ctrl Pts',(-86.9501210206816,-23.5102343221155,4.06579924822346));
#3773=CARTESIAN_POINT('Ctrl Pts',(-85.8117339656825,-23.5052439755614,1.45024549561505));
#3774=CARTESIAN_POINT('Ctrl Pts',(-85.2480736046561,-23.5009377400325,0.27085012414189));
#3775=CARTESIAN_POINT('Ctrl Pts',(-84.9551719888505,-23.4978933982892,-0.325735675123289));
#3776=CARTESIAN_POINT('Ctrl Pts',(-84.7067141926821,-23.4972549507671,-0.816420640272612));
#3777=CARTESIAN_POINT('Ctrl Pts',(-84.4964159628769,-23.4920315477899,-1.22864242604626));
#3778=CARTESIAN_POINT('Ctrl Pts',(-83.6890635360428,-23.5054300195471,-2.72802041846345));
#3779=CARTESIAN_POINT('Ctrl Pts',(-82.2858092043317,-23.5313270508408,-5.32796741160042));
#3780=CARTESIAN_POINT('Ctrl Pts',(-80.8834549773798,-23.54989702883,-7.93651029764145));
#3781=CARTESIAN_POINT('Ctrl Pts',(-80.1838556960651,-23.5586066817906,-9.23808284636513));
#3782=CARTESIAN_POINT('Ctrl Pts',(32.3162166995478,-4.56760993466557,77.0193868351326));
#3783=CARTESIAN_POINT('Ctrl Pts',(31.7379896778041,-4.84587515842713,76.0433696682402));
#3784=CARTESIAN_POINT('Ctrl Pts',(28.5328980118909,-5.70493153675008,72.3967815482017));
#3785=CARTESIAN_POINT('Ctrl Pts',(19.3840372087525,-6.98145105200251,67.0730842451725));
#3786=CARTESIAN_POINT('Ctrl Pts',(9.17399329870121,-8.34383614326039,62.1557019550628));
#3787=CARTESIAN_POINT('Ctrl Pts',(1.68378707305206,-9.3722156264519,58.6513813331048));
#3788=CARTESIAN_POINT('Ctrl Pts',(-4.07015219549555,-10.1964254368405,55.9701509221852));
#3789=CARTESIAN_POINT('Ctrl Pts',(-10.5818071087828,-11.1212580566588,52.9993853080702));
#3790=CARTESIAN_POINT('Ctrl Pts',(-16.6948436441527,-11.9349306277374,50.4162805763934));
#3791=CARTESIAN_POINT('Ctrl Pts',(-24.3708485290184,-12.7458672076169,47.9178670487697));
#3792=CARTESIAN_POINT('Ctrl Pts',(-30.9427920754114,-13.3158096076491,46.283060678577));
#3793=CARTESIAN_POINT('Ctrl Pts',(-36.5641865874478,-13.7458360006585,45.1264448776382));
#3794=CARTESIAN_POINT('Ctrl Pts',(-42.5273961952145,-14.1736208177488,43.994074224091));
#3795=CARTESIAN_POINT('Ctrl Pts',(-53.2981812077074,-14.9085746778623,42.0666562946444));
#3796=CARTESIAN_POINT('Ctrl Pts',(-68.6410830670045,-15.9133963112904,38.9982807278134));
#3797=CARTESIAN_POINT('Ctrl Pts',(-80.1830653226684,-17.0174291264956,34.3118318425981));
#3798=CARTESIAN_POINT('Ctrl Pts',(-86.9510617278856,-17.9260255730454,29.3319066098104));
#3799=CARTESIAN_POINT('Ctrl Pts',(-91.1776971491363,-18.6316273170937,24.1313404914477));
#3800=CARTESIAN_POINT('Ctrl Pts',(-92.7405740387362,-18.9799175465179,18.3620702491206));
#3801=CARTESIAN_POINT('Ctrl Pts',(-92.8340157130873,-19.1351799495289,12.8924192043622));
#3802=CARTESIAN_POINT('Ctrl Pts',(-92.1580975800068,-19.19057347072,8.57780819658459));
#3803=CARTESIAN_POINT('Ctrl Pts',(-90.5884983135059,-19.2027743654801,4.02204532303639));
#3804=CARTESIAN_POINT('Ctrl Pts',(-89.4141710289897,-19.2028605902917,1.36274625194762));
#3805=CARTESIAN_POINT('Ctrl Pts',(-88.8329014767253,-19.201332976858,0.164284514409752));
#3806=CARTESIAN_POINT('Ctrl Pts',(-88.5308832503549,-19.1998718949085,-0.442091568675491));
#3807=CARTESIAN_POINT('Ctrl Pts',(-88.2752365671573,-19.2006183898806,-0.940454131221619));
#3808=CARTESIAN_POINT('Ctrl Pts',(-88.0577321784698,-19.1965394435518,-1.35970159789753));
#3809=CARTESIAN_POINT('Ctrl Pts',(-87.2317879637005,-19.2151468682824,-2.8804204566309));
#3810=CARTESIAN_POINT('Ctrl Pts',(-85.7972256124233,-19.2508105509843,-5.51678625122284));
#3811=CARTESIAN_POINT('Ctrl Pts',(-84.3622456825671,-19.2803059357415,-8.16223267818948));
#3812=CARTESIAN_POINT('Ctrl Pts',(-83.6463886143885,-19.2948021522305,-9.48214608047469));
#3813=CARTESIAN_POINT('Ctrl Pts',(32.4750406526311,-2.29797328090718,77.005716568186));
#3814=CARTESIAN_POINT('Ctrl Pts',(31.8636412753907,-2.563547584257,76.017471806895));
#3815=CARTESIAN_POINT('Ctrl Pts',(28.5198220722344,-3.34245211056087,72.3147952350411));
#3816=CARTESIAN_POINT('Ctrl Pts',(19.0409907591954,-4.34015612135445,66.9068113605467));
#3817=CARTESIAN_POINT('Ctrl Pts',(8.47002213737689,-5.34083510897101,61.9297811879775));
#3818=CARTESIAN_POINT('Ctrl Pts',(0.716232705410214,-6.06860643868688,58.3959546554278));
#3819=CARTESIAN_POINT('Ctrl Pts',(-5.24028139192997,-6.63422884355116,55.7066821901779));
#3820=CARTESIAN_POINT('Ctrl Pts',(-11.981262935721,-7.25273807967022,52.7419514842145));
#3821=CARTESIAN_POINT('Ctrl Pts',(-18.3088548635435,-7.77347200310729,50.1856842276303));
#3822=CARTESIAN_POINT('Ctrl Pts',(-26.2635508862365,-8.26176992499753,47.7459716143553));
#3823=CARTESIAN_POINT('Ctrl Pts',(-33.0804718061633,-8.59318712201421,46.1719614180324));
#3824=CARTESIAN_POINT('Ctrl Pts',(-38.9126226753007,-8.84106677926088,45.0721407066824));
#3825=CARTESIAN_POINT('Ctrl Pts',(-45.0983329685713,-9.08675614849845,44.000294946072));
#3826=CARTESIAN_POINT('Ctrl Pts',(-56.2727749358745,-9.51392820392079,42.1883357337638));
#3827=CARTESIAN_POINT('Ctrl Pts',(-72.1825481581368,-10.11407338179,39.280328680685));
#3828=CARTESIAN_POINT('Ctrl Pts',(-84.1948916865921,-10.8658097575492,34.7526576193128));
#3829=CARTESIAN_POINT('Ctrl Pts',(-91.3336772811577,-11.5685513298331,29.8598887899823));
#3830=CARTESIAN_POINT('Ctrl Pts',(-95.8865426098332,-12.1788707371023,24.6272142628528));
#3831=CARTESIAN_POINT('Ctrl Pts',(-97.5977668337128,-12.4890448872048,18.6598969686939));
#3832=CARTESIAN_POINT('Ctrl Pts',(-97.7061116530648,-12.6107646458215,13.0218278511399));
#3833=CARTESIAN_POINT('Ctrl Pts',(-96.9965605713895,-12.6503153235882,8.59090189921678));
#3834=CARTESIAN_POINT('Ctrl Pts',(-95.3536401104237,-12.6593631579522,3.936946609298));
#3835=CARTESIAN_POINT('Ctrl Pts',(-94.1303215164174,-12.6634740616849,1.22385831493401));
#3836=CARTESIAN_POINT('Ctrl Pts',(-93.5250931970958,-12.6644925943901,0.00222421129901201));
#3837=CARTESIAN_POINT('Ctrl Pts',(-93.2107310480118,-12.6646357939627,-0.616050145728301));
#3838=CARTESIAN_POINT('Ctrl Pts',(-92.9454532746897,-12.6666820751053,-1.12369788202223));
#3839=CARTESIAN_POINT('Ctrl Pts',(-92.7180576127447,-12.6639689753334,-1.55144926640211));
#3840=CARTESIAN_POINT('Ctrl Pts',(-91.8683925055682,-12.6869278163457,-3.09783381736413));
#3841=CARTESIAN_POINT('Ctrl Pts',(-90.3940493305363,-12.730887284664,-5.77797962606398));
#3842=CARTESIAN_POINT('Ctrl Pts',(-88.916916027466,-12.7705246738341,-8.46779592000213));
#3843=CARTESIAN_POINT('Ctrl Pts',(-88.1799799712793,-12.7905262445128,-9.80975707271118));
#3844=CARTESIAN_POINT('Ctrl Pts',(32.9050308495244,-0.320785326486238,76.99572100702));
#3845=CARTESIAN_POINT('Ctrl Pts',(32.2596130809362,-0.560142776878742,75.9953608111703));
#3846=CARTESIAN_POINT('Ctrl Pts',(28.8114728410766,-1.21107596223357,72.2620345966486));
#3847=CARTESIAN_POINT('Ctrl Pts',(19.1448816109838,-1.88640007317502,66.808761752301));
#3848=CARTESIAN_POINT('Ctrl Pts',(8.36640464234812,-2.4975571934434,61.7959205990519));
#3849=CARTESIAN_POINT('Ctrl Pts',(0.459016622378882,-2.90719391772256,58.2427473452939));
#3850=CARTESIAN_POINT('Ctrl Pts',(-5.61980321829658,-3.20249414583515,55.5452861621541));
#3851=CARTESIAN_POINT('Ctrl Pts',(-12.5024582565894,-3.5040436791702,52.5781937467658));
#3852=CARTESIAN_POINT('Ctrl Pts',(-18.9667405559185,-3.72903861213517,50.0282858702364));
#3853=CARTESIAN_POINT('Ctrl Pts',(-27.0953406446608,-3.8940129938592,47.6085552376527));
#3854=CARTESIAN_POINT('Ctrl Pts',(-34.0588144508862,-3.98106935829271,46.0582906409084));
#3855=CARTESIAN_POINT('Ctrl Pts',(-40.0128249201236,-4.03694096394461,44.9825344730549));
#3856=CARTESIAN_POINT('Ctrl Pts',(-46.3249346104251,-4.08864488862452,43.9363950317054));
#3857=CARTESIAN_POINT('Ctrl Pts',(-57.724334703462,-4.17757314738351,42.1769300595822));
#3858=CARTESIAN_POINT('Ctrl Pts',(-73.939084388522,-4.31582536969797,39.3399831507241));
#3859=CARTESIAN_POINT('Ctrl Pts',(-86.2044462684029,-4.58103816215025,34.9094930108188));
#3860=CARTESIAN_POINT('Ctrl Pts',(-93.5800793393302,-4.89101420427938,30.1149798910348));
#3861=CARTESIAN_POINT('Ctrl Pts',(-98.4205214174982,-5.21837001203077,24.9170531849252));
#3862=CARTESIAN_POINT('Ctrl Pts',(-100.291852372569,-5.40291891359346,18.7794815596557));
#3863=CARTESIAN_POINT('Ctrl Pts',(-100.393069838047,-5.45816774558337,13.0020264754029));
#3864=CARTESIAN_POINT('Ctrl Pts',(-99.637956223289,-5.47216758653412,8.49285044448875));
#3865=CARTESIAN_POINT('Ctrl Pts',(-97.9223014705738,-5.47557536474947,3.79232350989042));
#3866=CARTESIAN_POINT('Ctrl Pts',(-96.6582604470383,-5.48167364109224,1.05827797624114));
#3867=CARTESIAN_POINT('Ctrl Pts',(-96.0334470173226,-5.48432417814854,-0.171576784914522));
#3868=CARTESIAN_POINT('Ctrl Pts',(-95.7093682418994,-5.48573047611192,-0.793989241686875));
#3869=CARTESIAN_POINT('Ctrl Pts',(-95.4368304036166,-5.48805036903258,-1.30477131004569));
#3870=CARTESIAN_POINT('Ctrl Pts',(-95.2012550015136,-5.48743542887321,-1.73534442235526));
#3871=CARTESIAN_POINT('Ctrl Pts',(-94.3380772136602,-5.50539069591884,-3.29000363198656));
#3872=CARTESIAN_POINT('Ctrl Pts',(-92.8422149341511,-5.53948424207494,-5.98421445649223));
#3873=CARTESIAN_POINT('Ctrl Pts',(-91.3408094824155,-5.57178124901946,-8.68822584403874));
#3874=CARTESIAN_POINT('Ctrl Pts',(-90.5917690683429,-5.58825617208857,-10.0372186558392));
#3875=CARTESIAN_POINT('Ctrl Pts',(33.771667550922,2.37003136791069,77.0042243899646));
#3876=CARTESIAN_POINT('Ctrl Pts',(33.0756579735226,2.21175067157347,75.9752633680897));
#3877=CARTESIAN_POINT('Ctrl Pts',(29.5161577451577,1.83165916280152,72.2170067325004));
#3878=CARTESIAN_POINT('Ctrl Pts',(19.7722765790214,1.65177979018305,66.7452660826491));
#3879=CARTESIAN_POINT('Ctrl Pts',(8.91763111431682,1.60477737045199,61.7063720954038));
#3880=CARTESIAN_POINT('Ctrl Pts',(0.957422175928616,1.64413948825168,58.1350643944451));
#3881=CARTESIAN_POINT('Ctrl Pts',(-5.1658619852109,1.72446774227756,55.4232804135276));
#3882=CARTESIAN_POINT('Ctrl Pts',(-12.1018875291888,1.8573806673013,52.4414507730569));
#3883=CARTESIAN_POINT('Ctrl Pts',(-18.6221389186606,2.02875386474592,49.8787836967777));
#3884=CARTESIAN_POINT('Ctrl Pts',(-26.8161557659475,2.29454854352588,47.4469294519367));
#3885=CARTESIAN_POINT('Ctrl Pts',(-33.8257717582874,2.53944583164984,45.889131230102));
#3886=CARTESIAN_POINT('Ctrl Pts',(-39.8121911364004,2.75104542447728,44.8089882270776));
#3887=CARTESIAN_POINT('Ctrl Pts',(-46.1549603504806,2.97345227287558,43.7587208836899));
#3888=CARTESIAN_POINT('Ctrl Pts',(-57.6017834235645,3.37428290141479,41.9957469914376));
#3889=CARTESIAN_POINT('Ctrl Pts',(-73.8663022632176,3.93166103653727,39.157897131406));
#3890=CARTESIAN_POINT('Ctrl Pts',(-86.1551103058981,4.43168040574197,34.7463209761721));
#3891=CARTESIAN_POINT('Ctrl Pts',(-93.5485766895291,4.82690711030141,29.9890275323015));
#3892=CARTESIAN_POINT('Ctrl Pts',(-98.4220669642209,5.16507147351293,24.8337864125579));
#3893=CARTESIAN_POINT('Ctrl Pts',(-100.334745202885,5.31442658621648,18.7026636574992));
#3894=CARTESIAN_POINT('Ctrl Pts',(-100.441945467298,5.33436684889892,12.924781188096));
#3895=CARTESIAN_POINT('Ctrl Pts',(-99.6811826776552,5.31521530171596,8.42321597979545));
#3896=CARTESIAN_POINT('Ctrl Pts',(-97.9527863403363,5.27514372115206,3.73922855061668));
#3897=CARTESIAN_POINT('Ctrl Pts',(-96.6813951204634,5.25129688433801,1.01732154027225));
#3898=CARTESIAN_POINT('Ctrl Pts',(-96.0529520369134,5.23973029147645,-0.206861033985074));
#3899=CARTESIAN_POINT('Ctrl Pts',(-95.7270958114792,5.23375546612645,-0.826303126447579));
#3900=CARTESIAN_POINT('Ctrl Pts',(-95.4531668539104,5.22978880769761,-1.33459128414185));
#3901=CARTESIAN_POINT('Ctrl Pts',(-95.2161440901423,5.22410349809393,-1.76313529579935));
#3902=CARTESIAN_POINT('Ctrl Pts',(-94.3499233923941,5.22086944270086,-3.30948243465488));
#3903=CARTESIAN_POINT('Ctrl Pts',(-92.8491773007167,5.21796805147182,-5.98914388100182));
#3904=CARTESIAN_POINT('Ctrl Pts',(-91.3427533949578,5.2136755035675,-8.67864848896517));
#3905=CARTESIAN_POINT('Ctrl Pts',(-90.5912772037238,5.21192365162056,-10.0203863337707));
#3906=CARTESIAN_POINT('Ctrl Pts',(34.4932696055486,4.06849445425688,77.0021358228006));
#3907=CARTESIAN_POINT('Ctrl Pts',(33.7751789124103,3.97045218082862,75.955197803755));
#3908=CARTESIAN_POINT('Ctrl Pts',(30.1873337586444,3.76616588285054,72.2018941756289));
#3909=CARTESIAN_POINT('Ctrl Pts',(20.5308433832282,3.91951783517835,66.752123067643));
#3910=CARTESIAN_POINT('Ctrl Pts',(9.78350203482957,4.27992110529963,61.7167737590891));
#3911=CARTESIAN_POINT('Ctrl Pts',(1.90551806821272,4.6470417605637,58.1426495538191));
#3912=CARTESIAN_POINT('Ctrl Pts',(-4.15665422376633,5.00461975001142,55.4221832964761));
#3913=CARTESIAN_POINT('Ctrl Pts',(-11.026449665192,5.46036872925268,52.4255342226769));
#3914=CARTESIAN_POINT('Ctrl Pts',(-17.4914908966553,5.93195249254034,49.8414439346222));
#3915=CARTESIAN_POINT('Ctrl Pts',(-25.6127190821458,6.52526300089766,47.3737622264029));
#3916=CARTESIAN_POINT('Ctrl Pts',(-32.5521045522032,7.01766281146255,45.7823267042742));
#3917=CARTESIAN_POINT('Ctrl Pts',(-38.4739543158855,7.42396278113208,44.6723245106961));
#3918=CARTESIAN_POINT('Ctrl Pts',(-44.7469330828633,7.84258738195694,43.5921569819933));
#3919=CARTESIAN_POINT('Ctrl Pts',(-56.0616812191061,8.58667713207656,41.7724217468758));
#3920=CARTESIAN_POINT('Ctrl Pts',(-72.1336778375888,9.60621283247997,38.8732349133412));
#3921=CARTESIAN_POINT('Ctrl Pts',(-84.2426437360528,10.5968489404888,34.4005689269077));
#3922=CARTESIAN_POINT('Ctrl Pts',(-91.4477038921556,11.3918487293999,29.5845894004556));
#3923=CARTESIAN_POINT('Ctrl Pts',(-96.0881369453296,12.0372944359452,24.4303050362523));
#3924=CARTESIAN_POINT('Ctrl Pts',(-97.8748764216926,12.342857253836,18.4694889230415));
#3925=CARTESIAN_POINT('Ctrl Pts',(-97.9936549798547,12.43300173103,12.8352170063194));
#3926=CARTESIAN_POINT('Ctrl Pts',(-97.2708372050095,12.4363303083908,8.42122621911341));
#3927=CARTESIAN_POINT('Ctrl Pts',(-95.5954162648647,12.3951418950685,3.80498368621822));
#3928=CARTESIAN_POINT('Ctrl Pts',(-94.3512260338089,12.3664181745517,1.11926445569982));
#3929=CARTESIAN_POINT('Ctrl Pts',(-93.7356387579276,12.351768083432,-0.0891936917459167));
#3930=CARTESIAN_POINT('Ctrl Pts',(-93.4160846227864,12.3439008512928,-0.700696726355241));
#3931=CARTESIAN_POINT('Ctrl Pts',(-93.1465777389367,12.3392018255451,-1.20247077706249));
#3932=CARTESIAN_POINT('Ctrl Pts',(-92.9151812188678,12.3308373764416,-1.62567644908216));
#3933=CARTESIAN_POINT('Ctrl Pts',(-92.0541436634367,12.3323244188229,-3.15176221032275));
#3934=CARTESIAN_POINT('Ctrl Pts',(-90.5601873025844,12.3389513259759,-5.79611900419607));
#3935=CARTESIAN_POINT('Ctrl Pts',(-89.0622076006066,12.3412185698887,-8.45022874844835));
#3936=CARTESIAN_POINT('Ctrl Pts',(-88.3147115020186,12.3425730256051,-9.77427247532674));
#3937=CARTESIAN_POINT('Ctrl Pts',(35.8550327983818,6.45993341805597,76.9750854715307));
#3938=CARTESIAN_POINT('Ctrl Pts',(35.1233710760899,6.44060335450582,75.9109133683222));
#3939=CARTESIAN_POINT('Ctrl Pts',(31.5723950177419,6.46621616221819,72.2028331996454));
#3940=CARTESIAN_POINT('Ctrl Pts',(22.2521870069395,7.07742918554097,66.8388368396396));
#3941=CARTESIAN_POINT('Ctrl Pts',(11.894719563923,8.01731740583747,61.8414986812874));
#3942=CARTESIAN_POINT('Ctrl Pts',(4.3058671553499,8.84964454797737,58.2769632247667));
#3943=CARTESIAN_POINT('Ctrl Pts',(-1.53983226356094,9.59993749609342,55.5432981469448));
#3944=CARTESIAN_POINT('Ctrl Pts',(-8.17290842155796,10.5132844997143,52.5128120637338));
#3945=CARTESIAN_POINT('Ctrl Pts',(-14.432014682735,11.4156914247413,49.868527730707));
#3946=CARTESIAN_POINT('Ctrl Pts',(-22.2915766756465,12.4737113756573,47.2953416450978));
#3947=CARTESIAN_POINT('Ctrl Pts',(-28.9922212964761,13.3062995803114,45.6029990640522));
#3948=CARTESIAN_POINT('Ctrl Pts',(-34.701329108,13.9721697275389,44.4030778096389));
#3949=CARTESIAN_POINT('Ctrl Pts',(-40.7461165831719,14.6510203956127,43.2277773090848));
#3950=CARTESIAN_POINT('Ctrl Pts',(-51.6374911048312,15.8353184337483,41.2339002946308));
#3951=CARTESIAN_POINT('Ctrl Pts',(-67.0945488336004,17.4373935553253,38.0994089924451));
#3952=CARTESIAN_POINT('Ctrl Pts',(-78.6560014762674,18.9222070490362,33.4409038579274));
#3953=CARTESIAN_POINT('Ctrl Pts',(-85.4107511331713,20.0308109189619,28.5587768476449));
#3954=CARTESIAN_POINT('Ctrl Pts',(-89.6309411024658,20.8572967717975,23.4863220209198));
#3955=CARTESIAN_POINT('Ctrl Pts',(-91.2103726958817,21.2450735915861,17.8478330406553));
#3956=CARTESIAN_POINT('Ctrl Pts',(-91.3068656828249,21.3897268150975,12.4982057572039));
#3957=CARTESIAN_POINT('Ctrl Pts',(-90.6217591295704,21.412519032832,8.2844952498202));
#3958=CARTESIAN_POINT('Ctrl Pts',(-89.0247652234863,21.3662718207898,3.84960682697991));
#3959=CARTESIAN_POINT('Ctrl Pts',(-87.8293555402217,21.3259923693227,1.26657184570403));
#3960=CARTESIAN_POINT('Ctrl Pts',(-87.2374982867168,21.3049874638508,0.103451047583365));
#3961=CARTESIAN_POINT('Ctrl Pts',(-86.9300660275303,21.2934356967966,-0.484884876721002));
#3962=CARTESIAN_POINT('Ctrl Pts',(-86.6695552307987,21.2859330328148,-0.968073772358975));
#3963=CARTESIAN_POINT('Ctrl Pts',(-86.4484640926586,21.2743679280541,-1.37496842014895));
#3964=CARTESIAN_POINT('Ctrl Pts',(-85.6048203154094,21.2685542030452,-2.84659975088341));
#3965=CARTESIAN_POINT('Ctrl Pts',(-84.1379969585755,21.2616597380261,-5.39716638669133));
#3966=CARTESIAN_POINT('Ctrl Pts',(-82.6690901950864,21.2468135978225,-7.95667441103929));
#3967=CARTESIAN_POINT('Ctrl Pts',(-81.9357023240867,21.238890506405,-9.23357340367506));
#3968=CARTESIAN_POINT('Ctrl Pts',(37.1577714704736,8.34766056108101,76.9363734864703));
#3969=CARTESIAN_POINT('Ctrl Pts',(36.4275699417358,8.38642886335414,75.8645094414433));
#3970=CARTESIAN_POINT('Ctrl Pts',(32.953305413311,8.58478323308285,72.2155443991299));
#3971=CARTESIAN_POINT('Ctrl Pts',(24.017381523566,9.54291544279974,66.9532572391258));
#3972=CARTESIAN_POINT('Ctrl Pts',(14.0960575561623,10.9274799626234,62.0063125271734));
#3973=CARTESIAN_POINT('Ctrl Pts',(6.82509299491394,12.114604456995,58.4575862853386));
#3974=CARTESIAN_POINT('Ctrl Pts',(1.21435708990599,13.1616965972544,55.7127839452212));
#3975=CARTESIAN_POINT('Ctrl Pts',(-5.16449599537917,14.4178932600435,52.6472423038612));
#3976=CARTESIAN_POINT('Ctrl Pts',(-11.2049089660478,15.6395239339989,49.9365549550512));
#3977=CARTESIAN_POINT('Ctrl Pts',(-18.788495957795,17.0308358710183,47.2445711551216));
#3978=CARTESIAN_POINT('Ctrl Pts',(-25.2367015967538,18.1002385567168,45.4387925780331));
#3979=CARTESIAN_POINT('Ctrl Pts',(-30.7193739714228,18.9441513996455,44.1369619434864));
#3980=CARTESIAN_POINT('Ctrl Pts',(-36.5208126440472,19.8006091038947,42.8545271126455));
#3981=CARTESIAN_POINT('Ctrl Pts',(-46.9581111280786,21.2828093542849,40.6606208005058));
#3982=CARTESIAN_POINT('Ctrl Pts',(-61.7545144179316,23.275710077521,37.2605695981977));
#3983=CARTESIAN_POINT('Ctrl Pts',(-72.7222672079814,25.0750036501828,32.3781153430842));
#3984=CARTESIAN_POINT('Ctrl Pts',(-78.9875874939374,26.3073545311682,27.4160636997035));
#3985=CARTESIAN_POINT('Ctrl Pts',(-82.7908481841522,27.1341021285015,22.45500261732));
#3986=CARTESIAN_POINT('Ctrl Pts',(-84.172144436362,27.5104525164182,17.1528220031784));
#3987=CARTESIAN_POINT('Ctrl Pts',(-84.2263408210232,27.667034773386,12.1082925621351));
#3988=CARTESIAN_POINT('Ctrl Pts',(-83.5651240341288,27.6956371659701,8.11968669298457));
#3989=CARTESIAN_POINT('Ctrl Pts',(-82.0390410507342,27.6421955952538,3.8948984213806));
#3990=CARTESIAN_POINT('Ctrl Pts',(-80.8921602263677,27.5903056643354,1.43091351575499));
#3991=CARTESIAN_POINT('Ctrl Pts',(-80.3240475716271,27.5631004711814,0.320301933278513));
#3992=CARTESIAN_POINT('Ctrl Pts',(-80.0290035979286,27.5481549366707,-0.241145174218023));
#3993=CARTESIAN_POINT('Ctrl Pts',(-79.7776887821491,27.5373596409771,-0.703059982040196));
#3994=CARTESIAN_POINT('Ctrl Pts',(-79.5671053386195,27.5237899264598,-1.09067005618151));
#3995=CARTESIAN_POINT('Ctrl Pts',(-78.7422566182819,27.5033220261959,-2.50237529885508));
#3996=CARTESIAN_POINT('Ctrl Pts',(-77.3046836820782,27.4685379852705,-4.9504976727983));
#3997=CARTESIAN_POINT('Ctrl Pts',(-75.8660369585614,27.4233902592125,-7.40638097398734));
#3998=CARTESIAN_POINT('Ctrl Pts',(-75.1471448643229,27.3994248731228,-8.63176881048033));
#3999=CARTESIAN_POINT('Ctrl Pts',(38.968037229824,10.4226140939286,76.862122202534));
#4000=CARTESIAN_POINT('Ctrl Pts',(38.2587411067259,10.5192075092136,75.7896794785526));
#4001=CARTESIAN_POINT('Ctrl Pts',(34.9514513258877,10.9071578874876,72.2323231268537));
#4002=CARTESIAN_POINT('Ctrl Pts',(26.6349843709905,12.2430799315823,67.1244551850301));
#4003=CARTESIAN_POINT('Ctrl Pts',(17.4162198357866,14.1002379134715,62.254638638161));
#4004=CARTESIAN_POINT('Ctrl Pts',(10.6586291292986,15.6569091264419,58.727168568414));
#4005=CARTESIAN_POINT('Ctrl Pts',(5.43156405233294,17.0057714286175,55.9608713713044));
#4006=CARTESIAN_POINT('Ctrl Pts',(-0.529555070639931,18.603555707751,52.8346042118862));
#4007=CARTESIAN_POINT('Ctrl Pts',(-6.20780977589839,20.135288954369,50.0131149074751));
#4008=CARTESIAN_POINT('Ctrl Pts',(-13.3493173781108,21.8224126284053,47.1310935759199));
#4009=CARTESIAN_POINT('Ctrl Pts',(-19.4014742524751,23.0831173265256,45.1443333242962));
#4010=CARTESIAN_POINT('Ctrl Pts',(-24.5293154406045,24.062238636279,43.6793564388389));
#4011=CARTESIAN_POINT('Ctrl Pts',(-29.9488042184691,25.0571003027674,42.2172281677697));
#4012=CARTESIAN_POINT('Ctrl Pts',(-39.6710357762116,26.7549354543908,39.6939527656605));
#4013=CARTESIAN_POINT('Ctrl Pts',(-53.4110309863876,29.0555184746825,35.7746639064586));
#4014=CARTESIAN_POINT('Ctrl Pts',(-63.395594065863,30.8688483311037,30.5002741493578));
#4015=CARTESIAN_POINT('Ctrl Pts',(-68.9531123296577,31.8989147720357,25.5543982251875));
#4016=CARTESIAN_POINT('Ctrl Pts',(-72.2591847935879,32.5109818354976,20.8769162897192));
#4017=CARTESIAN_POINT('Ctrl Pts',(-73.4048254202911,32.7611878926304,16.0524928454025));
#4018=CARTESIAN_POINT('Ctrl Pts',(-73.3719480584108,32.8485073324691,11.4527095110445));
#4019=CARTESIAN_POINT('Ctrl Pts',(-72.7093745244904,32.8352313021368,7.80953382766108));
#4020=CARTESIAN_POINT('Ctrl Pts',(-71.2490846872749,32.7374296636668,3.92885445147501));
#4021=CARTESIAN_POINT('Ctrl Pts',(-70.1578194831645,32.6548197186454,1.66219868512354));
#4022=CARTESIAN_POINT('Ctrl Pts',(-69.6181698662377,32.6129481862018,0.639024254505376));
#4023=CARTESIAN_POINT('Ctrl Pts',(-69.3382264977281,32.5906569992558,0.122530371265306));
#4024=CARTESIAN_POINT('Ctrl Pts',(-69.0989637737417,32.5724798789848,-0.304637157264163));
#4025=CARTESIAN_POINT('Ctrl Pts',(-68.9004586652937,32.5552757054766,-0.658847081822479));
#4026=CARTESIAN_POINT('Ctrl Pts',(-68.1085460095649,32.5013307969718,-1.97990242860438));
#4027=CARTESIAN_POINT('Ctrl Pts',(-66.7264217812521,32.4042538666138,-4.27570468855475));
#4028=CARTESIAN_POINT('Ctrl Pts',(-65.3445943438413,32.2957254857588,-6.57692013470288));
#4029=CARTESIAN_POINT('Ctrl Pts',(-64.6538739733845,32.2390578659821,-7.72592817684265));
#4030=CARTESIAN_POINT('Ctrl Pts',(41.002392137235,12.2874918355477,76.7605606266368));
#4031=CARTESIAN_POINT('Ctrl Pts',(40.3310854807191,12.4309164192637,75.6930519288161));
#4032=CARTESIAN_POINT('Ctrl Pts',(37.2668034165548,12.9879442253995,72.2384548685895));
#4033=CARTESIAN_POINT('Ctrl Pts',(29.7536422582291,14.6636091402041,67.3056919883353));
#4034=CARTESIAN_POINT('Ctrl Pts',(21.4682172431168,16.9315230917249,62.5211981844726));
#4035=CARTESIAN_POINT('Ctrl Pts',(15.4076101921823,18.8001501449943,59.0125678649036));
#4036=CARTESIAN_POINT('Ctrl Pts',(10.7206377742209,20.3965551332135,56.2133571936133));
#4037=CARTESIAN_POINT('Ctrl Pts',(5.36664144122436,22.2715372861631,53.0028573406914));
#4038=CARTESIAN_POINT('Ctrl Pts',(0.245143818738231,24.0547510042312,50.0312573036741));
#4039=CARTESIAN_POINT('Ctrl Pts',(-6.22260850276296,25.9778527426596,46.8970163308845));
#4040=CARTESIAN_POINT('Ctrl Pts',(-11.6998727403326,27.3725317358083,44.6766475671411));
#4041=CARTESIAN_POINT('Ctrl Pts',(-16.3318325624242,28.4296981253554,43.0064939778496));
#4042=CARTESIAN_POINT('Ctrl Pts',(-21.2211192984281,29.4886202080889,41.3157458184485));
#4043=CARTESIAN_POINT('Ctrl Pts',(-29.9788782635735,31.2625727695019,38.3872223865101));
#4044=CARTESIAN_POINT('Ctrl Pts',(-42.2979900019685,33.5230760171093,33.835734620422));
#4045=CARTESIAN_POINT('Ctrl Pts',(-51.1230546748309,34.9604927328724,28.3759131824888));
#4046=CARTESIAN_POINT('Ctrl Pts',(-55.9869714643937,35.6744855088343,23.6143018295976));
#4047=CARTESIAN_POINT('Ctrl Pts',(-58.8491371966023,36.0546440633129,19.2355316223574));
#4048=CARTESIAN_POINT('Ctrl Pts',(-59.7769158493967,36.1411322655501,14.799990472957));
#4049=CARTESIAN_POINT('Ctrl Pts',(-59.6486396206453,36.0922376344781,10.5807804458959));
#4050=CARTESIAN_POINT('Ctrl Pts',(-58.9731669482682,35.9791241686576,7.24895109423771));
#4051=CARTESIAN_POINT('Ctrl Pts',(-57.5703298022261,35.7765227976659,3.70539576213171));
#4052=CARTESIAN_POINT('Ctrl Pts',(-56.5346875531129,35.6319666920811,1.63917750894135));
#4053=CARTESIAN_POINT('Ctrl Pts',(-56.0244067235556,35.5617846022622,0.706496939793928));
#4054=CARTESIAN_POINT('Ctrl Pts',(-55.760048374235,35.5253538996318,0.236414829146838));
#4055=CARTESIAN_POINT('Ctrl Pts',(-55.5341661869366,35.494822131495,-0.153905798877689));
#4056=CARTESIAN_POINT('Ctrl Pts',(-55.3472013340411,35.4686344469715,-0.474309391121176));
#4057=CARTESIAN_POINT('Ctrl Pts',(-54.5998229360847,35.3715508269324,-1.69222707634291));
#4058=CARTESIAN_POINT('Ctrl Pts',(-53.2965481890431,35.1977589525915,-3.81236678160792));
#4059=CARTESIAN_POINT('Ctrl Pts',(-51.9965379152665,35.0123767739399,-5.93615183795707));
#4060=CARTESIAN_POINT('Ctrl Pts',(-51.3474130010425,34.9169596547583,-6.99714385237831));
#4061=CARTESIAN_POINT('Ctrl Pts',(43.2354762667438,13.9254389454449,76.6350278055708));
#4062=CARTESIAN_POINT('Ctrl Pts',(42.6181377447625,14.1041092792501,75.5786555170174));
#4063=CARTESIAN_POINT('Ctrl Pts',(39.8572005973789,14.7951360574263,72.2394069466168));
#4064=CARTESIAN_POINT('Ctrl Pts',(33.2906478114414,16.7453669595047,67.5018975047431));
#4065=CARTESIAN_POINT('Ctrl Pts',(26.125399317017,19.3443909548512,62.8134915310962));
#4066=CARTESIAN_POINT('Ctrl Pts',(20.9125872541551,21.4591719905764,59.3256526617113));
#4067=CARTESIAN_POINT('Ctrl Pts',(16.8984228546912,23.245611553098,56.4875456288888));
#4068=CARTESIAN_POINT('Ctrl Pts',(12.318454270198,25.3293659542847,53.1755016395395));
#4069=CARTESIAN_POINT('Ctrl Pts',(7.93570493581932,27.2968451557872,50.0214208335046));
#4070=CARTESIAN_POINT('Ctrl Pts',(2.37266264433718,29.3873698956327,46.568192605087));
#4071=CARTESIAN_POINT('Ctrl Pts',(-2.35340220220968,30.8631228350508,44.0572239254402));
#4072=CARTESIAN_POINT('Ctrl Pts',(-6.35559336346593,31.9468931588101,42.1387078200541));
#4073=CARTESIAN_POINT('Ctrl Pts',(-10.5814707923143,33.0021292751037,40.1891700818838));
#4074=CARTESIAN_POINT('Ctrl Pts',(-18.1536115257426,34.7167774873407,36.8027851941078));
#4075=CARTESIAN_POINT('Ctrl Pts',(-28.7885389494827,36.6396897954476,31.7248312960816));
#4076=CARTESIAN_POINT('Ctrl Pts',(-36.3487815936111,37.6502532277912,26.2504739417318));
#4077=CARTESIAN_POINT('Ctrl Pts',(-40.4652959586478,38.0791932822563,21.6635299204924));
#4078=CARTESIAN_POINT('Ctrl Pts',(-42.8398416948768,38.2306017953113,17.5321043020757));
#4079=CARTESIAN_POINT('Ctrl Pts',(-43.5186956659574,38.1285799820502,13.4268611764036));
#4080=CARTESIAN_POINT('Ctrl Pts',(-43.2767107916361,37.9100546088294,9.55417835186568));
#4081=CARTESIAN_POINT('Ctrl Pts',(-42.5811126738417,37.669461639924,6.51473024713479));
#4082=CARTESIAN_POINT('Ctrl Pts',(-41.238348392801,37.3334353077178,3.30348901711946));
#4083=CARTESIAN_POINT('Ctrl Pts',(-40.2634592959437,37.1118383889163,1.43841155927531));
#4084=CARTESIAN_POINT('Ctrl Pts',(-39.7855978308881,37.0067566020296,0.597759887136919));
#4085=CARTESIAN_POINT('Ctrl Pts',(-39.5384790236915,36.9528981708156,0.174639748136932));
#4086=CARTESIAN_POINT('Ctrl Pts',(-39.3274926275393,36.9075522668542,-0.177446427549665));
#4087=CARTESIAN_POINT('Ctrl Pts',(-39.1532762547597,36.8698697528729,-0.464424268874317));
#4088=CARTESIAN_POINT('Ctrl Pts',(-38.4561463476215,36.7242951607077,-1.56872850550854));
#4089=CARTESIAN_POINT('Ctrl Pts',(-37.2429679659833,36.4654646683938,-3.49323744545799));
#4090=CARTESIAN_POINT('Ctrl Pts',(-36.0384095988749,36.1953679196035,-5.42034994328902));
#4091=CARTESIAN_POINT('Ctrl Pts',(-35.438353858918,36.0575616907375,-6.38345159844401));
#4092=CARTESIAN_POINT('Ctrl Pts',(44.838085396769,14.8581119518832,76.5396137581972));
#4093=CARTESIAN_POINT('Ctrl Pts',(44.2658208897843,15.0514016553631,75.4972627302663));
#4094=CARTESIAN_POINT('Ctrl Pts',(41.7310196771731,15.8037407726529,72.2457918062764));
#4095=CARTESIAN_POINT('Ctrl Pts',(35.8250466832626,17.889379503064,67.6468636326734));
#4096=CARTESIAN_POINT('Ctrl Pts',(29.440615562735,20.6526232084368,63.0259623714351));
#4097=CARTESIAN_POINT('Ctrl Pts',(24.8178732754877,22.8859638602906,59.5508863490903));
#4098=CARTESIAN_POINT('Ctrl Pts',(21.2734262212296,24.7586229423764,56.6820641004847));
#4099=CARTESIAN_POINT('Ctrl Pts',(17.2365509372091,26.930129741821,53.2919096109581));
#4100=CARTESIAN_POINT('Ctrl Pts',(13.3776101783264,28.9644393519928,49.999268465777));
#4101=CARTESIAN_POINT('Ctrl Pts',(8.46051588420968,31.0944248881912,46.2993338227432));
#4102=CARTESIAN_POINT('Ctrl Pts',(4.2676840404163,32.5676468593745,43.5627603488896));
#4103=CARTESIAN_POINT('Ctrl Pts',(0.708399632961441,33.6202456788676,41.4568986741393));
#4104=CARTESIAN_POINT('Ctrl Pts',(-3.05429933703124,34.623484494387,39.319775714627));
#4105=CARTESIAN_POINT('Ctrl Pts',(-9.80442483332197,36.1995086607418,35.6177474662981));
#4106=CARTESIAN_POINT('Ctrl Pts',(-19.2977914149666,37.8019558963025,30.2538821984865));
#4107=CARTESIAN_POINT('Ctrl Pts',(-26.0122751743139,38.510516000538,24.7851106832912));
#4108=CARTESIAN_POINT('Ctrl Pts',(-29.6319362605289,38.7261980691743,20.3086355265172));
#4109=CARTESIAN_POINT('Ctrl Pts',(-31.6857851055421,38.7077286196086,16.3340593427478));
#4110=CARTESIAN_POINT('Ctrl Pts',(-32.2017611376175,38.4583100148923,12.4420602493719));
#4111=CARTESIAN_POINT('Ctrl Pts',(-31.8869309428025,38.1080274435836,8.80092979600197));
#4112=CARTESIAN_POINT('Ctrl Pts',(-31.1803764234605,37.7683102693616,5.9601577372894));
#4113=CARTESIAN_POINT('Ctrl Pts',(-29.881421803925,37.3314868191559,2.97979944992226));
#4114=CARTESIAN_POINT('Ctrl Pts',(-28.9497545483026,37.0525947969253,1.2555773710635));
#4115=CARTESIAN_POINT('Ctrl Pts',(-28.4948724137269,36.9218569160825,0.479673006049467));
#4116=CARTESIAN_POINT('Ctrl Pts',(-28.2599366728924,36.8551898058787,0.0895797240101209));
#4117=CARTESIAN_POINT('Ctrl Pts',(-28.0595305474256,36.7990317704667,-0.235503351595145));
#4118=CARTESIAN_POINT('Ctrl Pts',(-27.8942367982807,36.7529157682257,-0.499015072280799));
#4119=CARTESIAN_POINT('Ctrl Pts',(-27.2331797328519,36.5723158377304,-1.52240302613351));
#4120=CARTESIAN_POINT('Ctrl Pts',(-26.0845349632663,36.2525201352696,-3.30745373879011));
#4121=CARTESIAN_POINT('Ctrl Pts',(-24.9477197789815,35.9225086845486,-5.09455718983968));
#4122=CARTESIAN_POINT('Ctrl Pts',(-24.3823712944746,35.7549539593033,-5.98797391809755));
#4123=CARTESIAN_POINT('Ctrl Pts',(45.662953910454,15.2836522272583,76.4904754215936));
#4124=CARTESIAN_POINT('Ctrl Pts',(45.1147115845372,15.4820675026924,75.4571277743673));
#4125=CARTESIAN_POINT('Ctrl Pts',(42.6952323321649,16.2584024864141,72.2521968486104));
#4126=CARTESIAN_POINT('Ctrl Pts',(37.1124672343353,18.4013555497215,67.7219382524457));
#4127=CARTESIAN_POINT('Ctrl Pts',(31.1056279717246,21.2328167569908,63.1337697003346));
#4128=CARTESIAN_POINT('Ctrl Pts',(26.766002887811,23.5137018510414,59.6637121024922));
#4129=CARTESIAN_POINT('Ctrl Pts',(23.4452097231559,25.4185433657664,56.777918844237));
#4130=CARTESIAN_POINT('Ctrl Pts',(19.6657829531211,27.6195834520317,53.3462326277109));
#4131=CARTESIAN_POINT('Ctrl Pts',(16.0542108076967,29.6710010074158,49.9811163563258));
#4132=CARTESIAN_POINT('Ctrl Pts',(11.442633217473,31.7978382656496,46.1532162702303));
#4133=CARTESIAN_POINT('Ctrl Pts',(7.50229943798308,33.2503790198029,43.3008149620498));
#4134=CARTESIAN_POINT('Ctrl Pts',(4.15252615928216,34.2719008020773,41.1011647892345));
#4135=CARTESIAN_POINT('Ctrl Pts',(0.608745673881278,35.2343704130465,38.8715589997439));
#4136=CARTESIAN_POINT('Ctrl Pts',(-5.75357186654142,36.71794647022,35.0191000960787));
#4137=CARTESIAN_POINT('Ctrl Pts',(-14.7093470051036,38.1477565292123,29.5242924835125));
#4138=CARTESIAN_POINT('Ctrl Pts',(-21.0268883370303,38.7031155783213,24.0544727484089));
#4139=CARTESIAN_POINT('Ctrl Pts',(-24.4142582645881,38.808949341355,19.6276370900249));
#4140=CARTESIAN_POINT('Ctrl Pts',(-26.3188658274475,38.7018166855185,15.7266140610047));
#4141=CARTESIAN_POINT('Ctrl Pts',(-26.7609714182057,38.3746525828688,11.9392334141406));
#4142=CARTESIAN_POINT('Ctrl Pts',(-26.4151409855109,37.9554317372709,8.41348859063523));
#4143=CARTESIAN_POINT('Ctrl Pts',(-25.7063813747429,37.5640838149022,5.67263849483051));
#4144=CARTESIAN_POINT('Ctrl Pts',(-24.4315947479456,37.0753617287247,2.80929766457643));
#4145=CARTESIAN_POINT('Ctrl Pts',(-23.5224688617885,36.7671609380692,1.15671311001822));
#4146=CARTESIAN_POINT('Ctrl Pts',(-23.0794210918229,36.6233525760245,0.413778986156255));
#4147=CARTESIAN_POINT('Ctrl Pts',(-22.8507363104684,36.5501654162088,0.0405097095661377));
#4148=CARTESIAN_POINT('Ctrl Pts',(-22.6557462509446,36.4885094224822,-0.270807438727626));
#4149=CARTESIAN_POINT('Ctrl Pts',(-22.4950044847055,36.4381133201257,-0.52236599448063));
#4150=CARTESIAN_POINT('Ctrl Pts',(-21.8523376567288,36.2397195066465,-1.50442325206804));
#4151=CARTESIAN_POINT('Ctrl Pts',(-20.7362970805195,35.8890643487971,-3.21823528368153));
#4152=CARTESIAN_POINT('Ctrl Pts',(-19.6331047871094,35.5289795121989,-4.93385296354818));
#4153=CARTESIAN_POINT('Ctrl Pts',(-19.0848343569609,35.3465599466749,-5.79169454638251));
#4154=CARTESIAN_POINT('Ctrl Pts',(65.0048398137502,-32.6729683539362,76.0839279949994));
#4155=CARTESIAN_POINT('Ctrl Pts',(62.1998407533799,-32.673355694101,76.0403277483165));
#4156=CARTESIAN_POINT('Ctrl Pts',(57.8629869198442,-32.2223421556694,76.0527794065587));
#4157=CARTESIAN_POINT('Ctrl Pts',(49.4061428505086,-29.8968924625947,76.2751530637033));
#4158=CARTESIAN_POINT('Ctrl Pts',(41.7349069433113,-25.6047364799529,76.6552097713467));
#4159=CARTESIAN_POINT('Ctrl Pts',(35.6312040563807,-18.4593742512161,76.9543195294893));
#4160=CARTESIAN_POINT('Ctrl Pts',(32.7019099386716,-11.6193014624187,77.0512768995147));
#4161=CARTESIAN_POINT('Ctrl Pts',(32.0040174997214,-4.83034086510073,77.0247504823479));
#4162=CARTESIAN_POINT('Ctrl Pts',(32.7580883661562,-0.779403292510733,76.9941682144875));
#4163=CARTESIAN_POINT('Ctrl Pts',(33.3474781603931,1.0519319573842,76.9999090299322));
#4164=CARTESIAN_POINT('Ctrl Pts',(-93.9025562794868,-0.0193593420821139,
-4.));
#4165=CARTESIAN_POINT('Ctrl Pts',(-93.9012396170396,-1.69737750893491,-4.));
#4166=CARTESIAN_POINT('Ctrl Pts',(-93.7287451426982,-3.44946170363967,-4.));
#4167=CARTESIAN_POINT('Ctrl Pts',(-93.3664006977703,-5.2096020339823,-4.));
#4168=CARTESIAN_POINT('Ctrl Pts',(-92.7835621490539,-8.04082423163024,-4.));
#4169=CARTESIAN_POINT('Ctrl Pts',(-91.7504988291327,-10.7487054247108,-4.00000000000001));
#4170=CARTESIAN_POINT('Ctrl Pts',(-90.4014943798472,-13.3078598588325,-4.00000000000001));
#4171=CARTESIAN_POINT('Ctrl Pts',(-88.6411547045174,-16.647345572217,-4.00000000000001));
#4172=CARTESIAN_POINT('Ctrl Pts',(-86.2476827833224,-19.8952163130173,-4.00000000000003));
#4173=CARTESIAN_POINT('Ctrl Pts',(-83.4734089588541,-22.8477258992404,-4.00000000000003));
#4174=CARTESIAN_POINT('Ctrl Pts',(-81.8242662575317,-24.6028192832315,-4.00000000000003));
#4175=CARTESIAN_POINT('Ctrl Pts',(-80.0470479342251,-26.2421788784936,-3.99999999999999));
#4176=CARTESIAN_POINT('Ctrl Pts',(-78.273387507044,-27.6878153881162,-3.99999999999999));
#4177=CARTESIAN_POINT('Ctrl Pts',(-73.3575072297785,-31.6945440137543,-3.99999999999999));
#4178=CARTESIAN_POINT('Ctrl Pts',(-68.2809568135264,-34.3831339476646,-4.));
#4179=CARTESIAN_POINT('Ctrl Pts',(-64.07738058388,-36.1983483697063,-4.));
#4180=CARTESIAN_POINT('Ctrl Pts',(-62.9279442181915,-36.694705127436,-4.));
#4181=CARTESIAN_POINT('Ctrl Pts',(-61.7508117735965,-37.1665836452002,-3.99999999999998));
#4182=CARTESIAN_POINT('Ctrl Pts',(-60.5471274224483,-37.6139306227626,-3.99999999999998));
#4183=CARTESIAN_POINT('Ctrl Pts',(-57.3555028561353,-38.8000917636731,-3.99999999999998));
#4184=CARTESIAN_POINT('Ctrl Pts',(-53.9829179203163,-39.8110597184422,-3.99999999999998));
#4185=CARTESIAN_POINT('Ctrl Pts',(-50.4987879210613,-40.6321634000895,-3.99999999999998));
#4186=CARTESIAN_POINT('Ctrl Pts',(-47.8407828153204,-41.2585745209798,-3.99999999999998));
#4187=CARTESIAN_POINT('Ctrl Pts',(-45.2046392826586,-41.7539194758237,-3.99999999999998));
#4188=CARTESIAN_POINT('Ctrl Pts',(-42.6398114254441,-42.1349584567093,-3.99999999999998));
#4189=CARTESIAN_POINT('Ctrl Pts',(-34.8448916723823,-43.2929965177971,-3.99999999999998));
#4190=CARTESIAN_POINT('Ctrl Pts',(-27.6153965937993,-43.4074745881725,-4.00000000000001));
#4191=CARTESIAN_POINT('Ctrl Pts',(-21.4880096666544,-43.0934150244797,-4.00000000000001));
#4192=CARTESIAN_POINT('Ctrl Pts',(-18.7828703616381,-42.9547629563203,-4.00000000000001));
#4193=CARTESIAN_POINT('Ctrl Pts',(-16.2926056502853,-42.7344895724812,-4.00000000000001));
#4194=CARTESIAN_POINT('Ctrl Pts',(-14.0628833610935,-42.4887416980191,-4.00000000000001));
#4195=CARTESIAN_POINT('Ctrl Pts',(-11.9674730889134,-42.257796964224,-4.00000000000001));
#4196=CARTESIAN_POINT('Ctrl Pts',(-10.1625135945685,-42.0155273042236,-4.00000000000002));
#4197=CARTESIAN_POINT('Ctrl Pts',(-8.33074516744998,-41.7438236082143,-4.00000000000002));
#4198=CARTESIAN_POINT('Ctrl Pts',(-0.899358668939101,-40.641536251239,-4.00000000000002));
#4199=CARTESIAN_POINT('Ctrl Pts',(6.12460029471221,-39.097297049176,-4.00000000000001));
#4200=CARTESIAN_POINT('Ctrl Pts',(12.8943390739427,-37.8922862302704,-4.00000000000001));
#4201=CARTESIAN_POINT('Ctrl Pts',(16.2793393159205,-37.2897575291489,-4.00000000000001));
#4202=CARTESIAN_POINT('Ctrl Pts',(19.6427430372611,-36.7768175913111,-4.00000000000001));
#4203=CARTESIAN_POINT('Ctrl Pts',(22.7396349091097,-36.4697043609597,-4.00000000000001));
#4204=CARTESIAN_POINT('Ctrl Pts',(26.297892272901,-36.1168383395952,-4.00000000000001));
#4205=CARTESIAN_POINT('Ctrl Pts',(29.6065473178038,-36.0053532943353,-4.00000000000001));
#4206=CARTESIAN_POINT('Ctrl Pts',(32.9836652705645,-36.1783213314098,-4.00000000000001));
#4207=CARTESIAN_POINT('Ctrl Pts',(35.0118520176446,-36.2822002854084,-4.00000000000001));
#4208=CARTESIAN_POINT('Ctrl Pts',(37.0646800338094,-36.4908166180515,-4.));
#4209=CARTESIAN_POINT('Ctrl Pts',(39.2102517750138,-36.8143927020496,-4.));
#4210=CARTESIAN_POINT('Ctrl Pts',(41.2426302108195,-37.1208979765323,-4.));
#4211=CARTESIAN_POINT('Ctrl Pts',(43.2696057106179,-37.5181923777929,-3.99999999999998));
#4212=CARTESIAN_POINT('Ctrl Pts',(45.2904011516342,-37.9623168466833,-3.99999999999998));
#4213=CARTESIAN_POINT('Ctrl Pts',(49.2925619504166,-38.841899956926,-3.99999999999998));
#4214=CARTESIAN_POINT('Ctrl Pts',(53.323568213635,-39.9290557904582,-4.));
#4215=CARTESIAN_POINT('Ctrl Pts',(57.675588879913,-40.7804688021667,-4.));
#4216=CARTESIAN_POINT('Ctrl Pts',(59.3990090910113,-41.1176322728599,-4.));
#4217=CARTESIAN_POINT('Ctrl Pts',(61.1678467535033,-41.413655514511,-4.));
#4218=CARTESIAN_POINT('Ctrl Pts',(62.9893769557611,-41.6290783787841,-4.));
#4219=CARTESIAN_POINT('Ctrl Pts',(66.5448003287664,-42.0495597332886,-4.));
#4220=CARTESIAN_POINT('Ctrl Pts',(70.3009352083225,-42.1756934236161,-4.));
#4221=CARTESIAN_POINT('Ctrl Pts',(74.3135765880675,-41.6943627295483,-4.));
#4222=CARTESIAN_POINT('Ctrl Pts',(75.8881661104698,-41.5054850811456,-4.));
#4223=CARTESIAN_POINT('Ctrl Pts',(77.4491083190631,-41.2258927980358,-3.99999999999999));
#4224=CARTESIAN_POINT('Ctrl Pts',(78.9098448596282,-40.8853907042011,-3.99999999999999));
#4225=CARTESIAN_POINT('Ctrl Pts',(81.9844416204231,-40.1686929249128,-3.99999999999999));
#4226=CARTESIAN_POINT('Ctrl Pts',(84.7172070716036,-39.1692992545944,-4.00000000000001));
#4227=CARTESIAN_POINT('Ctrl Pts',(87.0118874503736,-38.1341411985303,-4.00000000000001));
#4228=CARTESIAN_POINT('Ctrl Pts',(88.3061652373422,-37.5502768441039,-4.00000000000001));
#4229=CARTESIAN_POINT('Ctrl Pts',(89.4613410564402,-36.9557663555514,-3.99999999999999));
#4230=CARTESIAN_POINT('Ctrl Pts',(90.4624165658414,-36.3977182069175,-3.99999999999999));
#4231=CARTESIAN_POINT('Ctrl Pts',(91.2866139406554,-35.9382705280917,-3.99999999999999));
#4232=CARTESIAN_POINT('Ctrl Pts',(92.0790192385693,-35.4642749912246,-3.99999999999999));
#4233=CARTESIAN_POINT('Ctrl Pts',(92.879008854976,-34.9510782305011,-3.99999999999999));
#4234=CARTESIAN_POINT('Ctrl Pts',(97.1386684172561,-32.2184884014405,-3.99999999999999));
#4235=CARTESIAN_POINT('Ctrl Pts',(101.212643705748,-28.6329427049123,-4.00000000000004));
#4236=CARTESIAN_POINT('Ctrl Pts',(104.232162472598,-24.1257580780112,-4.00000000000004));
#4237=CARTESIAN_POINT('Ctrl Pts',(106.646230346445,-20.5223197656706,-4.00000000000004));
#4238=CARTESIAN_POINT('Ctrl Pts',(108.404451278189,-16.3148132393814,-3.99999999999991));
#4239=CARTESIAN_POINT('Ctrl Pts',(108.819677455042,-11.2578781453117,-3.99999999999991));
#4240=CARTESIAN_POINT('Ctrl Pts',(108.996844056393,-9.10021070089045,-3.99999999999991));
#4241=CARTESIAN_POINT('Ctrl Pts',(108.913191590393,-6.88377799397111,-3.99999999999996));
#4242=CARTESIAN_POINT('Ctrl Pts',(108.573290648564,-4.63831644486507,-3.99999999999996));
#4243=CARTESIAN_POINT('Ctrl Pts',(108.299811292402,-2.83165072799579,-3.99999999999996));
#4244=CARTESIAN_POINT('Ctrl Pts',(107.864851680317,-1.01501961059316,-4.));
#4245=CARTESIAN_POINT('Ctrl Pts',(107.259732474076,0.834501374246849,-4.));
#4246=CARTESIAN_POINT('Ctrl Pts',(106.262396659591,3.88281565479968,-4.));
#4247=CARTESIAN_POINT('Ctrl Pts',(104.816112585077,7.00172797804627,-3.99999999999992));
#4248=CARTESIAN_POINT('Ctrl Pts',(102.824049074088,10.0487430352754,-3.99999999999992));
#4249=CARTESIAN_POINT('Ctrl Pts',(101.474958353203,12.1122815306247,-3.99999999999992));
#4250=CARTESIAN_POINT('Ctrl Pts',(99.8828766731715,14.1227053795249,-3.99999999999993));
#4251=CARTESIAN_POINT('Ctrl Pts',(98.0277472299478,15.9553197242031,-3.99999999999993));
#4252=CARTESIAN_POINT('Ctrl Pts',(96.9126138300767,17.0569191151774,-3.99999999999993));
#4253=CARTESIAN_POINT('Ctrl Pts',(95.6994248518758,18.0863552888361,-4.00000000000002));
#4254=CARTESIAN_POINT('Ctrl Pts',(94.4975575377718,18.9565650647994,-4.00000000000002));
#4255=CARTESIAN_POINT('Ctrl Pts',(92.2693150341341,20.5699198728779,-4.00000000000002));
#4256=CARTESIAN_POINT('Ctrl Pts',(89.9943857885862,21.7215907995895,-4.));
#4257=CARTESIAN_POINT('Ctrl Pts',(87.7755170523297,22.5443457305273,-4.));
#4258=CARTESIAN_POINT('Ctrl Pts',(86.1652130157317,23.1414453086913,-4.));
#4259=CARTESIAN_POINT('Ctrl Pts',(84.5380114496103,23.5898845005625,-4.00000000000001));
#4260=CARTESIAN_POINT('Ctrl Pts',(82.8036523536863,23.9417790309251,-4.00000000000001));
#4261=CARTESIAN_POINT('Ctrl Pts',(80.675307773812,24.3736116416829,-4.00000000000001));
#4262=CARTESIAN_POINT('Ctrl Pts',(78.4179812532229,24.6463879496006,-4.));
#4263=CARTESIAN_POINT('Ctrl Pts',(75.9965269811771,24.8188880373108,-4.));
#4264=CARTESIAN_POINT('Ctrl Pts',(74.6239892226787,24.9166651815914,-4.));
#4265=CARTESIAN_POINT('Ctrl Pts',(73.1573116149586,24.9853791627843,-3.99999999999999));
#4266=CARTESIAN_POINT('Ctrl Pts',(71.5578021242704,25.0346641777857,-3.99999999999999));
#4267=CARTESIAN_POINT('Ctrl Pts',(69.6675374095817,25.092908111543,-3.99999999999999));
#4268=CARTESIAN_POINT('Ctrl Pts',(67.6252327466527,25.1223126326318,-4.));
#4269=CARTESIAN_POINT('Ctrl Pts',(65.4989058649533,25.1514587607489,-4.));
#4270=CARTESIAN_POINT('Ctrl Pts',(61.7141798204931,25.2033370072828,-4.));
#4271=CARTESIAN_POINT('Ctrl Pts',(57.6449398629778,25.1986694526584,-4.00000000000001));
#4272=CARTESIAN_POINT('Ctrl Pts',(53.7382117965873,25.2535118361667,-4.00000000000001));
#4273=CARTESIAN_POINT('Ctrl Pts',(48.4881518332915,25.3272118216931,-4.00000000000001));
#4274=CARTESIAN_POINT('Ctrl Pts',(43.484955542045,25.4967362512919,-4.00000000000001));
#4275=CARTESIAN_POINT('Ctrl Pts',(38.3366471663672,25.9146863925291,-4.00000000000001));
#4276=CARTESIAN_POINT('Ctrl Pts',(35.153520497827,26.1730990872653,-4.00000000000001));
#4277=CARTESIAN_POINT('Ctrl Pts',(31.9145986788974,26.5274939952627,-4.));
#4278=CARTESIAN_POINT('Ctrl Pts',(28.528297339567,27.0261304698345,-4.));
#4279=CARTESIAN_POINT('Ctrl Pts',(26.2171762256394,27.3664455124364,-4.));
#4280=CARTESIAN_POINT('Ctrl Pts',(23.8034879935725,27.7836724675056,-4.00000000000003));
#4281=CARTESIAN_POINT('Ctrl Pts',(21.5003630263925,28.2306953559767,-4.00000000000003));
#4282=CARTESIAN_POINT('Ctrl Pts',(13.3683455436722,29.8090716907504,-4.00000000000003));
#4283=CARTESIAN_POINT('Ctrl Pts',(5.99384315170776,31.8386020248638,-3.99999999999999));
#4284=CARTESIAN_POINT('Ctrl Pts',(-2.97176865686009,33.4884083716843,-3.99999999999999));
#4285=CARTESIAN_POINT('Ctrl Pts',(-8.03757192436041,34.4205917587097,-3.99999999999999));
#4286=CARTESIAN_POINT('Ctrl Pts',(-13.6490259483534,35.2396333091468,-3.99999999999999));
#4287=CARTESIAN_POINT('Ctrl Pts',(-20.2347192196186,35.724363424132,-3.99999999999999));
#4288=CARTESIAN_POINT('Origin',(-1.98205963856197,-3.81524861086826,-4.));
#4289=CARTESIAN_POINT('Ctrl Pts',(36.6468835142364,-0.00366653779579416,
75.));
#4290=CARTESIAN_POINT('Ctrl Pts',(35.2725326681036,-0.0636761676960514,
72.7643010767734));
#4291=CARTESIAN_POINT('Ctrl Pts',(30.5490249074644,-0.220357255622513,68.4536727991847));
#4292=CARTESIAN_POINT('Ctrl Pts',(19.7680415040149,-0.505173078802312,62.4789125570373));
#4293=CARTESIAN_POINT('Ctrl Pts',(7.89857009047818,-0.765980910617313,57.0186767570145));
#4294=CARTESIAN_POINT('Ctrl Pts',(-1.85037127387945,-0.918865986672859,
52.6708860004341));
#4295=CARTESIAN_POINT('Ctrl Pts',(-9.59294427608094,-0.974408982614973,
49.3022265628832));
#4296=CARTESIAN_POINT('Ctrl Pts',(-16.0471723906153,-0.969149429448048,
46.7470037478663));
#4297=CARTESIAN_POINT('Ctrl Pts',(-22.7463235361934,-0.915660990055063,
44.5385718813093));
#4298=CARTESIAN_POINT('Ctrl Pts',(-30.1343997836688,-0.822826323929366,
42.6593632546844));
#4299=CARTESIAN_POINT('Ctrl Pts',(-38.4887059178047,-0.701327867799724,
41.0439908351414));
#4300=CARTESIAN_POINT('Ctrl Pts',(-49.3049880048557,-0.539221545438414,
39.3114046888097));
#4301=CARTESIAN_POINT('Ctrl Pts',(-60.1614458885838,-0.380037022323075,
37.6294759612779));
#4302=CARTESIAN_POINT('Ctrl Pts',(-69.904416129761,-0.243102677150665,35.6397174808738));
#4303=CARTESIAN_POINT('Ctrl Pts',(-79.0831174374665,-0.117733731089569,
33.230499224738));
#4304=CARTESIAN_POINT('Ctrl Pts',(-88.7970008794667,0.00839868464789287,
29.1974153398007));
#4305=CARTESIAN_POINT('Ctrl Pts',(-95.7611695508242,0.090408285733118,22.1345843195265));
#4306=CARTESIAN_POINT('Ctrl Pts',(-97.0855015654865,0.093375091517347,12.5650678508441));
#4307=CARTESIAN_POINT('Ctrl Pts',(-94.0503766771154,0.0411628985503094,
4.47294443976108));
#4308=CARTESIAN_POINT('Ctrl Pts',(-91.5541250820974,0.00154503551317787,
-1.99425565736599E-13));
#4309=CARTESIAN_POINT('Ctrl Pts',(36.8550599949846,0.647015135455137,75.));
#4310=CARTESIAN_POINT('Ctrl Pts',(35.4748927090641,0.636265466779417,72.761913547907));
#4311=CARTESIAN_POINT('Ctrl Pts',(30.7391909257963,0.581626275789928,68.4462693391918));
#4312=CARTESIAN_POINT('Ctrl Pts',(19.9379405011198,0.457793089219317,62.4636366902102));
#4313=CARTESIAN_POINT('Ctrl Pts',(8.04701038726692,0.363463929531055,56.9955540832455));
#4314=CARTESIAN_POINT('Ctrl Pts',(-1.72165617488503,0.361231195289703,52.641143684876));
#4315=CARTESIAN_POINT('Ctrl Pts',(-9.48156067321813,0.437864029538054,49.2671936107375));
#4316=CARTESIAN_POINT('Ctrl Pts',(-15.950615669985,0.555910574416248,46.7078907317629));
#4317=CARTESIAN_POINT('Ctrl Pts',(-22.664112365273,0.721006762906121,44.4959444160696));
#4318=CARTESIAN_POINT('Ctrl Pts',(-30.0659666007652,0.923521603463623,42.6138978025481));
#4319=CARTESIAN_POINT('Ctrl Pts',(-38.4336686859589,1.1519682091996,40.9964747057665));
#4320=CARTESIAN_POINT('Ctrl Pts',(-49.2645774317491,1.43488104770035,39.262543952579));
#4321=CARTESIAN_POINT('Ctrl Pts',(-60.133002202783,1.70069514651204,37.5807330217912));
#4322=CARTESIAN_POINT('Ctrl Pts',(-69.8859700173474,1.93009441746501,35.592405461918));
#4323=CARTESIAN_POINT('Ctrl Pts',(-79.0735660083811,2.14360578529228,33.1855619347025));
#4324=CARTESIAN_POINT('Ctrl Pts',(-88.7961567461261,2.3710743558233,29.1573330110319));
#4325=CARTESIAN_POINT('Ctrl Pts',(-95.7673111916396,2.55787311926376,22.1037205345011));
#4326=CARTESIAN_POINT('Ctrl Pts',(-97.0938044482673,2.64651031102479,12.5471893098219));
#4327=CARTESIAN_POINT('Ctrl Pts',(-94.0567382424516,2.63697628211584,4.46648326827219));
#4328=CARTESIAN_POINT('Ctrl Pts',(-91.5586684424445,2.61465810651172,-1.99124285399773E-13));
#4329=CARTESIAN_POINT('Ctrl Pts',(37.3407765596551,1.923401584622,75.));
#4330=CARTESIAN_POINT('Ctrl Pts',(35.9575318520874,2.00173217254676,72.7624824460398));
#4331=CARTESIAN_POINT('Ctrl Pts',(31.2281233876344,2.14275765278656,68.447846393278));
#4332=CARTESIAN_POINT('Ctrl Pts',(20.4604068108983,2.35255636548912,62.4647497090053));
#4333=CARTESIAN_POINT('Ctrl Pts',(8.60911485237288,2.61811896333534,56.9922585524019));
#4334=CARTESIAN_POINT('Ctrl Pts',(-1.13083120587541,2.94750139654526,52.6286833326528));
#4335=CARTESIAN_POINT('Ctrl Pts',(-8.87161974503984,3.31591835102493,49.2418843957375));
#4336=CARTESIAN_POINT('Ctrl Pts',(-15.3256014226085,3.68276361382543,46.6680205330616));
#4337=CARTESIAN_POINT('Ctrl Pts',(-22.0225540399725,4.0930682733795,44.4380059916375));
#4338=CARTESIAN_POINT('Ctrl Pts',(-29.402855058709,4.53532729179163,42.5348386461252));
#4339=CARTESIAN_POINT('Ctrl Pts',(-37.7411398528907,4.99638772316477,40.8942000215241));
#4340=CARTESIAN_POINT('Ctrl Pts',(-48.5289243626083,5.54015187085608,39.1326411741119));
#4341=CARTESIAN_POINT('Ctrl Pts',(-59.349550417526,6.03338128049611,37.4274249599294));
#4342=CARTESIAN_POINT('Ctrl Pts',(-69.0563636964618,6.45736839278709,35.4235710270611));
#4343=CARTESIAN_POINT('Ctrl Pts',(-78.1990617082843,6.85402165694173,33.0066629137339));
#4344=CARTESIAN_POINT('Ctrl Pts',(-87.8720930685148,7.28680636309979,28.9786823871261));
#4345=CARTESIAN_POINT('Ctrl Pts',(-94.8030580072942,7.67578821159961,21.9523750739304));
#4346=CARTESIAN_POINT('Ctrl Pts',(-96.1140565753583,7.91536220537075,12.453375461053));
#4347=CARTESIAN_POINT('Ctrl Pts',(-93.0825447697676,7.96784820752345,4.43174639471311));
#4348=CARTESIAN_POINT('Ctrl Pts',(-90.5907623791375,7.96578500707112,-1.97584159442842E-13));
#4349=CARTESIAN_POINT('Ctrl Pts',(38.2670343308405,3.74511457098286,75.));
#4350=CARTESIAN_POINT('Ctrl Pts',(36.9023625974431,3.93119158692489,72.7774990469291));
#4351=CARTESIAN_POINT('Ctrl Pts',(32.2686771902014,4.33514294340544,68.4934816740361));
#4352=CARTESIAN_POINT('Ctrl Pts',(21.7556432507062,5.04496613720271,62.5496379131752));
#4353=CARTESIAN_POINT('Ctrl Pts',(10.1938059263273,5.87528796552945,57.0997218534609));
#4354=CARTESIAN_POINT('Ctrl Pts',(0.688821484706026,6.73024272585272,52.7325372480308));
#4355=CARTESIAN_POINT('Ctrl Pts',(-6.87002251341601,7.55757411764133,49.3199523539252));
#4356=CARTESIAN_POINT('Ctrl Pts',(-13.1744193942497,8.31172171173794,46.7069387785941));
#4357=CARTESIAN_POINT('Ctrl Pts',(-19.7156980439989,9.09907288223917,44.4203356986435));
#4358=CARTESIAN_POINT('Ctrl Pts',(-26.9213341666104,9.90496849913222,42.4444586348237));
#4359=CARTESIAN_POINT('Ctrl Pts',(-35.0578629396951,10.7134700353603,40.7183815287037));
#4360=CARTESIAN_POINT('Ctrl Pts',(-45.578840871986,11.6407195264207,38.8494831108691));
#4361=CARTESIAN_POINT('Ctrl Pts',(-56.1252563520934,12.4608258595743,37.0468260178698));
#4362=CARTESIAN_POINT('Ctrl Pts',(-65.5812159849799,13.1566848925006,34.9713041184692));
#4363=CARTESIAN_POINT('Ctrl Pts',(-74.4837044917276,13.8034708436739,32.5004130437592));
#4364=CARTESIAN_POINT('Ctrl Pts',(-83.8937328593523,14.504572061387,28.4482011899919));
#4365=CARTESIAN_POINT('Ctrl Pts',(-90.6156488600921,15.1323094192609,21.4868603417908));
#4366=CARTESIAN_POINT('Ctrl Pts',(-91.8443903823553,15.5157065766268,12.1582673991351));
#4367=CARTESIAN_POINT('Ctrl Pts',(-88.8441975463553,15.5927161096741,4.3216382941075));
#4368=CARTESIAN_POINT('Ctrl Pts',(-86.3890049968894,15.5830118422055,-1.92778372344509E-13));
#4369=CARTESIAN_POINT('Ctrl Pts',(39.3794637968853,5.45760080434394,75.));
#4370=CARTESIAN_POINT('Ctrl Pts',(38.0540768771558,5.72799533208212,72.804810287602));
#4371=CARTESIAN_POINT('Ctrl Pts',(33.5855788714083,6.3575737573099,68.5765044318354));
#4372=CARTESIAN_POINT('Ctrl Pts',(23.4834776692207,7.52933160587786,62.7059692119516));
#4373=CARTESIAN_POINT('Ctrl Pts',(12.3781792628586,8.8902720677783,57.3031488990856));
#4374=CARTESIAN_POINT('Ctrl Pts',(3.23837680764725,10.2331049114837,52.9404072141555));
#4375=CARTESIAN_POINT('Ctrl Pts',(-4.04139931289433,11.4766358288356,49.4958138056131));
#4376=CARTESIAN_POINT('Ctrl Pts',(-10.1186050272684,12.5744579794097,46.828236610779));
#4377=CARTESIAN_POINT('Ctrl Pts',(-16.4258957400681,13.6882500565196,44.4591905748159));
#4378=CARTESIAN_POINT('Ctrl Pts',(-23.3703093247683,14.8010731845863,42.3748808266388));
#4379=CARTESIAN_POINT('Ctrl Pts',(-31.2046639120172,15.8954752159037,40.5194773794483));
#4380=CARTESIAN_POINT('Ctrl Pts',(-41.3262007461571,17.1298546327587,38.4862611745585));
#4381=CARTESIAN_POINT('Ctrl Pts',(-51.4629269484942,18.2018222879285,36.5324199259423));
#4382=CARTESIAN_POINT('Ctrl Pts',(-60.5439973250765,19.0985378210354,34.3436378881002));
#4383=CARTESIAN_POINT('Ctrl Pts',(-69.0885386543629,19.9234640929083,31.7854338194331));
#4384=CARTESIAN_POINT('Ctrl Pts',(-78.1097609663596,20.8016565489089,27.6881673694116));
#4385=CARTESIAN_POINT('Ctrl Pts',(-84.5280095024536,21.559266624842,20.8132061986427));
#4386=CARTESIAN_POINT('Ctrl Pts',(-85.6483325982573,21.9797882997155,11.7285550598621));
#4387=CARTESIAN_POINT('Ctrl Pts',(-82.7073496207628,22.013101653089,4.16096820471181));
#4388=CARTESIAN_POINT('Ctrl Pts',(-80.3132929085928,21.9627424582588,-1.85794084770129E-13));
#4389=CARTESIAN_POINT('Ctrl Pts',(40.8085207915793,7.22337180418124,75.));
#4390=CARTESIAN_POINT('Ctrl Pts',(39.5470443007635,7.56413703884981,72.8467405837688));
#4391=CARTESIAN_POINT('Ctrl Pts',(35.3279410270423,8.40064272787681,68.7037577787835));
#4392=CARTESIAN_POINT('Ctrl Pts',(25.8252521895315,10.0205379085464,62.9459678919656));
#4393=CARTESIAN_POINT('Ctrl Pts',(15.3770921265231,11.8964402148835,57.6175354962321));
#4394=CARTESIAN_POINT('Ctrl Pts',(6.75680088893332,13.6988463927908,53.2663601296061));
#4395=CARTESIAN_POINT('Ctrl Pts',(-0.130353479574223,15.3185300689411,49.7796100922812));
#4396=CARTESIAN_POINT('Ctrl Pts',(-5.89070876737525,16.7149884498957,47.0363849017846));
#4397=CARTESIAN_POINT('Ctrl Pts',(-11.8730032415569,18.1000712901487,44.5510437646507));
#4398=CARTESIAN_POINT('Ctrl Pts',(-18.4547061164262,19.4558415683741,42.3124562429894));
#4399=CARTESIAN_POINT('Ctrl Pts',(-25.8691795500919,20.7648430627469,40.272067384261));
#4400=CARTESIAN_POINT('Ctrl Pts',(-35.4344469858233,22.2166400426367,38.0028769668874));
#4401=CARTESIAN_POINT('Ctrl Pts',(-44.9992799253529,23.4516412585962,35.830882656613));
#4402=CARTESIAN_POINT('Ctrl Pts',(-53.5579276266542,24.4645779313481,33.4775827574148));
#4403=CARTESIAN_POINT('Ctrl Pts',(-61.6042221122461,25.3819585280697,30.7915042699812));
#4404=CARTESIAN_POINT('Ctrl Pts',(-70.085982623737,26.329359267521,26.6252409180814));
#4405=CARTESIAN_POINT('Ctrl Pts',(-76.0901061805417,27.0893164951838,19.8671657276637));
#4406=CARTESIAN_POINT('Ctrl Pts',(-77.0736700546007,27.4250616063306,11.1235177207299));
#4407=CARTESIAN_POINT('Ctrl Pts',(-74.2279663345805,27.339383492717,3.93453345281314));
#4408=CARTESIAN_POINT('Ctrl Pts',(-71.9262086251444,27.2127363886554,-1.75965539921758E-13));
#4409=CARTESIAN_POINT('Ctrl Pts',(42.3638932778568,8.73428963934106,75.));
#4410=CARTESIAN_POINT('Ctrl Pts',(41.1825365240746,9.11907681373024,72.8971126594985));
#4411=CARTESIAN_POINT('Ctrl Pts',(37.2732762170515,10.1080521025075,68.8562027476273));
#4412=CARTESIAN_POINT('Ctrl Pts',(28.5191304437404,12.0857056361446,63.2329446651835));
#4413=CARTESIAN_POINT('Ctrl Pts',(18.9058406257795,14.3725362464545,57.9938822004975));
#4414=CARTESIAN_POINT('Ctrl Pts',(10.9669234746572,16.5263272461035,53.6584744939171));
#4415=CARTESIAN_POINT('Ctrl Pts',(4.61170331777444,18.4156533073305,50.1247272150213));
#4416=CARTESIAN_POINT('Ctrl Pts',(-0.711854957909775,20.0121424950017,47.2953201530621));
#4417=CARTESIAN_POINT('Ctrl Pts',(-6.24576777036615,21.5637696873164,44.676604379118));
#4418=CARTESIAN_POINT('Ctrl Pts',(-12.3347843728939,23.053164611257,42.2605284314579));
#4419=CARTESIAN_POINT('Ctrl Pts',(-19.1912032352433,24.4645870351344,40.0069255106845));
#4420=CARTESIAN_POINT('Ctrl Pts',(-28.0310100639847,26.0016078648676,37.46535966275));
#4421=CARTESIAN_POINT('Ctrl Pts',(-36.8626476219473,27.277586456193,35.0410921498953));
#4422=CARTESIAN_POINT('Ctrl Pts',(-44.756551339408,28.2972559193815,32.4969945387123));
#4423=CARTESIAN_POINT('Ctrl Pts',(-52.1705018332858,29.2005418512305,29.6620743800447));
#4424=CARTESIAN_POINT('Ctrl Pts',(-59.967750495944,30.0910094402532,25.4139321110238));
#4425=CARTESIAN_POINT('Ctrl Pts',(-65.439449076028,30.7180302079111,18.7868759375405));
#4426=CARTESIAN_POINT('Ctrl Pts',(-66.2348410910454,30.8546023807705,10.4316943980602));
#4427=CARTESIAN_POINT('Ctrl Pts',(-63.4979576566729,30.5907897911587,3.67548070409999));
#4428=CARTESIAN_POINT('Ctrl Pts',(-61.3076768799108,30.3633518458656,-1.64726639180612E-13));
#4429=CARTESIAN_POINT('Ctrl Pts',(43.8106288153009,9.86523425460431,75.));
#4430=CARTESIAN_POINT('Ctrl Pts',(42.7087343263939,10.2723796362125,72.9453725123945));
#4431=CARTESIAN_POINT('Ctrl Pts',(39.1122558196396,11.3614281035428,69.0016990055968));
#4432=CARTESIAN_POINT('Ctrl Pts',(31.1282793924305,13.5976698881157,63.5056082079558));
#4433=CARTESIAN_POINT('Ctrl Pts',(22.3955315144941,16.1831903006336,58.3504357453623));
#4434=CARTESIAN_POINT('Ctrl Pts',(15.2034355773988,18.5832084465945,54.0293658143209));
#4435=CARTESIAN_POINT('Ctrl Pts',(9.45274070031713,20.6496570696458,50.450981022516));
#4436=CARTESIAN_POINT('Ctrl Pts',(4.63513991589805,22.3675819493853,47.5402372978506));
#4437=CARTESIAN_POINT('Ctrl Pts',(-0.378174463553823,24.0087711282678,44.7959667670876));
#4438=CARTESIAN_POINT('Ctrl Pts',(-5.90331882654295,25.5570953323783,42.2130574837036));
#4439=CARTESIAN_POINT('Ctrl Pts',(-12.1348908039235,26.9991031517939,39.7592373953601));
#4440=CARTESIAN_POINT('Ctrl Pts',(-20.1784489851431,28.5416059979361,36.9620644223181));
#4441=CARTESIAN_POINT('Ctrl Pts',(-28.220171502035,29.7901228948845,34.3011753352237));
#4442=CARTESIAN_POINT('Ctrl Pts',(-35.4036610286462,30.7591296271321,31.5781372224438));
#4443=CARTESIAN_POINT('Ctrl Pts',(-42.1434334898673,31.5952175895052,28.6036153555459));
#4444=CARTESIAN_POINT('Ctrl Pts',(-49.2100203054147,32.3712123510852,24.2786058140667));
#4445=CARTESIAN_POINT('Ctrl Pts',(-54.1023392696978,32.8128468977084,17.7741703159981));
#4446=CARTESIAN_POINT('Ctrl Pts',(-54.6735696989288,32.7170030313643,9.78298842739189));
#4447=CARTESIAN_POINT('Ctrl Pts',(-52.0327990599344,32.2673774966471,3.432525752558));
#4448=CARTESIAN_POINT('Ctrl Pts',(-49.951643936217,31.9393523489898,-1.54182330868215E-13));
#4449=CARTESIAN_POINT('Ctrl Pts',(45.3345951621472,10.9067384450496,75.));
#4450=CARTESIAN_POINT('Ctrl Pts',(44.318319911785,11.3283953691096,72.9963042162573));
#4451=CARTESIAN_POINT('Ctrl Pts',(41.0571300944436,12.5009300299834,69.1548267991283));
#4452=CARTESIAN_POINT('Ctrl Pts',(33.8998487040972,14.9676277018863,63.7915328898269));
#4453=CARTESIAN_POINT('Ctrl Pts',(26.1169423650169,17.81905613287,58.723257057973));
#4454=CARTESIAN_POINT('Ctrl Pts',(19.7374573920787,20.4311313075271,54.4161471574733));
#4455=CARTESIAN_POINT('Ctrl Pts',(14.6496923711741,22.6410959542466,50.7901537219934));
#4456=CARTESIAN_POINT('Ctrl Pts',(10.3890775494028,24.4494171315836,47.7936165262548));
#4457=CARTESIAN_POINT('Ctrl Pts',(5.94865167908343,26.1471793722133,44.9174374664454));
#4458=CARTESIAN_POINT('Ctrl Pts',(1.04161751382025,27.7200211082389,42.1596260631883));
#4459=CARTESIAN_POINT('Ctrl Pts',(-4.50845149401456,29.157445839503,39.4961918787454));
#4460=CARTESIAN_POINT('Ctrl Pts',(-11.6879779389701,30.6640300780801,36.431669658277));
#4461=CARTESIAN_POINT('Ctrl Pts',(-18.8769926719867,31.8468402816433,33.523520208035));
#4462=CARTESIAN_POINT('Ctrl Pts',(-25.2951994497668,32.7310747740431,30.6136505167997));
#4463=CARTESIAN_POINT('Ctrl Pts',(-31.309558393683,33.4668069094759,27.4934944523463));
#4464=CARTESIAN_POINT('Ctrl Pts',(-37.5908195087892,34.0890999595454,23.0886128706955));
#4465=CARTESIAN_POINT('Ctrl Pts',(-41.859140006422,34.3037006013715,16.7130786984888));
#4466=CARTESIAN_POINT('Ctrl Pts',(-42.1875680278978,33.9404869477536,9.1033639007829));
#4467=CARTESIAN_POINT('Ctrl Pts',(-39.6492586680732,33.2873082178184,3.17798049031804));
#4468=CARTESIAN_POINT('Ctrl Pts',(-37.6853237853131,32.8515016527741,-1.43130016562339E-13));
#4469=CARTESIAN_POINT('Ctrl Pts',(46.8574246727391,11.7661360549287,75.));
#4470=CARTESIAN_POINT('Ctrl Pts',(45.9284080039607,12.1922165784331,73.0467831648153));
#4471=CARTESIAN_POINT('Ctrl Pts',(43.0024735166845,13.4221194251029,69.3059749496359));
#4472=CARTESIAN_POINT('Ctrl Pts',(36.6659483410564,16.0658773021141,64.0721840983159));
#4473=CARTESIAN_POINT('Ctrl Pts',(29.8253264014486,19.1195201903842,59.0874669516437));
#4474=CARTESIAN_POINT('Ctrl Pts',(24.2533116331417,21.8812053457005,54.7921610823702));
#4475=CARTESIAN_POINT('Ctrl Pts',(19.8252996778436,24.1778042379442,51.1178153744827));
#4476=CARTESIAN_POINT('Ctrl Pts',(16.1191523376936,26.0269618188493,48.0358252239942));
#4477=CARTESIAN_POINT('Ctrl Pts',(12.2482573230453,27.7316069060988,45.0291786478201));
#4478=CARTESIAN_POINT('Ctrl Pts',(7.95423905336014,29.2797375687395,42.0990218052877));
#4479=CARTESIAN_POINT('Ctrl Pts',(3.07837552223149,30.6643691845317,39.2295306439793));
#4480=CARTESIAN_POINT('Ctrl Pts',(-3.24850946250969,32.080643754332,35.902638818142));
#4481=CARTESIAN_POINT('Ctrl Pts',(-9.59837918156997,33.1501822657862,32.7522494930038));
#4482=CARTESIAN_POINT('Ctrl Pts',(-15.2647172349054,33.9091781983361,29.6596450705101));
#4483=CARTESIAN_POINT('Ctrl Pts',(-20.5673164284523,34.5067334387638,26.3973027923715));
#4484=CARTESIAN_POINT('Ctrl Pts',(-26.0798923646227,34.9336599921585,21.9151118393403));
#4485=CARTESIAN_POINT('Ctrl Pts',(-29.7405164273853,34.8822772902138,15.6675274714056));
#4486=CARTESIAN_POINT('Ctrl Pts',(-29.8383065741538,34.2259037798846,8.43391596737181));
#4487=CARTESIAN_POINT('Ctrl Pts',(-27.4078888778367,33.3621432009801,2.92724564487025));
#4488=CARTESIAN_POINT('Ctrl Pts',(-25.5632844826276,32.8179311797283,-1.32234734124465E-13));
#4489=CARTESIAN_POINT('Ctrl Pts',(48.5740381310396,12.5450511633116,75.));
#4490=CARTESIAN_POINT('Ctrl Pts',(47.7432957151841,12.9680647064481,73.1015900044723));
#4491=CARTESIAN_POINT('Ctrl Pts',(45.175089148063,14.2374284880966,69.469061102637));
#4492=CARTESIAN_POINT('Ctrl Pts',(39.6853725949364,17.0211945842135,64.3722472597112));
#4493=CARTESIAN_POINT('Ctrl Pts',(33.7971640568586,20.2284490225977,59.4735633964604));
#4494=CARTESIAN_POINT('Ctrl Pts',(29.0217831938828,23.085251958087,55.1868832182163));
#4495=CARTESIAN_POINT('Ctrl Pts',(25.2307673245436,25.4129707189206,51.456977821918));
#4496=CARTESIAN_POINT('Ctrl Pts',(22.0529023368981,27.2505874758079,48.2802396971911));
#4497=CARTESIAN_POINT('Ctrl Pts',(18.7224250550545,28.9059720548963,45.1308155721667));
#4498=CARTESIAN_POINT('Ctrl Pts',(15.012318908143,30.3704279463222,42.013366669589));
#4499=CARTESIAN_POINT('Ctrl Pts',(10.7830708732748,31.6413015393715,38.920949063514));
#4500=CARTESIAN_POINT('Ctrl Pts',(5.28047138789482,32.8953366492588,35.3111181546906));
#4501=CARTESIAN_POINT('Ctrl Pts',(-0.251789459913988,33.7854583275799,31.9003794383265));
#4502=CARTESIAN_POINT('Ctrl Pts',(-5.18569570230092,34.3599486284525,28.6120804037114));
#4503=CARTESIAN_POINT('Ctrl Pts',(-9.79581538273048,34.7620192405719,25.1980784001067));
#4504=CARTESIAN_POINT('Ctrl Pts',(-14.5648003807228,34.9267464074999,20.6350780312547));
#4505=CARTESIAN_POINT('Ctrl Pts',(-17.6557991094162,34.5393240220297,14.5291647142003));
#4506=CARTESIAN_POINT('Ctrl Pts',(-17.5667872339076,33.5336312039318,7.70569931937817));
#4507=CARTESIAN_POINT('Ctrl Pts',(-15.275742305807,32.4330650528004,2.65453542756727));
#4508=CARTESIAN_POINT('Ctrl Pts',(-13.5663078620566,31.7705931280798,-1.20367842319894E-13));
#4509=CARTESIAN_POINT('Ctrl Pts',(50.3463399820674,13.2326479756412,75.));
#4510=CARTESIAN_POINT('Ctrl Pts',(49.6163587674069,13.6483701561053,73.1563003781977));
#4511=CARTESIAN_POINT('Ctrl Pts',(47.4002309566738,14.9444420519325,69.6310643873667));
#4512=CARTESIAN_POINT('Ctrl Pts',(42.7251314307513,17.8394553196012,64.668126254471));
#4513=CARTESIAN_POINT('Ctrl Pts',(37.7385642714415,21.1641817253137,59.8515678271585));
#4514=CARTESIAN_POINT('Ctrl Pts',(33.703133293814,24.0796533032972,55.5700459057501));
#4515=CARTESIAN_POINT('Ctrl Pts',(30.4932454662623,26.4047210422953,51.7820394766144));
#4516=CARTESIAN_POINT('Ctrl Pts',(27.7923253852113,28.2011579509829,48.5089029844746));
#4517=CARTESIAN_POINT('Ctrl Pts',(24.9470380895069,29.7770925913364,45.2157279568087));
#4518=CARTESIAN_POINT('Ctrl Pts',(21.7624387007189,31.1276396049271,41.9107784385869));
#4519=CARTESIAN_POINT('Ctrl Pts',(18.1199748627193,32.2552664816601,38.5960038743832));
#4520=CARTESIAN_POINT('Ctrl Pts',(13.3701197637973,33.3135937902065,34.7047054083328));
#4521=CARTESIAN_POINT('Ctrl Pts',(8.58790263289201,33.9946085433012,31.0357039591305));
#4522=CARTESIAN_POINT('Ctrl Pts',(4.32737162121653,34.3596828771585,27.5538729172103));
#4523=CARTESIAN_POINT('Ctrl Pts',(0.352739349119269,34.5429200460229,23.990409883468));
#4524=CARTESIAN_POINT('Ctrl Pts',(-3.73896640951895,34.4194562702398,19.349196299465));
#4525=CARTESIAN_POINT('Ctrl Pts',(-6.32418670827621,33.6724314453495,13.3873894873619));
#4526=CARTESIAN_POINT('Ctrl Pts',(-6.09521025250271,32.3020563722331,6.97587228049457));
#4527=CARTESIAN_POINT('Ctrl Pts',(-3.96062880006496,30.9611129932094,2.38125830916173));
#4528=CARTESIAN_POINT('Ctrl Pts',(-2.39058818314225,30.1806086824397,-1.08462718872795E-13));
#4529=CARTESIAN_POINT('Ctrl Pts',(52.6551833346644,13.9221099372247,75.));
#4530=CARTESIAN_POINT('Ctrl Pts',(52.0539816368087,14.3226083387585,73.2231233132832));
#4531=CARTESIAN_POINT('Ctrl Pts',(50.2646866464474,15.6340655555525,69.8271809133536));
#4532=CARTESIAN_POINT('Ctrl Pts',(46.5418329760399,18.6273676168185,65.0214070326122));
#4533=CARTESIAN_POINT('Ctrl Pts',(42.5856050645092,22.0498611742088,60.2967209481263));
#4534=CARTESIAN_POINT('Ctrl Pts',(39.3727595861572,24.9918527433288,56.0136005640515));
#4535=CARTESIAN_POINT('Ctrl Pts',(36.7917958433951,27.272599780453,52.1484177162384));
#4536=CARTESIAN_POINT('Ctrl Pts',(34.5978012305976,28.9829078820722,48.7530919852267));
#4537=CARTESIAN_POINT('Ctrl Pts',(32.2645608675987,30.4261959941577,45.2810935001188));
#4538=CARTESIAN_POINT('Ctrl Pts',(29.6365728592101,31.6025755133231,41.7453072848693));
#4539=CARTESIAN_POINT('Ctrl Pts',(26.6206713258903,32.5207639872378,38.1586375180343));
#4540=CARTESIAN_POINT('Ctrl Pts',(22.6819183544658,33.3013847447601,33.9248705402876));
#4541=CARTESIAN_POINT('Ctrl Pts',(18.7146227391626,33.6937289233927,29.9433158831623));
#4542=CARTESIAN_POINT('Ctrl Pts',(15.1846771857807,33.7745777897681,26.2286515569781));
#4543=CARTESIAN_POINT('Ctrl Pts',(11.8975565152634,33.664215235682,22.4866003816317));
#4544=CARTESIAN_POINT('Ctrl Pts',(8.5311628774023,33.1605270850559,17.7552886391377));
#4545=CARTESIAN_POINT('Ctrl Pts',(6.46020649625594,31.948314997737,11.976258836419));
#4546=CARTESIAN_POINT('Ctrl Pts',(6.78338054449048,30.1169481467394,6.07522308149693));
#4547=CARTESIAN_POINT('Ctrl Pts',(8.69593407406383,28.4797576526883,2.04411067638525));
#4548=CARTESIAN_POINT('Ctrl Pts',(10.0857479974069,27.5558503207405,-9.37445174096559E-14));
#4549=CARTESIAN_POINT('Ctrl Pts',(55.2998515162651,14.4390364249026,75.));
#4550=CARTESIAN_POINT('Ctrl Pts',(54.8390723387683,14.8191406396935,73.2902729633885));
#4551=CARTESIAN_POINT('Ctrl Pts',(53.5010903798456,16.1391393414563,70.0207595157602));
#4552=CARTESIAN_POINT('Ctrl Pts',(50.7737027704122,19.2315190282224,65.3601297577044));
#4553=CARTESIAN_POINT('Ctrl Pts',(47.9000483510876,22.763619889548,60.7105448222625));
#4554=CARTESIAN_POINT('Ctrl Pts',(45.5655442267223,25.7525169440452,56.4093333689907));
#4555=CARTESIAN_POINT('Ctrl Pts',(43.6670823057776,28.0133105746764,52.4532132934051));
#4556=CARTESIAN_POINT('Ctrl Pts',(42.0272609584542,29.6623848411669,48.925114931828));
#4557=CARTESIAN_POINT('Ctrl Pts',(40.2519380944405,31.0010246322394,45.265570841168));
#4558=CARTESIAN_POINT('Ctrl Pts',(38.2228079964887,32.0336608054481,41.4925832341022));
#4559=CARTESIAN_POINT('Ctrl Pts',(35.8706422423833,32.7747896634755,37.630320945995));
#4560=CARTESIAN_POINT('Ctrl Pts',(32.7785736269589,33.3165045818397,33.0529553269919));
#4561=CARTESIAN_POINT('Ctrl Pts',(29.6491747193173,33.4561468840736,28.7613264357675));
#4562=CARTESIAN_POINT('Ctrl Pts',(26.8635924011246,33.285188515067,24.8186107598217));
#4563=CARTESIAN_POINT('Ctrl Pts',(24.2725364297963,32.9124337802253,20.9042676471023));
#4564=CARTESIAN_POINT('Ctrl Pts',(21.6324152239695,32.0643479314039,16.0933096125538));
#4565=CARTESIAN_POINT('Ctrl Pts',(20.062771964793,30.4233110893153,10.5135725868253));
#4566=CARTESIAN_POINT('Ctrl Pts',(20.4497889008926,28.1575532279047,5.14455835076385));
#4567=CARTESIAN_POINT('Ctrl Pts',(22.1062108879021,26.2339299765809,1.69594080340908));
#4568=CARTESIAN_POINT('Ctrl Pts',(23.2946753586389,25.1692328056151,-7.84828623553436E-14));
#4569=CARTESIAN_POINT('Ctrl Pts',(57.762014358223,14.72633623965,75.));
#4570=CARTESIAN_POINT('Ctrl Pts',(57.4236279760183,15.0892244388997,73.3430328230016));
#4571=CARTESIAN_POINT('Ctrl Pts',(56.4774467663759,16.4201478361445,70.168954277879));
#4572=CARTESIAN_POINT('Ctrl Pts',(54.624767860863,19.6150693028889,65.6080245015483));
#4573=CARTESIAN_POINT('Ctrl Pts',(52.729514209404,23.2755700354026,60.9979976995481));
#4574=CARTESIAN_POINT('Ctrl Pts',(51.2272630066203,26.3535323642893,56.6637432139463));
#4575=CARTESIAN_POINT('Ctrl Pts',(50.0048038483408,28.6535848105978,52.6206472838506));
#4576=CARTESIAN_POINT('Ctrl Pts',(48.9269016670907,30.3070079074662,48.976421673426));
#4577=CARTESIAN_POINT('Ctrl Pts',(47.7189345110803,31.6202228241466,45.1599452534063));
#4578=CARTESIAN_POINT('Ctrl Pts',(46.2876544006133,32.5998472022582,41.1937894686496));
#4579=CARTESIAN_POINT('Ctrl Pts',(44.5790516921432,33.2636264352656,37.1113029877656));
#4580=CARTESIAN_POINT('Ctrl Pts',(42.2851260409522,33.6904311579955,32.2633337371127));
#4581=CARTESIAN_POINT('Ctrl Pts',(39.9236145821025,33.6983558499667,27.7314996316935));
#4582=CARTESIAN_POINT('Ctrl Pts',(37.8104398416252,33.388522195694,23.6155184831268));
#4583=CARTESIAN_POINT('Ctrl Pts',(35.8440985745651,32.8661487496959,19.5733636043696));
#4584=CARTESIAN_POINT('Ctrl Pts',(33.8524179023277,31.8123945252335,14.7120151965218));
#4585=CARTESIAN_POINT('Ctrl Pts',(32.7345707103849,29.8991175820516,9.30756582228569));
#4586=CARTESIAN_POINT('Ctrl Pts',(33.1866119003511,27.3397409798403,4.38045892263598));
#4587=CARTESIAN_POINT('Ctrl Pts',(34.6168728037962,25.2089013731151,1.41033425222531));
#4588=CARTESIAN_POINT('Ctrl Pts',(35.6243421685008,24.0383578533852,-6.58951739600307E-14));
#4589=CARTESIAN_POINT('Ctrl Pts',(60.0083088724327,14.850549939071,75.));
#4590=CARTESIAN_POINT('Ctrl Pts',(59.7735379069121,15.201410255398,73.3822565834655));
#4591=CARTESIAN_POINT('Ctrl Pts',(59.154771651007,16.5454707329027,70.2750125923661));
#4592=CARTESIAN_POINT('Ctrl Pts',(58.0360382647009,19.8342071379168,65.7730414705377));
#4593=CARTESIAN_POINT('Ctrl Pts',(56.9813480556583,23.6184339381874,61.1717976533258));
#4594=CARTESIAN_POINT('Ctrl Pts',(56.2226454343979,26.7973995133205,56.7929158025266));
#4595=CARTESIAN_POINT('Ctrl Pts',(55.6249856494038,29.1635856753434,52.6685102096936));
#4596=CARTESIAN_POINT('Ctrl Pts',(55.0748007534931,30.8557650897598,48.9251938012624));
#4597=CARTESIAN_POINT('Ctrl Pts',(54.400488004797,32.1889076276787,44.9815734742227));
#4598=CARTESIAN_POINT('Ctrl Pts',(53.5233870694394,33.1704141446545,40.864205560481));
#4599=CARTESIAN_POINT('Ctrl Pts',(52.3967576184573,33.8194282063148,36.6136300791637));
#4600=CARTESIAN_POINT('Ctrl Pts',(50.8075314946595,34.2115228095436,31.563250680373));
#4601=CARTESIAN_POINT('Ctrl Pts',(49.1074018823365,34.1685929756228,26.8559750515469));
#4602=CARTESIAN_POINT('Ctrl Pts',(47.564225140519,33.7973288364132,22.6171113921474));
#4603=CARTESIAN_POINT('Ctrl Pts',(46.1236148511944,33.2041579091361,18.4877124374347));
#4604=CARTESIAN_POINT('Ctrl Pts',(44.6736201418099,32.0447231406114,13.6017766147695));
#4605=CARTESIAN_POINT('Ctrl Pts',(43.9306843458273,29.9773895674022,8.34794875622089));
#4606=CARTESIAN_POINT('Ctrl Pts',(44.4327855000299,27.2375379089655,3.7757782854676));
#4607=CARTESIAN_POINT('Ctrl Pts',(45.6653043296049,24.9690315479941,1.18457518361605));
#4608=CARTESIAN_POINT('Ctrl Pts',(46.5140721433856,23.7253188174167,-5.58758284840149E-14));
#4609=CARTESIAN_POINT('Ctrl Pts',(62.2698648832328,14.8478732889071,75.));
#4610=CARTESIAN_POINT('Ctrl Pts',(62.1296939681744,15.1926172940382,73.411351616835));
#4611=CARTESIAN_POINT('Ctrl Pts',(61.7991264378701,16.5517965131531,70.347871712846));
#4612=CARTESIAN_POINT('Ctrl Pts',(61.3236684273961,19.9198064352299,65.8681945576864));
#4613=CARTESIAN_POINT('Ctrl Pts',(61.0229981379783,23.8098000738255,61.2442471185657));
#4614=CARTESIAN_POINT('Ctrl Pts',(60.9591607558978,27.0820601292905,56.8037637262611));
#4615=CARTESIAN_POINT('Ctrl Pts',(60.9648529850136,29.5182491889426,52.5953071827917));
#4616=CARTESIAN_POINT('Ctrl Pts',(60.9317602115199,31.260320531048,48.7602180325651));
#4617=CARTESIAN_POINT('Ctrl Pts',(60.7793304977874,32.6321581595392,44.7071807703533));
#4618=CARTESIAN_POINT('Ctrl Pts',(60.4350640199009,33.6412635797015,40.4665456128352));
#4619=CARTESIAN_POINT('Ctrl Pts',(59.8542156830156,34.3073519423134,36.0847212343884));
#4620=CARTESIAN_POINT('Ctrl Pts',(58.9077252389265,34.7077454582606,30.8819840202594));
#4621=CARTESIAN_POINT('Ctrl Pts',(57.7914484328782,34.6594737135819,26.0485997143192));
#4622=CARTESIAN_POINT('Ctrl Pts',(56.7418384052486,34.2725079236655,21.7266961937432));
#4623=CARTESIAN_POINT('Ctrl Pts',(55.7507867253073,33.6563196754857,17.543395726195));
#4624=CARTESIAN_POINT('Ctrl Pts',(54.7552235576681,32.4541457729927,12.6574170635229));
#4625=CARTESIAN_POINT('Ctrl Pts',(54.3174923023497,30.3121551262877,7.54447784245234));
#4626=CARTESIAN_POINT('Ctrl Pts',(54.8391892005932,27.4731495104291,3.27388950785527));
#4627=CARTESIAN_POINT('Ctrl Pts',(55.8776352019946,25.1214727147829,0.997543743939817));
#4628=CARTESIAN_POINT('Ctrl Pts',(56.5745082403234,23.8316929457967,-4.7483154774657E-14));
#4629=CARTESIAN_POINT('Ctrl Pts',(63.7797861246344,14.7659561626764,75.));
#4630=CARTESIAN_POINT('Ctrl Pts',(63.6950201543073,15.1121937019363,73.4227500784141));
#4631=CARTESIAN_POINT('Ctrl Pts',(63.5232991641164,16.481447621244,70.370390182103));
#4632=CARTESIAN_POINT('Ctrl Pts',(63.394650386932,19.8795072401013,65.8772036403114));
#4633=CARTESIAN_POINT('Ctrl Pts',(63.5126177763961,23.8069299317736,61.2140178678612));
#4634=CARTESIAN_POINT('Ctrl Pts',(63.8552048642875,27.1129329703488,56.7197603035429));
#4635=CARTESIAN_POINT('Ctrl Pts',(64.2277776762697,29.5761413446871,52.4536356715691));
#4636=CARTESIAN_POINT('Ctrl Pts',(64.5136240550875,31.3390741690477,48.5635062844562));
#4637=CARTESIAN_POINT('Ctrl Pts',(64.6825750622146,32.7291127689759,44.4517635683247));
#4638=CARTESIAN_POINT('Ctrl Pts',(64.6596337593031,33.7537203437936,40.1511172746091));
#4639=CARTESIAN_POINT('Ctrl Pts',(64.3959663893176,34.432714999742,35.7108385871037));
#4640=CARTESIAN_POINT('Ctrl Pts',(63.8087959817467,34.8451781840613,30.4458438595841));
#4641=CARTESIAN_POINT('Ctrl Pts',(63.0042085440643,34.8046346569347,25.5670021177126));
#4642=CARTESIAN_POINT('Ctrl Pts',(62.2080042173957,34.4218667716253,21.2208246128769));
#4643=CARTESIAN_POINT('Ctrl Pts',(61.4426668511119,33.8078157342286,17.0275222119456));
#4644=CARTESIAN_POINT('Ctrl Pts',(60.6675953538779,32.6042975122439,12.1603984749153));
#4645=CARTESIAN_POINT('Ctrl Pts',(60.3643700806066,30.4538772968561,7.13316608832107));
#4646=CARTESIAN_POINT('Ctrl Pts',(60.8682833891728,27.5990342008092,3.02101357009055));
#4647=CARTESIAN_POINT('Ctrl Pts',(61.780252122034,25.231543648016,0.903635071095649));
#4648=CARTESIAN_POINT('Ctrl Pts',(62.3821416476875,23.9324604146488,-4.3183885270785E-14));
#4649=CARTESIAN_POINT('Ctrl Pts',(65.9296720530446,14.597296713741,75.));
#4650=CARTESIAN_POINT('Ctrl Pts',(65.9175155042741,14.950822743334,73.4324456926115));
#4651=CARTESIAN_POINT('Ctrl Pts',(65.9439210505394,16.3339565830445,70.3811647623104));
#4652=CARTESIAN_POINT('Ctrl Pts',(66.2438620631414,19.7506451588836,65.8455416375069));
#4653=CARTESIAN_POINT('Ctrl Pts',(66.8923067513508,23.6948412992656,61.1067460051449));
#4654=CARTESIAN_POINT('Ctrl Pts',(67.7713495153048,27.0142862176065,56.5254649904402));
#4655=CARTESIAN_POINT('Ctrl Pts',(68.6417453185697,29.4883605908199,52.1757996202563));
#4656=CARTESIAN_POINT('Ctrl Pts',(69.3653574543203,31.260029974859,48.2122171024494));
#4657=CARTESIAN_POINT('Ctrl Pts',(69.9739423073259,32.6584163691072,44.0283986957087));
#4658=CARTESIAN_POINT('Ctrl Pts',(70.3840556571772,33.6910232930602,39.66027837521));
#4659=CARTESIAN_POINT('Ctrl Pts',(70.538968968726,34.3775993582629,35.160351548489));
#4660=CARTESIAN_POINT('Ctrl Pts',(70.4124748632362,34.7986510865037,29.8386591217449));
#4661=CARTESIAN_POINT('Ctrl Pts',(69.9914231842553,34.7659750686394,24.9264993450217));
#4662=CARTESIAN_POINT('Ctrl Pts',(69.4991392930781,34.3902710088657,20.5710662355873));
#4663=CARTESIAN_POINT('Ctrl Pts',(68.9988402325344,33.7833176838117,16.3846548589086));
#4664=CARTESIAN_POINT('Ctrl Pts',(68.4727406432866,32.5888795762713,11.5598203797673));
#4665=CARTESIAN_POINT('Ctrl Pts',(68.3094446968994,30.4495472334671,6.64809762188458));
#4666=CARTESIAN_POINT('Ctrl Pts',(68.763764297934,27.6065524227306,2.72709900673732));
#4667=CARTESIAN_POINT('Ctrl Pts',(69.4973728692296,25.2475469833872,0.794840462797231));
#4668=CARTESIAN_POINT('Ctrl Pts',(69.9691008226024,23.9528567629134,-3.81108615490897E-14));
#4669=CARTESIAN_POINT('Ctrl Pts',(69.320785588673,14.2257107923101,75.));
#4670=CARTESIAN_POINT('Ctrl Pts',(69.3999815888648,14.5716170705778,73.3941290336243));
#4671=CARTESIAN_POINT('Ctrl Pts',(69.6714384047171,15.8834887710126,70.250967461564));
#4672=CARTESIAN_POINT('Ctrl Pts',(70.4609864456449,19.0850575007183,65.5596335269246));
#4673=CARTESIAN_POINT('Ctrl Pts',(71.6513559351967,22.777395625124,60.678337215275));
#4674=CARTESIAN_POINT('Ctrl Pts',(73.0034526750069,25.8974462060683,56.0067286304333));
#4675=CARTESIAN_POINT('Ctrl Pts',(74.2562593102794,28.2393240226778,51.6157730341324));
#4676=CARTESIAN_POINT('Ctrl Pts',(75.2811317438281,29.9302909141778,47.6445527837733));
#4677=CARTESIAN_POINT('Ctrl Pts',(76.163466865128,31.2813551143991,43.4808809187018));
#4678=CARTESIAN_POINT('Ctrl Pts',(76.8217956917407,32.2979144581571,39.1584022425401));
#4679=CARTESIAN_POINT('Ctrl Pts',(77.2018745572,32.9965456520263,34.7255054035717));
#4680=CARTESIAN_POINT('Ctrl Pts',(77.312800688262,33.4605066705263,29.5000551050242));
#4681=CARTESIAN_POINT('Ctrl Pts',(77.0804784551137,33.4976018460287,24.6884371553241));
#4682=CARTESIAN_POINT('Ctrl Pts',(76.7251707273854,33.2084172162083,20.4217853422109));
#4683=CARTESIAN_POINT('Ctrl Pts',(76.3325088385002,32.701983055645,16.3173459179685));
#4684=CARTESIAN_POINT('Ctrl Pts',(75.8763939754648,31.6582034012164,11.5747571706001));
#4685=CARTESIAN_POINT('Ctrl Pts',(75.6603124289556,29.7363386866502,6.71300787321152));
#4686=CARTESIAN_POINT('Ctrl Pts',(75.9037056976857,27.1427169247932,2.78839212920151));
#4687=CARTESIAN_POINT('Ctrl Pts',(76.3812609600661,24.9678879528167,0.820190159711693));
#4688=CARTESIAN_POINT('Ctrl Pts',(76.6939645320435,23.7690001255374,-4.01479131628517E-14));
#4689=CARTESIAN_POINT('Ctrl Pts',(75.0745588671407,12.7438496358519,75.));
#4690=CARTESIAN_POINT('Ctrl Pts',(75.2895037133856,13.0534902038568,73.2957512091255));
#4691=CARTESIAN_POINT('Ctrl Pts',(75.9192089194371,14.15865335243,69.9405284459819));
#4692=CARTESIAN_POINT('Ctrl Pts',(77.3892933962249,16.789036961698,64.9379666650677));
#4693=CARTESIAN_POINT('Ctrl Pts',(79.2713946070904,19.8183341618221,59.8126653391381));
#4694=CARTESIAN_POINT('Ctrl Pts',(81.1479347436447,22.4026861086713,55.0304595721358));
#4695=CARTESIAN_POINT('Ctrl Pts',(82.7551710545366,24.3734794950556,50.6385736135184));
#4696=CARTESIAN_POINT('Ctrl Pts',(84.0104031561995,25.8224163646931,46.733023993045));
#4697=CARTESIAN_POINT('Ctrl Pts',(85.0556474479772,27.0101610718376,42.6979446349251));
#4698=CARTESIAN_POINT('Ctrl Pts',(85.823668161682,27.9378347202913,38.55802183935));
#4699=CARTESIAN_POINT('Ctrl Pts',(86.2766292867973,28.6150776846984,34.3484447132087));
#4700=CARTESIAN_POINT('Ctrl Pts',(86.4429934010166,29.1246665272411,29.4107425500793));
#4701=CARTESIAN_POINT('Ctrl Pts',(86.2340252578473,29.2788358746825,24.8702157606857));
#4702=CARTESIAN_POINT('Ctrl Pts',(85.869369745208,29.1541699798787,20.819879238545));
#4703=CARTESIAN_POINT('Ctrl Pts',(85.4403467544625,28.8487351526809,16.8974803931585));
#4704=CARTESIAN_POINT('Ctrl Pts',(84.8750808464058,28.1225431778867,12.2969750963669));
#4705=CARTESIAN_POINT('Ctrl Pts',(84.3829738197165,26.6818522076181,7.41857231806234));
#4706=CARTESIAN_POINT('Ctrl Pts',(84.1840266390777,24.6611627966275,3.26658034774484));
#4707=CARTESIAN_POINT('Ctrl Pts',(84.2542152928157,22.9230762952689,1.00329570600774));
#4708=CARTESIAN_POINT('Ctrl Pts',(84.3357090675719,21.9547937681361,-5.06810352354025E-14));
#4709=CARTESIAN_POINT('Ctrl Pts',(79.5683568008698,11.0884302111696,75.));
#4710=CARTESIAN_POINT('Ctrl Pts',(79.8853225422076,11.3586579265885,73.2103899927775));
#4711=CARTESIAN_POINT('Ctrl Pts',(80.7845316351099,12.2667906736293,69.6754228378105));
#4712=CARTESIAN_POINT('Ctrl Pts',(82.7599197522446,14.3700741215458,64.4188805106408));
#4713=CARTESIAN_POINT('Ctrl Pts',(85.1403304958298,16.7876222649328,59.1044323059713));
#4714=CARTESIAN_POINT('Ctrl Pts',(87.3720514451136,18.8705693109863,54.2493630047394));
#4715=CARTESIAN_POINT('Ctrl Pts',(89.1963448505464,20.4848696729764,49.8772569558969));
#4716=CARTESIAN_POINT('Ctrl Pts',(90.5733023590212,21.6929592640713,46.0458317803024));
#4717=CARTESIAN_POINT('Ctrl Pts',(91.6825938452187,22.7073946971916,42.1382553302769));
#4718=CARTESIAN_POINT('Ctrl Pts',(92.4706799061189,23.5261748887326,38.1707830208438));
#4719=CARTESIAN_POINT('Ctrl Pts',(92.9152718022312,24.1535463492782,34.1665378983271));
#4720=CARTESIAN_POINT('Ctrl Pts',(93.0519112924001,24.6674318400722,29.4884316944201));
#4721=CARTESIAN_POINT('Ctrl Pts',(92.7995496562018,24.8926513101516,25.1874728922692));
#4722=CARTESIAN_POINT('Ctrl Pts',(92.3777599699791,24.8854010900855,21.3239215127642));
#4723=CARTESIAN_POINT('Ctrl Pts',(91.8755816307059,24.7312430226189,17.5549877674146));
#4724=CARTESIAN_POINT('Ctrl Pts',(91.1792366562292,24.2564344836433,13.0648721598645));
#4725=CARTESIAN_POINT('Ctrl Pts',(90.4344728845914,23.2137128359095,8.14288661471412));
#4726=CARTESIAN_POINT('Ctrl Pts',(89.8743764277404,21.6819823050705,3.74852081071361));
#4727=CARTESIAN_POINT('Ctrl Pts',(89.6334679719693,20.326279268939,1.186848122187));
#4728=CARTESIAN_POINT('Ctrl Pts',(89.5431772313539,19.562344472143,-6.09499908037109E-14));
#4729=CARTESIAN_POINT('Ctrl Pts',(83.8081965499624,8.86845892210386,75.));
#4730=CARTESIAN_POINT('Ctrl Pts',(84.2206289837809,9.08789966607318,73.1255175534061));
#4731=CARTESIAN_POINT('Ctrl Pts',(85.3741680991207,9.77179144353971,69.4141858439627));
#4732=CARTESIAN_POINT('Ctrl Pts',(87.8271781981408,11.2962810893289,63.9143503640189));
#4733=CARTESIAN_POINT('Ctrl Pts',(90.6748568606768,13.0421569272212,58.4254710988315));
#4734=CARTESIAN_POINT('Ctrl Pts',(93.2324904140967,14.5654354359677,53.5127871791407));
#4735=CARTESIAN_POINT('Ctrl Pts',(95.2479930651564,15.7703200974434,49.1743547668444));
#4736=CARTESIAN_POINT('Ctrl Pts',(96.724778948087,16.6916331869761,45.4288698444135));
#4737=CARTESIAN_POINT('Ctrl Pts',(97.8769997268728,17.4870762662409,41.6600481325475));
#4738=CARTESIAN_POINT('Ctrl Pts',(98.6652361196165,18.1522918474137,37.875243283259));
#4739=CARTESIAN_POINT('Ctrl Pts',(99.083098393666,18.6868632881181,34.0850414044637));
#4740=CARTESIAN_POINT('Ctrl Pts',(99.1710216628463,19.1579474534467,29.6743882261848));
#4741=CARTESIAN_POINT('Ctrl Pts',(98.8611133811524,19.4150285543955,25.6169789498314));
#4742=CARTESIAN_POINT('Ctrl Pts',(98.3726166258547,19.4940318224183,21.9403399471693));
#4743=CARTESIAN_POINT('Ctrl Pts',(97.7903702413856,19.4638061259872,18.3223683125097));
#4744=CARTESIAN_POINT('Ctrl Pts',(96.959806969132,19.2141991178917,13.9340853593784));
#4745=CARTESIAN_POINT('Ctrl Pts',(95.9686704408237,18.553322254592,8.94797411585245));
#4746=CARTESIAN_POINT('Ctrl Pts',(95.065473649326,17.5124424923747,4.278827844176));
#4747=CARTESIAN_POINT('Ctrl Pts',(94.5342899846644,16.5541145009992,1.38819407607567));
#4748=CARTESIAN_POINT('Ctrl Pts',(94.2850490381127,16.0058805570497,-7.20486477727094E-14));
#4749=CARTESIAN_POINT('Ctrl Pts',(88.6617781494269,5.23704961520183,75.));
#4750=CARTESIAN_POINT('Ctrl Pts',(89.1837426188499,5.3747281734544,73.029094836814));
#4751=CARTESIAN_POINT('Ctrl Pts',(90.6320416089225,5.74435869063752,69.1192212856756));
#4752=CARTESIAN_POINT('Ctrl Pts',(93.6446711732889,6.49659798037153,63.3509075333826));
#4753=CARTESIAN_POINT('Ctrl Pts',(97.0444432420631,7.34848591863566,57.6768865268027));
#4754=CARTESIAN_POINT('Ctrl Pts',(99.9920840217929,8.11300131274927,52.7146010880339));
#4755=CARTESIAN_POINT('Ctrl Pts',(102.241428435903,8.74505263453688,48.4308132205067));
#4756=CARTESIAN_POINT('Ctrl Pts',(103.845323035845,9.2498371866552,44.7982621611003));
#4757=CARTESIAN_POINT('Ctrl Pts',(105.05926934306,9.70879307495674,41.2030402764463));
#4758=CARTESIAN_POINT('Ctrl Pts',(105.860214613573,10.1162179469763,37.6416592037543));
#4759=CARTESIAN_POINT('Ctrl Pts',(106.260440722423,10.4677130702709,34.1096219981731));
#4760=CARTESIAN_POINT('Ctrl Pts',(106.308009019048,10.8075916984784,30.0181452209362));
#4761=CARTESIAN_POINT('Ctrl Pts',(105.946620727062,11.0351868062416,26.247753259108));
#4762=CARTESIAN_POINT('Ctrl Pts',(105.395236840561,11.1630627580732,22.7879384842471));
#4763=CARTESIAN_POINT('Ctrl Pts',(104.734478121198,11.2329037760565,19.3419954710556));
#4764=CARTESIAN_POINT('Ctrl Pts',(103.765556238547,11.2053777971608,15.0615678292109));
#4765=CARTESIAN_POINT('Ctrl Pts',(102.508445103665,10.9700728055382,9.97663137864949));
#4766=CARTESIAN_POINT('Ctrl Pts',(101.224744068956,10.5153365340529,4.95048234469391));
#4767=CARTESIAN_POINT('Ctrl Pts',(100.366755033733,10.0550328048389,1.64247377320936));
#4768=CARTESIAN_POINT('Ctrl Pts',(99.9376415277017,9.78281665107549,-8.59005754480203E-14));
#4769=CARTESIAN_POINT('Ctrl Pts',(90.9715790606737,1.90758278790628,75.));
#4770=CARTESIAN_POINT('Ctrl Pts',(91.5455708633861,1.96939688165252,72.9937108396868));
#4771=CARTESIAN_POINT('Ctrl Pts',(93.1354515064804,2.11222424965743,69.0122356708715));
#4772=CARTESIAN_POINT('Ctrl Pts',(96.4225504535909,2.37080301805664,63.1523354696311));
#4773=CARTESIAN_POINT('Ctrl Pts',(100.103242404644,2.65956980135192,57.4241086930949));
#4774=CARTESIAN_POINT('Ctrl Pts',(103.263787828347,2.92988715643788,52.4629891788131));
#4775=CARTESIAN_POINT('Ctrl Pts',(105.656551877519,3.16662140072507,48.2212734457973));
#4776=CARTESIAN_POINT('Ctrl Pts',(107.35330049583,3.36525069401567,44.6519795035467));
#4777=CARTESIAN_POINT('Ctrl Pts',(108.633108040686,3.55533527638416,41.1444151409526));
#4778=CARTESIAN_POINT('Ctrl Pts',(109.479126909153,3.73269392749187,37.6899775566124));
#4779=CARTESIAN_POINT('Ctrl Pts',(109.910469424989,3.89323618095327,34.2772377793643));
#4780=CARTESIAN_POINT('Ctrl Pts',(109.984416409292,4.05650434592346,30.3291455287599));
#4781=CARTESIAN_POINT('Ctrl Pts',(109.639191639464,4.17523005802735,26.6831846252829));
#4782=CARTESIAN_POINT('Ctrl Pts',(109.092257901828,4.25154480522838,23.3129145519861));
#4783=CARTESIAN_POINT('Ctrl Pts',(108.426682202264,4.30393502514756,19.9339255551497));
#4784=CARTESIAN_POINT('Ctrl Pts',(107.429165973239,4.32127380569284,15.684401436142));
#4785=CARTESIAN_POINT('Ctrl Pts',(106.082723957597,4.25502449001817,10.5261808568958));
#4786=CARTESIAN_POINT('Ctrl Pts',(104.647121149607,4.09260798791725,5.30197489011992));
#4787=CARTESIAN_POINT('Ctrl Pts',(103.645671034307,3.91416276177435,1.77458469638029));
#4788=CARTESIAN_POINT('Ctrl Pts',(103.134539003493,3.80586773626454,-9.29158354659225E-14));
#4789=CARTESIAN_POINT('Ctrl Pts',(92.4323485722179,-1.51310345449863,75.));
#4790=CARTESIAN_POINT('Ctrl Pts',(93.0259130625975,-1.54042272919595,73.00791942485));
#4791=CARTESIAN_POINT('Ctrl Pts',(94.6593086705177,-1.59661909120876,69.0562949043711));
#4792=CARTESIAN_POINT('Ctrl Pts',(98.0226493476445,-1.68378082787422,63.2432447180217));
#4793=CARTESIAN_POINT('Ctrl Pts',(101.78683415108,-1.77338176398735,57.5617156071189));
#4794=CARTESIAN_POINT('Ctrl Pts',(105.025159070777,-1.85530436227333,52.6399906925986));
#4795=CARTESIAN_POINT('Ctrl Pts',(107.486323775684,-1.92888690488269,48.429760426243));
#4796=CARTESIAN_POINT('Ctrl Pts',(109.241061758332,-1.99329878647437,44.88474762967));
#4797=CARTESIAN_POINT('Ctrl Pts',(110.576794323793,-2.05909130978123,41.3980983439813));
#4798=CARTESIAN_POINT('Ctrl Pts',(111.475786458715,-2.12606009303886,37.9605500961762));
#4799=CARTESIAN_POINT('Ctrl Pts',(111.956661464811,-2.19378675640319,34.5600142434947));
#4800=CARTESIAN_POINT('Ctrl Pts',(112.082678839411,-2.27318749396432,30.6199239740568));
#4801=CARTESIAN_POINT('Ctrl Pts',(111.777475551611,-2.34656550511408,26.9732620423772));
#4802=CARTESIAN_POINT('Ctrl Pts',(111.259709975695,-2.41236987247202,23.5944763207417));
#4803=CARTESIAN_POINT('Ctrl Pts',(110.617099391632,-2.47632135304802,20.2013549133708));
#4804=CARTESIAN_POINT('Ctrl Pts',(109.635353189832,-2.55156598080458,15.9229381046896));
#4805=CARTESIAN_POINT('Ctrl Pts',(108.285147291292,-2.62925304086563,10.7098564237824));
#4806=CARTESIAN_POINT('Ctrl Pts',(106.81852829187,-2.68912903382485,5.40837308964891));
#4807=CARTESIAN_POINT('Ctrl Pts',(105.776277214052,-2.71334801302835,1.81303621277711));
#4808=CARTESIAN_POINT('Ctrl Pts',(105.23928281794,-2.7205754513416,-9.47088053370137E-14));
#4809=CARTESIAN_POINT('Ctrl Pts',(93.3228937077182,-4.45688567806936,75.));
#4810=CARTESIAN_POINT('Ctrl Pts',(93.9137805893197,-4.54791162333818,73.0372698688678));
#4811=CARTESIAN_POINT('Ctrl Pts',(95.532795273945,-4.75739274108354,69.1447726286261));
#4812=CARTESIAN_POINT('Ctrl Pts',(98.8569723795699,-5.13224699529733,63.4140509453426));
#4813=CARTESIAN_POINT('Ctrl Pts',(102.578042229527,-5.54408943032531,57.7998468222876));
#4814=CARTESIAN_POINT('Ctrl Pts',(105.78644347372,-5.92234569455248,52.9178324374264));
#4815=CARTESIAN_POINT('Ctrl Pts',(108.234742940267,-6.24873761829487,48.7247589455964));
#4816=CARTESIAN_POINT('Ctrl Pts',(109.989502232478,-6.52038919545552,45.1823655920092));
#4817=CARTESIAN_POINT('Ctrl Pts',(111.337499381171,-6.77959180914398,41.6870349920042));
#4818=CARTESIAN_POINT('Ctrl Pts',(112.260199731011,-7.02272828147251,38.231100024376));
#4819=CARTESIAN_POINT('Ctrl Pts',(112.77390135083,-7.24663384179421,34.8045675038283));
#4820=CARTESIAN_POINT('Ctrl Pts',(112.946110063073,-7.48197221704472,30.828055314242));
#4821=CARTESIAN_POINT('Ctrl Pts',(112.688850388851,-7.6667018304679,27.1439130813382));
#4822=CARTESIAN_POINT('Ctrl Pts',(112.213044301278,-7.80453200713024,23.7312776984168));
#4823=CARTESIAN_POINT('Ctrl Pts',(111.609546702007,-7.91882140808754,20.3057410134137));
#4824=CARTESIAN_POINT('Ctrl Pts',(110.668562165483,-8.01421906156833,15.9910377849));
#4825=CARTESIAN_POINT('Ctrl Pts',(109.345716577083,-8.04126755505474,10.7440060664053));
#4826=CARTESIAN_POINT('Ctrl Pts',(107.880562909161,-7.96821990696759,5.41923723357255));
#4827=CARTESIAN_POINT('Ctrl Pts',(106.819025284588,-7.84406578451804,1.81550602163535));
#4828=CARTESIAN_POINT('Ctrl Pts',(106.266620989709,-7.76090632119311,-9.49076795768678E-14));
#4829=CARTESIAN_POINT('Ctrl Pts',(93.3013528725604,-9.85521497835434,75.));
#4830=CARTESIAN_POINT('Ctrl Pts',(93.8465501197275,-10.0318492183636,73.1226902260371));
#4831=CARTESIAN_POINT('Ctrl Pts',(95.3309581129645,-10.4706734826568,69.4007883756012));
#4832=CARTESIAN_POINT('Ctrl Pts',(98.3700419439658,-11.3147447175762,63.9000166515692));
#4833=CARTESIAN_POINT('Ctrl Pts',(101.778847826809,-12.2611323242526,58.4608640703258));
#4834=CARTESIAN_POINT('Ctrl Pts',(104.736150493578,-13.118207777759,53.6632276625822));
#4835=CARTESIAN_POINT('Ctrl Pts',(107.014756892675,-13.8323016457012,49.4833778988191));
#4836=CARTESIAN_POINT('Ctrl Pts',(108.66785952802,-14.4038258262659,45.9116893638722));
#4837=CARTESIAN_POINT('Ctrl Pts',(109.96267249053,-14.9225000256455,42.3504016754188));
#4838=CARTESIAN_POINT('Ctrl Pts',(110.879926319968,-15.379702446922,38.7988521556345));
#4839=CARTESIAN_POINT('Ctrl Pts',(111.430995372029,-15.7692752626168,35.2559274588583));
#4840=CARTESIAN_POINT('Ctrl Pts',(111.686529533062,-16.1402709569508,31.1310227661409));
#4841=CARTESIAN_POINT('Ctrl Pts',(111.538519648381,-16.3841622122016,27.3086381714052));
#4842=CARTESIAN_POINT('Ctrl Pts',(111.171984779122,-16.5223189226652,23.7839509995818));
#4843=CARTESIAN_POINT('Ctrl Pts',(110.677712173047,-16.6013374134131,20.260818449041));
#4844=CARTESIAN_POINT('Ctrl Pts',(109.863666680045,-16.5866809749765,15.8580900322669));
#4845=CARTESIAN_POINT('Ctrl Pts',(108.657257944208,-16.3772254141058,10.5738085280133));
#4846=CARTESIAN_POINT('Ctrl Pts',(107.257976513417,-15.9634716468635,5.28763494736055));
#4847=CARTESIAN_POINT('Ctrl Pts',(106.200646328832,-15.541819171995,1.76257012203359));
#4848=CARTESIAN_POINT('Ctrl Pts',(105.639326566978,-15.2918918593005,-9.27532193954202E-14));
#4849=CARTESIAN_POINT('Ctrl Pts',(91.3645450066861,-15.6505064782166,75.));
#4850=CARTESIAN_POINT('Ctrl Pts',(91.8324980171567,-15.9010026726082,73.2346150258101));
#4851=CARTESIAN_POINT('Ctrl Pts',(93.100559647692,-16.5581074077457,69.7364733009798));
#4852=CARTESIAN_POINT('Ctrl Pts',(95.6949347220621,-17.8804097277248,64.5363238670235));
#4853=CARTESIAN_POINT('Ctrl Pts',(98.6193976655762,-19.3794038286925,59.3227788048373));
#4854=CARTESIAN_POINT('Ctrl Pts',(101.183216031368,-20.7243630207195,54.6280883739545));
#4855=CARTESIAN_POINT('Ctrl Pts',(103.188742183352,-21.8202656658059,50.4553617779209));
#4856=CARTESIAN_POINT('Ctrl Pts',(104.670274384397,-22.6750048763613,46.834356840161));
#4857=CARTESIAN_POINT('Ctrl Pts',(105.863576414367,-23.4237701944429,43.1740459902432));
#4858=CARTESIAN_POINT('Ctrl Pts',(106.748732092678,-24.0532040907241,39.4837329299178));
#4859=CARTESIAN_POINT('Ctrl Pts',(107.330137306899,-24.5553806915795,35.774896247855));
#4860=CARTESIAN_POINT('Ctrl Pts',(107.680825529107,-24.98895860274,31.4412357415224));
#4861=CARTESIAN_POINT('Ctrl Pts',(107.671698415983,-25.2141118904525,27.4274385671277));
#4862=CARTESIAN_POINT('Ctrl Pts',(107.449949703779,-25.2769061272195,23.7506554063833));
#4863=CARTESIAN_POINT('Ctrl Pts',(107.104418381985,-25.2437596660264,20.0976308376553));
#4864=CARTESIAN_POINT('Ctrl Pts',(106.47124416373,-25.0232383654732,15.5839494630963));
#4865=CARTESIAN_POINT('Ctrl Pts',(105.445143112766,-24.4712849270176,10.2689648639223));
#4866=CARTESIAN_POINT('Ctrl Pts',(104.172017086811,-23.6269720730273,5.06551961575979));
#4867=CARTESIAN_POINT('Ctrl Pts',(103.155103270073,-22.8634475662775,1.67491032490361));
#4868=CARTESIAN_POINT('Ctrl Pts',(102.60167553923,-22.429579471707,-8.91051687754163E-14));
#4869=CARTESIAN_POINT('Ctrl Pts',(87.3563631868694,-21.0013082031676,75.));
#4870=CARTESIAN_POINT('Ctrl Pts',(87.7256359773867,-21.312125382342,73.3581540196476));
#4871=CARTESIAN_POINT('Ctrl Pts',(88.7251347043073,-22.1702354160873,70.1081974225725));
#4872=CARTESIAN_POINT('Ctrl Pts',(90.7795102794737,-23.9668622972202,65.2435577356879));
#4873=CARTESIAN_POINT('Ctrl Pts',(93.1197219898193,-26.027319521965,60.2826680870103));
#4874=CARTESIAN_POINT('Ctrl Pts',(95.2084537470129,-27.8708447379106,55.7032474498454));
#4875=CARTESIAN_POINT('Ctrl Pts',(96.8816986337534,-29.354904135423,51.5379543345883));
#4876=CARTESIAN_POINT('Ctrl Pts',(98.1516110388133,-30.4948070235397,47.8608148969472));
#4877=CARTESIAN_POINT('Ctrl Pts',(99.2151949998215,-31.4714009737331,44.0882838565068));
#4878=CARTESIAN_POINT('Ctrl Pts',(100.052164609188,-32.2663590847755,40.2409437512919));
#4879=CARTESIAN_POINT('Ctrl Pts',(100.659533492645,-32.8700777993426,36.3445526402549));
#4880=CARTESIAN_POINT('Ctrl Pts',(101.112130015916,-33.349047762495,31.7751693222481));
#4881=CARTESIAN_POINT('Ctrl Pts',(101.259450886178,-33.5356780697143,27.5456410425359));
#4882=CARTESIAN_POINT('Ctrl Pts',(101.20544200878,-33.503082609475,23.6979507898054));
#4883=CARTESIAN_POINT('Ctrl Pts',(101.034999400923,-33.3372202430045,19.8994148466803));
#4884=CARTESIAN_POINT('Ctrl Pts',(100.62039436836,-32.8852012649029,15.262520533799));
#4885=CARTESIAN_POINT('Ctrl Pts',(99.8251787986168,-31.9626930668855,9.9162509507593));
#4886=CARTESIAN_POINT('Ctrl Pts',(98.7320037463684,-30.6654122319377,4.81027669547903));
#4887=CARTESIAN_POINT('Ctrl Pts',(97.7932858665586,-29.5503814325802,1.57444334560621));
#4888=CARTESIAN_POINT('Ctrl Pts',(97.2671657815304,-28.9294141880331,-8.49227088195284E-14));
#4889=CARTESIAN_POINT('Ctrl Pts',(81.6744811167954,-25.1289704157731,75.));
#4890=CARTESIAN_POINT('Ctrl Pts',(81.9337563231074,-25.4847729808895,73.4784169590103));
#4891=CARTESIAN_POINT('Ctrl Pts',(82.6401189002562,-26.5184276054529,70.4723307581901));
#4892=CARTESIAN_POINT('Ctrl Pts',(84.1134528613753,-28.7655266076098,65.9423034015447));
#4893=CARTESIAN_POINT('Ctrl Pts',(85.8261286371223,-31.3764458745392,61.2376089780326));
#4894=CARTESIAN_POINT('Ctrl Pts',(87.4009470987941,-33.7189119128683,56.7795377685573));
#4895=CARTESIAN_POINT('Ctrl Pts',(88.7089082428662,-35.5979147588604,52.6283993205077));
#4896=CARTESIAN_POINT('Ctrl Pts',(89.7401095551547,-37.0328145462759,48.9015104103024));
#4897=CARTESIAN_POINT('Ctrl Pts',(90.6487180654645,-38.2506059684426,45.0234311942389));
#4898=CARTESIAN_POINT('Ctrl Pts',(91.4146112731858,-39.2275784688072,41.0256860238227));
#4899=CARTESIAN_POINT('Ctrl Pts',(92.027876366454,-39.9520855847293,36.947975405495));
#4900=CARTESIAN_POINT('Ctrl Pts',(92.5630141191717,-40.5015514764951,32.1492985901793));
#4901=CARTESIAN_POINT('Ctrl Pts',(92.8543116407086,-40.6754237564821,27.7085723716602));
#4902=CARTESIAN_POINT('Ctrl Pts',(92.9618850502402,-40.572640565266,23.6923970208319));
#4903=CARTESIAN_POINT('Ctrl Pts',(92.96434417824,-40.299913053577,19.7494071435397));
#4904=CARTESIAN_POINT('Ctrl Pts',(92.7736534623541,-39.6494438666173,14.9877077007861));
#4905=CARTESIAN_POINT('Ctrl Pts',(92.2302679427112,-38.3959378958829,9.60244266515165));
#4906=CARTESIAN_POINT('Ctrl Pts',(91.3546227204677,-36.683554614089,4.57929164322696));
#4907=CARTESIAN_POINT('Ctrl Pts',(90.5314343952961,-35.2402065343467,1.48308589950228));
#4908=CARTESIAN_POINT('Ctrl Pts',(90.0546456876989,-34.4429963361282,-8.11650206304291E-14));
#4909=CARTESIAN_POINT('Ctrl Pts',(75.2538650931121,-27.6601372588775,75.));
#4910=CARTESIAN_POINT('Ctrl Pts',(75.401943969972,-28.0437949818536,73.5805135953592));
#4911=CARTESIAN_POINT('Ctrl Pts',(75.8146706769336,-29.2128636853098,70.7852433256431));
#4912=CARTESIAN_POINT('Ctrl Pts',(76.7067799119669,-31.8398501315152,66.5531460085763));
#4913=CARTESIAN_POINT('Ctrl Pts',(77.7849011001537,-34.9294615275513,62.0846785390926));
#4914=CARTESIAN_POINT('Ctrl Pts',(78.8268452767417,-37.7144785127055,57.7477922083925));
#4915=CARTESIAN_POINT('Ctrl Pts',(79.7400115654205,-39.9494907603182,53.6239404873656));
#4916=CARTESIAN_POINT('Ctrl Pts',(80.4976271418075,-41.6545540342957,49.8668902562984));
#4917=CARTESIAN_POINT('Ctrl Pts',(81.2069204603366,-43.0979865027373,45.909803923469));
#4918=CARTESIAN_POINT('Ctrl Pts',(81.8492560153411,-44.2508950964434,41.7931611515764));
#4919=CARTESIAN_POINT('Ctrl Pts',(82.4100499207881,-45.0994288767106,37.5682433130119));
#4920=CARTESIAN_POINT('Ctrl Pts',(82.9560254700789,-45.7332697177074,32.5800986271775));
#4921=CARTESIAN_POINT('Ctrl Pts',(83.3248550879008,-45.9178490083207,27.9615593285307));
#4922=CARTESIAN_POINT('Ctrl Pts',(83.5385398294598,-45.7737965255014,23.8005539704471));
#4923=CARTESIAN_POINT('Ctrl Pts',(83.6640096693662,-45.4273412031647,19.7308443956575));
#4924=CARTESIAN_POINT('Ctrl Pts',(83.6483867109807,-44.6267176853058,14.8534154204686));
#4925=CARTESIAN_POINT('Ctrl Pts',(83.3281597176534,-43.1083472762159,9.41431588372651));
#4926=CARTESIAN_POINT('Ctrl Pts',(82.6778529155129,-41.0522704920567,4.42994991571235));
#4927=CARTESIAN_POINT('Ctrl Pts',(82.0035766489922,-39.3301113529323,1.42275470195265));
#4928=CARTESIAN_POINT('Ctrl Pts',(81.6007511672571,-38.3815289617537,-7.87912853107906E-14));
#4929=CARTESIAN_POINT('Ctrl Pts',(69.2597679393829,-28.734046565178,75.));
#4930=CARTESIAN_POINT('Ctrl Pts',(69.3055703605491,-29.1266345886901,73.649553680155));
#4931=CARTESIAN_POINT('Ctrl Pts',(69.4464474162976,-30.3719412954702,71.0033051427424));
#4932=CARTESIAN_POINT('Ctrl Pts',(69.7901050924681,-33.2431120957988,66.9966707007649));
#4933=CARTESIAN_POINT('Ctrl Pts',(70.2508137769163,-36.6507742526041,62.7209538313783));
#4934=CARTESIAN_POINT('Ctrl Pts',(70.7469628254692,-39.7332279338613,58.4988436476532));
#4935=CARTESIAN_POINT('Ctrl Pts',(71.2255562018967,-42.2078271292735,54.4218215868484));
#4936=CARTESIAN_POINT('Ctrl Pts',(71.6541723674196,-44.0942258512881,50.6674013110067));
#4937=CARTESIAN_POINT('Ctrl Pts',(72.0874911611793,-45.6881790500962,46.6777179642264));
#4938=CARTESIAN_POINT('Ctrl Pts',(72.5106608902777,-46.9569429756017,42.4985705386188));
#4939=CARTESIAN_POINT('Ctrl Pts',(72.9084428706076,-47.8848173311123,38.1884351322425));
#4940=CARTESIAN_POINT('Ctrl Pts',(73.325221612925,-48.568829053249,33.0840445151041));
#4941=CARTESIAN_POINT('Ctrl Pts',(73.6370553733132,-48.7524403615731,28.3499286871776));
#4942=CARTESIAN_POINT('Ctrl Pts',(73.8396100998143,-48.5711337345272,24.0889815096349));
#4943=CARTESIAN_POINT('Ctrl Pts',(73.9788093211199,-48.164438357706,19.9269632704574));
#4944=CARTESIAN_POINT('Ctrl Pts',(74.0224513920842,-47.2474224898271,14.9535481492572));
#4945=CARTESIAN_POINT('Ctrl Pts',(73.8347854773176,-45.5286078959053,9.43864648311111));
#4946=CARTESIAN_POINT('Ctrl Pts',(73.3800421766543,-43.2154855184976,4.41963696964388));
#4947=CARTESIAN_POINT('Ctrl Pts',(72.8822865069749,-41.2859307791365,1.41536646831819));
#4948=CARTESIAN_POINT('Ctrl Pts',(72.5806642163477,-40.2248615201148,-7.87606839632854E-14));
#4949=CARTESIAN_POINT('Ctrl Pts',(66.2043003099457,-28.8276084382855,75.));
#4950=CARTESIAN_POINT('Ctrl Pts',(66.1946107558251,-29.212337004445,73.6636158699574));
#4951=CARTESIAN_POINT('Ctrl Pts',(66.1837666366645,-30.4564359996567,71.0563591991132));
#4952=CARTESIAN_POINT('Ctrl Pts',(66.2064707620339,-33.3580180136858,67.1278653149835));
#4953=CARTESIAN_POINT('Ctrl Pts',(66.2844436205754,-36.8137373566471,62.9359925545113));
#4954=CARTESIAN_POINT('Ctrl Pts',(66.4137099342008,-39.9414328297817,58.7819645256455));
#4955=CARTESIAN_POINT('Ctrl Pts',(66.5707957464966,-42.449350008912,54.7534647760447));
#4956=CARTESIAN_POINT('Ctrl Pts',(66.7309373577577,-44.3575450016186,51.031460737335));
#4957=CARTESIAN_POINT('Ctrl Pts',(66.9091100787745,-45.9647375775481,47.0642321457692));
#4958=CARTESIAN_POINT('Ctrl Pts',(67.0951715742109,-47.2373172855352,42.897600572217));
#4959=CARTESIAN_POINT('Ctrl Pts',(67.2774218013259,-48.1593579032051,38.5905647991632));
#4960=CARTESIAN_POINT('Ctrl Pts',(67.4710070418104,-48.8253684232401,33.4797557289152));
#4961=CARTESIAN_POINT('Ctrl Pts',(67.611303435547,-48.9797949670261,28.7293143768134));
#4962=CARTESIAN_POINT('Ctrl Pts',(67.6885619054234,-48.7624715594761,24.4458201761312));
#4963=CARTESIAN_POINT('Ctrl Pts',(67.7258147274064,-48.3139927162076,20.2563213803946));
#4964=CARTESIAN_POINT('Ctrl Pts',(67.6884933500665,-47.3345395159797,15.2391896121279));
#4965=CARTESIAN_POINT('Ctrl Pts',(67.4889645499696,-45.5266045234872,9.65435572099213));
#4966=CARTESIAN_POINT('Ctrl Pts',(67.120505231468,-43.1113973062742,4.54370449770151));
#4967=CARTESIAN_POINT('Ctrl Pts',(66.7551354533341,-41.1059684734645,1.46034743207923));
#4968=CARTESIAN_POINT('Ctrl Pts',(66.5408806781524,-40.0051745622292,-8.09418264481524E-14));
#4969=CARTESIAN_POINT('Ctrl Pts',(63.9056123515655,-28.8179665592689,75.));
#4970=CARTESIAN_POINT('Ctrl Pts',(63.8514634182322,-29.1877718724834,73.6569299144106));
#4971=CARTESIAN_POINT('Ctrl Pts',(63.7149992188304,-30.4015759141329,71.048929204186));
#4972=CARTESIAN_POINT('Ctrl Pts',(63.4591858135985,-33.2562199403248,67.1496989749211));
#4973=CARTESIAN_POINT('Ctrl Pts',(63.1885604977999,-36.6637505676691,63.0099656820448));
#4974=CARTESIAN_POINT('Ctrl Pts',(62.9634542786575,-39.7476115904935,58.915947767955));
#4975=CARTESIAN_POINT('Ctrl Pts',(62.7909790574318,-42.2165643220832,54.9450565051035));
#4976=CARTESIAN_POINT('Ctrl Pts',(62.6612079277777,-44.0909593223753,51.273704684664));
#4977=CARTESIAN_POINT('Ctrl Pts',(62.5479619815015,-45.6641033546672,47.3561784485761));
#4978=CARTESIAN_POINT('Ctrl Pts',(62.4470281426616,-46.9024048922789,43.2360759895749));
#4979=CARTESIAN_POINT('Ctrl Pts',(62.3526380981522,-47.7898569454652,38.9701727120106));
#4980=CARTESIAN_POINT('Ctrl Pts',(62.242470589028,-48.4153412422514,33.8984615564383));
#4981=CARTESIAN_POINT('Ctrl Pts',(62.1307838947169,-48.5320842245685,29.170995840061));
#4982=CARTESIAN_POINT('Ctrl Pts',(62.0104359550226,-48.279803833546,24.8938841706601));
#4983=CARTESIAN_POINT('Ctrl Pts',(61.8767432564498,-47.7963941826907,20.6996334241046));
#4984=CARTESIAN_POINT('Ctrl Pts',(61.6819803686365,-46.7734390288306,15.6533395942505));
#4985=CARTESIAN_POINT('Ctrl Pts',(61.4035238641189,-44.913372491849,9.98885193110353));
#4986=CARTESIAN_POINT('Ctrl Pts',(61.0861404687077,-42.4465611191582,4.74638373649114));
#4987=CARTESIAN_POINT('Ctrl Pts',(60.854831481177,-40.4071133345635,1.53537062297786));
#4988=CARTESIAN_POINT('Ctrl Pts',(60.7359452761387,-39.2893994909512,-8.44401103526463E-14));
#4989=CARTESIAN_POINT('Ctrl Pts',(61.6445343084476,-28.7109919588704,75.));
#4990=CARTESIAN_POINT('Ctrl Pts',(61.5429078832182,-29.0720655438746,73.6445645676056));
#4991=CARTESIAN_POINT('Ctrl Pts',(61.2693983298242,-30.2583120513345,71.0232808926593));
#4992=CARTESIAN_POINT('Ctrl Pts',(60.7139356306182,-33.0470030174044,67.1338212437327));
#4993=CARTESIAN_POINT('Ctrl Pts',(60.0848480781743,-36.3696579195415,63.0292655177549));
#4994=CARTESIAN_POINT('Ctrl Pts',(59.5158865994743,-39.3666045711502,58.9853123119887));
#4995=CARTESIAN_POINT('Ctrl Pts',(59.0354575100598,-41.7547742214943,55.0689517205149));
#4996=CARTESIAN_POINT('Ctrl Pts',(58.6385426366599,-43.5581761224147,51.4500544184261));
#4997=CARTESIAN_POINT('Ctrl Pts',(58.2561723983976,-45.05970127828,47.5887313841985));
#4998=CARTESIAN_POINT('Ctrl Pts',(57.8851769740724,-46.2269140942921,43.5261921061357));
#4999=CARTESIAN_POINT('Ctrl Pts',(57.5221094418219,-47.0449883251254,39.316346748719));
#5000=CARTESIAN_POINT('Ctrl Pts',(57.1058967923812,-47.592347488335,34.3042458012087));
#5001=CARTESIAN_POINT('Ctrl Pts',(56.7281610692468,-47.6407727833316,29.6201548090074));
#5002=CARTESIAN_POINT('Ctrl Pts',(56.3923197315734,-47.3305065344368,25.3661705869378));
#5003=CARTESIAN_POINT('Ctrl Pts',(56.0687337174281,-46.7927341002109,21.1815029236389));
#5004=CARTESIAN_POINT('Ctrl Pts',(55.6948630129167,-45.7093052716526,16.1176188781446));
#5005=CARTESIAN_POINT('Ctrl Pts',(55.3243869226413,-43.7916606054953,10.3730659476621));
#5006=CARTESIAN_POINT('Ctrl Pts',(55.0605095714936,-41.2843335519709,4.9826692660247));
#5007=CARTESIAN_POINT('Ctrl Pts',(54.9731492271722,-39.2310566536743,1.62315231859214));
#5008=CARTESIAN_POINT('Ctrl Pts',(54.9558004830939,-38.1102064540488,-8.83615046914188E-14));
#5009=CARTESIAN_POINT('Ctrl Pts',(58.2255091730654,-28.2415245264766,75.));
#5010=CARTESIAN_POINT('Ctrl Pts',(58.0416594154918,-28.6035623787955,73.6106073278943));
#5011=CARTESIAN_POINT('Ctrl Pts',(57.5219719393441,-29.758916568904,70.9363127649918));
#5012=CARTESIAN_POINT('Ctrl Pts',(56.4350881301,-32.4204146777712,67.0120841459296));
#5013=CARTESIAN_POINT('Ctrl Pts',(55.207340944537,-35.5557869229007,62.9190288873484));
#5014=CARTESIAN_POINT('Ctrl Pts',(54.1133488887539,-38.3516837926688,58.9278760400348));
#5015=CARTESIAN_POINT('Ctrl Pts',(53.1926662253415,-40.5516331349721,55.0889156922353));
#5016=CARTESIAN_POINT('Ctrl Pts',(52.4235533765618,-42.1901923455237,51.5566838865762));
#5017=CARTESIAN_POINT('Ctrl Pts',(51.6639578895911,-43.5278175995239,47.7999340085146));
#5018=CARTESIAN_POINT('Ctrl Pts',(50.9001424559647,-44.5356221593404,43.8557140648055));
#5019=CARTESIAN_POINT('Ctrl Pts',(50.1235725540552,-45.2016642415142,39.771807029704));
#5020=CARTESIAN_POINT('Ctrl Pts',(49.2070268570579,-45.5835019041573,34.9055209575545));
#5021=CARTESIAN_POINT('Ctrl Pts',(48.3628318192387,-45.4952325551729,30.34156314382));
#5022=CARTESIAN_POINT('Ctrl Pts',(47.6320768077093,-45.0760734497771,26.166682867115));
#5023=CARTESIAN_POINT('Ctrl Pts',(46.9515689810905,-44.4422334599875,22.0337627974043));
#5024=CARTESIAN_POINT('Ctrl Pts',(46.2292209776293,-43.2650251185769,16.9720580639859));
#5025=CARTESIAN_POINT('Ctrl Pts',(45.6696811692534,-41.2833509905283,11.1012804641762));
#5026=CARTESIAN_POINT('Ctrl Pts',(45.4881324275225,-38.7679532435688,5.43829139279757));
#5027=CARTESIAN_POINT('Ctrl Pts',(45.6495990948747,-36.7512298236283,1.79312341333091));
#5028=CARTESIAN_POINT('Ctrl Pts',(45.8071061166288,-35.6603145970103,-9.55784306729358E-14));
#5029=CARTESIAN_POINT('Ctrl Pts',(54.8482329772157,-27.4546673296301,75.));
#5030=CARTESIAN_POINT('Ctrl Pts',(54.5731407128023,-27.8285413233483,73.5634624355343));
#5031=CARTESIAN_POINT('Ctrl Pts',(53.7700662515823,-28.9709131256519,70.8076668272067));
#5032=CARTESIAN_POINT('Ctrl Pts',(52.0688625795452,-31.5256896449946,66.8057049834989));
#5033=CARTESIAN_POINT('Ctrl Pts',(50.1701015820256,-34.4926521849543,62.687882724069));
#5034=CARTESIAN_POINT('Ctrl Pts',(48.5198510721665,-37.1078693050387,58.7294540238208));
#5035=CARTESIAN_POINT('Ctrl Pts',(47.1540948390353,-39.143051524223,54.9632296856939));
#5036=CARTESIAN_POINT('Ctrl Pts',(46.015443755215,-40.6417735602211,51.5237343325876));
#5037=CARTESIAN_POINT('Ctrl Pts',(44.8784739113881,-41.845485424773,47.8881863883554));
#5038=CARTESIAN_POINT('Ctrl Pts',(43.708827686091,-42.7291260110977,44.0890085773825));
#5039=CARTESIAN_POINT('Ctrl Pts',(42.485636241339,-43.2840657155341,40.166320678144));
#5040=CARTESIAN_POINT('Ctrl Pts',(41.0053522749624,-43.5537395728981,35.4936462670238));
#5041=CARTESIAN_POINT('Ctrl Pts',(39.6118176755096,-43.3837223255211,31.0967300953208));
#5042=CARTESIAN_POINT('Ctrl Pts',(38.4024680212419,-42.9106294454688,27.038978846123));
#5043=CARTESIAN_POINT('Ctrl Pts',(37.2821540487839,-42.2376123587046,22.989968396413));
#5044=CARTESIAN_POINT('Ctrl Pts',(36.1192854355912,-41.0403641827156,17.9554415003414));
#5045=CARTESIAN_POINT('Ctrl Pts',(35.3035181863332,-39.0865478761478,11.9544803273289));
#5046=CARTESIAN_POINT('Ctrl Pts',(35.1897322725605,-36.654810326407,5.97751774961605));
#5047=CARTESIAN_POINT('Ctrl Pts',(35.6228100865941,-34.7345351076376,1.99476638333353));
#5048=CARTESIAN_POINT('Ctrl Pts',(35.9733123157336,-33.7029828445719,-1.03885622379735E-13));
#5049=CARTESIAN_POINT('Ctrl Pts',(51.2202621034957,-26.2293997486635,75.));
#5050=CARTESIAN_POINT('Ctrl Pts',(50.835976770937,-26.6249604423135,73.4988946820305));
#5051=CARTESIAN_POINT('Ctrl Pts',(49.6793614786094,-27.7808203091293,70.6259936076039));
#5052=CARTESIAN_POINT('Ctrl Pts',(47.1996764442551,-30.287551997698,66.4971018827596));
#5053=CARTESIAN_POINT('Ctrl Pts',(44.4582418304452,-33.1658956867642,62.3170173406762));
#5054=CARTESIAN_POINT('Ctrl Pts',(42.1264777627848,-35.6919277945644,58.3751091163433));
#5055=CARTESIAN_POINT('Ctrl Pts',(40.2271724145577,-37.6582852986447,54.6842217838405));
#5056=CARTESIAN_POINT('Ctrl Pts',(38.6485069486038,-39.1099100283095,51.3523871483957));
#5057=CARTESIAN_POINT('Ctrl Pts',(37.0582686481787,-40.2827120984846,47.8659404661416));
#5058=CARTESIAN_POINT('Ctrl Pts',(35.3905929183845,-41.1541465742819,44.2517772846746));
#5059=CARTESIAN_POINT('Ctrl Pts',(33.6052076769419,-41.7167978186793,40.540121964175));
#5060=CARTESIAN_POINT('Ctrl Pts',(31.3987482940743,-42.0193570252271,36.1261205187198));
#5061=CARTESIAN_POINT('Ctrl Pts',(29.2806183058246,-41.9073395511962,31.9578570991922));
#5062=CARTESIAN_POINT('Ctrl Pts',(27.4296688181374,-41.5088429095414,28.0654018693558));
#5063=CARTESIAN_POINT('Ctrl Pts',(25.7131003631876,-40.9241028402556,24.1395699797816));
#5064=CARTESIAN_POINT('Ctrl Pts',(23.9402982631644,-39.8620434987801,19.1590544752117));
#5065=CARTESIAN_POINT('Ctrl Pts',(22.7438025446332,-38.1067795513629,13.0114548437215));
#5066=CARTESIAN_POINT('Ctrl Pts',(22.6676535724753,-35.9076712365229,6.65000773232404));
#5067=CARTESIAN_POINT('Ctrl Pts',(23.4155899331848,-34.1634199438372,2.24664212690339));
#5068=CARTESIAN_POINT('Ctrl Pts',(23.9957860691015,-33.2247337225654,-1.14055498695299E-13));
#5069=CARTESIAN_POINT('Ctrl Pts',(47.4887496578425,-24.4455706234573,75.));
#5070=CARTESIAN_POINT('Ctrl Pts',(46.9771605289263,-24.8713918079683,73.415401116912));
#5071=CARTESIAN_POINT('Ctrl Pts',(45.3872480202392,-26.0751849984071,70.3861670949481));
#5072=CARTESIAN_POINT('Ctrl Pts',(41.9286515840569,-28.633218026492,66.0748132909868));
#5073=CARTESIAN_POINT('Ctrl Pts',(38.1222722542364,-31.5675565452352,61.7887802529811));
#5074=CARTESIAN_POINT('Ctrl Pts',(34.9313606678661,-34.1714682643118,57.8427498779072));
#5075=CARTESIAN_POINT('Ctrl Pts',(32.3605662387712,-36.241353171014,54.2273167609987));
#5076=CARTESIAN_POINT('Ctrl Pts',(30.2263290383194,-37.8100091595423,51.0171107326348));
#5077=CARTESIAN_POINT('Ctrl Pts',(28.0591012077062,-39.1303463500568,47.7080073130081));
#5078=CARTESIAN_POINT('Ctrl Pts',(25.7502721799992,-40.1797655670374,44.3204877005283));
#5079=CARTESIAN_POINT('Ctrl Pts',(23.2328990049002,-40.9491373664073,40.8725375841808));
#5080=CARTESIAN_POINT('Ctrl Pts',(20.0718273886386,-41.5231581231031,36.7866972295905));
#5081=CARTESIAN_POINT('Ctrl Pts',(16.991271664471,-41.6933035881237,32.9135612242002));
#5082=CARTESIAN_POINT('Ctrl Pts',(14.2794942681481,-41.5722913147884,29.2389358142236));
#5083=CARTESIAN_POINT('Ctrl Pts',(11.756374476743,-41.2738913901972,25.4796001726684));
#5084=CARTESIAN_POINT('Ctrl Pts',(9.14358291504368,-40.5816165195054,20.5839732258783));
#5085=CARTESIAN_POINT('Ctrl Pts',(7.38500872582307,-39.2731934027884,14.2756086146298));
#5086=CARTESIAN_POINT('Ctrl Pts',(7.28001779060728,-37.5092188643668,7.45879721218745));
#5087=CARTESIAN_POINT('Ctrl Pts',(8.37702907112233,-36.0372159327571,2.54996889451671));
#5088=CARTESIAN_POINT('Ctrl Pts',(9.2231769589824,-35.2277820191922,-1.26099526969144E-13));
#5089=CARTESIAN_POINT('Ctrl Pts',(43.890546377897,-22.007706932141,75.));
#5090=CARTESIAN_POINT('Ctrl Pts',(43.2358265589283,-22.4669637193317,73.3140373524948));
#5091=CARTESIAN_POINT('Ctrl Pts',(41.1320650609945,-23.7351825662213,70.0908463630122));
#5092=CARTESIAN_POINT('Ctrl Pts',(36.4775538745224,-26.3989181107988,65.5423470761509));
#5093=CARTESIAN_POINT('Ctrl Pts',(31.3518340855134,-29.4736319480574,61.1058785969665));
#5094=CARTESIAN_POINT('Ctrl Pts',(27.0824242572969,-32.2579266283775,57.1328187626465));
#5095=CARTESIAN_POINT('Ctrl Pts',(23.6579515491648,-34.5410125112716,53.5898164269743));
#5096=CARTESIAN_POINT('Ctrl Pts',(20.8108099719818,-36.3338042424225,50.5117540721234));
#5097=CARTESIAN_POINT('Ctrl Pts',(17.898664303133,-37.9205525878483,47.4041104452372));
#5098=CARTESIAN_POINT('Ctrl Pts',(14.7604858836997,-39.2770279501097,44.2802239919017));
#5099=CARTESIAN_POINT('Ctrl Pts',(11.2968397348803,-40.3906308253724,41.1437366683416));
#5100=CARTESIAN_POINT('Ctrl Pts',(6.90240072887754,-41.4034427791861,37.4498828716589));
#5101=CARTESIAN_POINT('Ctrl Pts',(2.57736188500614,-42.0155627529359,33.9337257367713));
#5102=CARTESIAN_POINT('Ctrl Pts',(-1.2526389298614,-42.31905655962,30.5264800126206));
#5103=CARTESIAN_POINT('Ctrl Pts',(-4.82906784462913,-42.4519409068946,26.9750739194558));
#5104=CARTESIAN_POINT('Ctrl Pts',(-8.55424108721735,-42.3037678060832,22.1953619894868));
#5105=CARTESIAN_POINT('Ctrl Pts',(-11.1007039161925,-41.6318924273899,15.7174259531239));
#5106=CARTESIAN_POINT('Ctrl Pts',(-11.3373916317125,-40.4636727704213,8.38550806965706));
#5107=CARTESIAN_POINT('Ctrl Pts',(-9.87390065741764,-39.3457407046057,2.89790718741823));
#5108=CARTESIAN_POINT('Ctrl Pts',(-8.73150981005263,-38.6987426755364,-1.39727420797637E-13));
#5109=CARTESIAN_POINT('Ctrl Pts',(41.3858073554156,-19.633714442541,75.));
#5110=CARTESIAN_POINT('Ctrl Pts',(40.6121938658849,-20.1148864910361,73.225389266357));
#5111=CARTESIAN_POINT('Ctrl Pts',(38.0646285309518,-21.4118027883455,69.8301366040715));
#5112=CARTESIAN_POINT('Ctrl Pts',(32.354739253566,-24.0939434539544,65.06503111471));
#5113=CARTESIAN_POINT('Ctrl Pts',(26.0517926718359,-27.190593623419,60.4840271264672));
#5114=CARTESIAN_POINT('Ctrl Pts',(20.8088953136082,-30.0245421393128,56.4740517614804));
#5115=CARTESIAN_POINT('Ctrl Pts',(16.6055708445005,-32.3898241545694,52.9826423407713));
#5116=CARTESIAN_POINT('Ctrl Pts',(13.1034099706876,-34.2844182926662,50.0104696839423));
#5117=CARTESIAN_POINT('Ctrl Pts',(9.50454571858683,-36.0066039363766,47.0701819450896));
#5118=CARTESIAN_POINT('Ctrl Pts',(5.60210014425756,-37.5324615733178,44.1692706262296));
#5119=CARTESIAN_POINT('Ctrl Pts',(1.26823452873989,-38.8482579201125,41.2991769341906));
#5120=CARTESIAN_POINT('Ctrl Pts',(-4.25817239637221,-40.1315262995863,37.9433126619947));
#5121=CARTESIAN_POINT('Ctrl Pts',(-9.72411413712616,-41.0294271037406,34.7376989511724));
#5122=CARTESIAN_POINT('Ctrl Pts',(-14.5817272399995,-41.6180156042099,31.5654412641141));
#5123=CARTESIAN_POINT('Ctrl Pts',(-19.1290266214914,-42.0471993311818,28.1989309734548));
#5124=CARTESIAN_POINT('Ctrl Pts',(-23.8880168273152,-42.2852818226645,23.5281951535977));
#5125=CARTESIAN_POINT('Ctrl Pts',(-27.1921530075852,-42.0871759643288,16.9180722583553));
#5126=CARTESIAN_POINT('Ctrl Pts',(-27.6053407984681,-41.3866382655262,9.1600181082448));
#5127=CARTESIAN_POINT('Ctrl Pts',(-25.8563394874713,-40.5663562025608,3.18896300485679));
#5128=CARTESIAN_POINT('Ctrl Pts',(-24.4706960677224,-40.0622881961893,-1.51008361804241E-13));
#5129=CARTESIAN_POINT('Ctrl Pts',(39.7171626241434,-17.5817253547151,75.));
#5130=CARTESIAN_POINT('Ctrl Pts',(38.851019394191,-18.0730802440874,73.1545967960972));
#5131=CARTESIAN_POINT('Ctrl Pts',(35.9544027071591,-19.3659835267802,69.6208837226455));
#5132=CARTESIAN_POINT('Ctrl Pts',(29.4113281733165,-21.9894949191929,64.6787592822061));
#5133=CARTESIAN_POINT('Ctrl Pts',(22.1790587215298,-25.0034908483479,59.9765473489295));
#5134=CARTESIAN_POINT('Ctrl Pts',(16.1690589216109,-27.7690310459931,55.9310366656198));
#5135=CARTESIAN_POINT('Ctrl Pts',(11.3528605300838,-30.0952662187191,52.475323747852));
#5136=CARTESIAN_POINT('Ctrl Pts',(7.33525186813137,-31.9759706746284,49.5830578533868));
#5137=CARTESIAN_POINT('Ctrl Pts',(3.19507235490121,-33.7079015047487,46.7720248901962));
#5138=CARTESIAN_POINT('Ctrl Pts',(-1.31140733613619,-35.2688902492733,44.0452378664728));
#5139=CARTESIAN_POINT('Ctrl Pts',(-6.33480631205722,-36.6452627828572,41.3845764505599));
#5140=CARTESIAN_POINT('Ctrl Pts',(-12.7602913073712,-38.028570276721,38.2957083491297));
#5141=CARTESIAN_POINT('Ctrl Pts',(-19.1347516612381,-39.0517676603744,35.3366917702132));
#5142=CARTESIAN_POINT('Ctrl Pts',(-24.8121987009542,-39.778617818968,32.3521568939788));
#5143=CARTESIAN_POINT('Ctrl Pts',(-30.1352679868086,-40.3602844604785,29.134360021028));
#5144=CARTESIAN_POINT('Ctrl Pts',(-35.7229340196672,-40.8136168622674,24.5540067458613));
#5145=CARTESIAN_POINT('Ctrl Pts',(-39.6398954098249,-40.9048450402819,17.8461772815726));
#5146=CARTESIAN_POINT('Ctrl Pts',(-40.2067412415745,-40.5187824401917,9.76012979732314));
#5147=CARTESIAN_POINT('Ctrl Pts',(-38.2418596155433,-39.9201734372784,3.4146181645343));
#5148=CARTESIAN_POINT('Ctrl Pts',(-36.6690108983151,-39.5288129083085,-1.59697873042263E-13));
#5149=CARTESIAN_POINT('Ctrl Pts',(38.2775547412762,-15.4482936243155,75.));
#5150=CARTESIAN_POINT('Ctrl Pts',(37.3213905860334,-15.9436715345841,73.0847659809792));
#5151=CARTESIAN_POINT('Ctrl Pts',(34.0853193083449,-17.2128452289828,69.4138675967449));
#5152=CARTESIAN_POINT('Ctrl Pts',(26.7335925973338,-19.7313841395705,64.2947872094997));
#5153=CARTESIAN_POINT('Ctrl Pts',(18.6025247930092,-22.6017555772494,59.4696223216845));
#5154=CARTESIAN_POINT('Ctrl Pts',(11.8548558800886,-25.2344288485276,55.3854516225213));
#5155=CARTESIAN_POINT('Ctrl Pts',(6.45224739206491,-27.4594512614557,51.9616105925456));
#5156=CARTESIAN_POINT('Ctrl Pts',(1.94244573259172,-29.2701607277419,49.1452924703717));
#5157=CARTESIAN_POINT('Ctrl Pts',(-2.71509999337285,-30.9529587404006,46.4589898025952));
#5158=CARTESIAN_POINT('Ctrl Pts',(-7.80079316688338,-32.4885858110444,43.901415094527));
#5159=CARTESIAN_POINT('Ctrl Pts',(-13.4880223511609,-33.8654081632509,41.4451350648095));
#5160=CARTESIAN_POINT('Ctrl Pts',(-20.7820789321913,-35.2790775814716,38.6176008734085));
#5161=CARTESIAN_POINT('Ctrl Pts',(-28.0371186235391,-36.3640547599293,35.9007316126555));
#5162=CARTESIAN_POINT('Ctrl Pts',(-34.5105606237285,-37.1748641566473,33.1012176019477));
#5163=CARTESIAN_POINT('Ctrl Pts',(-40.587525629992,-37.8572283667804,30.03060668664));
#5164=CARTESIAN_POINT('Ctrl Pts',(-46.9813998200492,-38.4663312283324,25.5413615602124));
#5165=CARTESIAN_POINT('Ctrl Pts',(-51.4952466311506,-38.7900465207782,18.7420439125246));
#5166=CARTESIAN_POINT('Ctrl Pts',(-52.2131529512776,-38.6770618503658,10.3402949464704));
#5167=CARTESIAN_POINT('Ctrl Pts',(-50.0404732843223,-38.2856365358193,3.63286238193436));
#5168=CARTESIAN_POINT('Ctrl Pts',(-48.287092717935,-38.0038335863707,-1.68067270149785E-13));
#5169=CARTESIAN_POINT('Ctrl Pts',(36.9159342281225,-12.667681995076,75.));
#5170=CARTESIAN_POINT('Ctrl Pts',(35.8534204779747,-13.1541760667454,73.0009261705506));
#5171=CARTESIAN_POINT('Ctrl Pts',(32.2219716995506,-14.3574701037065,69.1643416154309));
#5172=CARTESIAN_POINT('Ctrl Pts',(23.93833086249,-16.6660210484863,63.8289700470467));
#5173=CARTESIAN_POINT('Ctrl Pts',(14.7838082520967,-19.2576501492297,58.850544602648));
#5174=CARTESIAN_POINT('Ctrl Pts',(7.21096634547334,-21.6204015290488,54.7138348851654));
#5175=CARTESIAN_POINT('Ctrl Pts',(1.16292333173807,-23.6189453333244,51.3224636944073));
#5176=CARTESIAN_POINT('Ctrl Pts',(-3.884756127801,-25.2510579914329,48.5922403198925));
#5177=CARTESIAN_POINT('Ctrl Pts',(-9.10812915930057,-26.7780888212157,46.0506711389095));
#5178=CARTESIAN_POINT('Ctrl Pts',(-14.8326889916057,-28.1854501106767,43.6915116679094));
#5179=CARTESIAN_POINT('Ctrl Pts',(-21.2606560079458,-29.4642498119377,41.4763708200602));
#5180=CARTESIAN_POINT('Ctrl Pts',(-29.5329602121569,-30.8013922600782,38.9585148494634));
#5181=CARTESIAN_POINT('Ctrl Pts',(-37.7877661986751,-31.8606782697767,36.5299399440641));
#5182=CARTESIAN_POINT('Ctrl Pts',(-45.1688042865819,-32.6848726644141,33.9519042439617));
#5183=CARTESIAN_POINT('Ctrl Pts',(-52.1063931137144,-33.4057315865502,31.0585518308331));
#5184=CARTESIAN_POINT('Ctrl Pts',(-59.4203534581095,-34.1103350126546,26.6819108347608));
#5185=CARTESIAN_POINT('Ctrl Pts',(-64.6113537023101,-34.6235062207226,19.7814982564302));
#5186=CARTESIAN_POINT('Ctrl Pts',(-65.4918300748201,-34.7764007632805,11.0150722854026));
#5187=CARTESIAN_POINT('Ctrl Pts',(-63.0736655438139,-34.6134512439847,3.88686348798565));
#5188=CARTESIAN_POINT('Ctrl Pts',(-61.1103996466444,-34.4588288278323,-1.77747640503886E-13));
#5189=CARTESIAN_POINT('Ctrl Pts',(36.0471154288672,-9.56104615075096,75.));
#5190=CARTESIAN_POINT('Ctrl Pts',(34.8809955126164,-10.0104315050887,72.9185875930615));
#5191=CARTESIAN_POINT('Ctrl Pts',(30.8769083779726,-11.0854872795792,68.9182352552682));
#5192=CARTESIAN_POINT('Ctrl Pts',(21.737365347873,-13.0771859738607,63.3661733745538));
#5193=CARTESIAN_POINT('Ctrl Pts',(11.6641532852,-15.2716983853918,58.2306536711861));
#5194=CARTESIAN_POINT('Ctrl Pts',(3.37530123930743,-17.2512721979926,54.0347952765587));
#5195=CARTESIAN_POINT('Ctrl Pts',(-3.21499843572484,-18.9198329272625,50.6677482019605));
#5196=CARTESIAN_POINT('Ctrl Pts',(-8.7072007937157,-20.2825877634134,48.0151076373677));
#5197=CARTESIAN_POINT('Ctrl Pts',(-14.3990418445494,-21.5612676540429,45.6084406503358));
#5198=CARTESIAN_POINT('Ctrl Pts',(-20.6612243466288,-22.7470408297046,43.4369131342549));
#5199=CARTESIAN_POINT('Ctrl Pts',(-27.7248494949422,-23.8354813245981,41.4517200572247));
#5200=CARTESIAN_POINT('Ctrl Pts',(-36.8510815039926,-24.9898928844765,39.2309002299416));
#5201=CARTESIAN_POINT('Ctrl Pts',(-45.9920502454453,-25.9275280871009,37.0806080046708));
#5202=CARTESIAN_POINT('Ctrl Pts',(-54.1815816419932,-26.6817578296937,34.7179489516375));
#5203=CARTESIAN_POINT('Ctrl Pts',(-61.8871457752208,-27.3611609655616,31.9983965638153));
#5204=CARTESIAN_POINT('Ctrl Pts',(-70.0215065049528,-28.0684383221629,27.7359926443645));
#5205=CARTESIAN_POINT('Ctrl Pts',(-75.8045624115496,-28.6766749839141,20.7485418351329));
#5206=CARTESIAN_POINT('Ctrl Pts',(-76.8066555968837,-29.0198381721107,11.6451452988409));
#5207=CARTESIAN_POINT('Ctrl Pts',(-74.148647814788,-29.0502784015589,4.12428655809342));
#5208=CARTESIAN_POINT('Ctrl Pts',(-71.9872338029291,-29.0099066695105,-1.86718621077831E-13));
#5209=CARTESIAN_POINT('Ctrl Pts',(35.719430104495,-6.78898233938765,75.));
#5210=CARTESIAN_POINT('Ctrl Pts',(34.4732005754111,-7.17737400178453,72.8554373243755));
#5211=CARTESIAN_POINT('Ctrl Pts',(30.1841649419397,-8.08368202562028,68.7288549500889));
#5212=CARTESIAN_POINT('Ctrl Pts',(20.3920423200525,-9.71292151512134,63.0078558111126));
#5213=CARTESIAN_POINT('Ctrl Pts',(9.61731048320985,-11.4723920731818,57.7473040249886));
#5214=CARTESIAN_POINT('Ctrl Pts',(0.778938991237964,-13.0345808151684,53.5004335511445));
#5215=CARTESIAN_POINT('Ctrl Pts',(-6.22973753344809,-14.3382800385064,50.1459729055918));
#5216=CARTESIAN_POINT('Ctrl Pts',(-12.0658279337732,-15.3968706609292,47.5469368530565));
#5217=CARTESIAN_POINT('Ctrl Pts',(-18.1196008261292,-16.3868300349711,45.2372843618997));
#5218=CARTESIAN_POINT('Ctrl Pts',(-24.7956336634421,-17.3045941924849,43.2028935853323));
#5219=CARTESIAN_POINT('Ctrl Pts',(-32.3469252364963,-18.1498320761674,41.3873035097684));
#5220=CARTESIAN_POINT('Ctrl Pts',(-42.1261945160781,-19.0530927786583,39.386957848883));
#5221=CARTESIAN_POINT('Ctrl Pts',(-51.9429247106888,-19.7986411776642,37.4446452931407));
#5222=CARTESIAN_POINT('Ctrl Pts',(-60.7490294116933,-20.4128194206603,35.2442715474074));
#5223=CARTESIAN_POINT('Ctrl Pts',(-69.0403551289695,-20.9780315493191,32.6568614463918));
#5224=CARTESIAN_POINT('Ctrl Pts',(-77.8011634692048,-21.5930317758287,28.4844875552028));
#5225=CARTESIAN_POINT('Ctrl Pts',(-84.0404837825505,-22.1774651978697,21.4408811156367));
#5226=CARTESIAN_POINT('Ctrl Pts',(-85.1436871726432,-22.5902829257449,12.0983014363908));
#5227=CARTESIAN_POINT('Ctrl Pts',(-82.3108002719701,-22.7338891504169,4.29528049108833));
#5228=CARTESIAN_POINT('Ctrl Pts',(-80.0029059081456,-22.7679723766496,-1.93117029761699E-13));
#5229=CARTESIAN_POINT('Ctrl Pts',(35.7478725069851,-4.38052705114488,75.));
#5230=CARTESIAN_POINT('Ctrl Pts',(34.4423922719051,-4.68980642388109,72.8098516653152));
#5231=CARTESIAN_POINT('Ctrl Pts',(29.9413242463682,-5.39769302093332,68.5917312181697));
#5232=CARTESIAN_POINT('Ctrl Pts',(19.6571290888103,-6.63438799192712,62.7467907397097));
#5233=CARTESIAN_POINT('Ctrl Pts',(8.34188843240002,-7.9359350193129,57.3924251726241));
#5234=CARTESIAN_POINT('Ctrl Pts',(-0.935565467319265,-9.06007845237773,
53.1039930352001));
#5235=CARTESIAN_POINT('Ctrl Pts',(-8.29043597486027,-9.97627723260263,49.7532427650836));
#5236=CARTESIAN_POINT('Ctrl Pts',(-14.4158660886541,-10.7068366787779,47.1874813389366));
#5237=CARTESIAN_POINT('Ctrl Pts',(-20.7734441089881,-11.3787931110304,44.941735338896));
#5238=CARTESIAN_POINT('Ctrl Pts',(-27.7904211883899,-11.9934482563931,42.9997210160733));
#5239=CARTESIAN_POINT('Ctrl Pts',(-35.7341686196763,-12.554568090337,41.2997775413726));
#5240=CARTESIAN_POINT('Ctrl Pts',(-46.0289116502975,-13.1523722770527,39.4510248623224));
#5241=CARTESIAN_POINT('Ctrl Pts',(-56.3702917835205,-13.6483444094711,37.6530135576998));
#5242=CARTESIAN_POINT('Ctrl Pts',(-65.6523625211242,-14.0646986281022,35.5664570562064));
#5243=CARTESIAN_POINT('Ctrl Pts',(-74.3954818865566,-14.4551141836783,33.0728166745293));
#5244=CARTESIAN_POINT('Ctrl Pts',(-83.6413802058161,-14.8973917166275,28.9672411211231));
#5245=CARTESIAN_POINT('Ctrl Pts',(-90.2446390116189,-15.3562761311605,21.8929822193118));
#5246=CARTESIAN_POINT('Ctrl Pts',(-91.4490084949927,-15.7336754076133,12.3962605635354));
#5247=CARTESIAN_POINT('Ctrl Pts',(-88.5025601826259,-15.9195431591441,4.40795346945849));
#5248=CARTESIAN_POINT('Ctrl Pts',(-86.0932055217088,-15.992737157065,-1.97275607073634E-13));
#5249=CARTESIAN_POINT('Ctrl Pts',(36.0608393755498,-2.0982197518713,75.));
#5250=CARTESIAN_POINT('Ctrl Pts',(34.7109443000315,-2.30097888248763,72.7777371558671));
#5251=CARTESIAN_POINT('Ctrl Pts',(30.0544542729465,-2.7613154453971,68.4947438792526));
#5252=CARTESIAN_POINT('Ctrl Pts',(19.4095282129564,-3.54439266334133,62.5604248403941));
#5253=CARTESIAN_POINT('Ctrl Pts',(7.68987831292159,-4.33393510933782,57.1359590005715));
#5254=CARTESIAN_POINT('Ctrl Pts',(-1.92873474969769,-4.97282347958703,52.8125348999285));
#5255=CARTESIAN_POINT('Ctrl Pts',(-9.56191527563404,-5.45744102613918,49.4576091239341));
#5256=CARTESIAN_POINT('Ctrl Pts',(-15.9232491123849,-5.81921029710267,46.9082401269316));
#5257=CARTESIAN_POINT('Ctrl Pts',(-22.5275585022273,-6.12879818676857,44.6993544871232));
#5258=CARTESIAN_POINT('Ctrl Pts',(-29.8159017894532,-6.39205206053323,42.8134182416641));
#5259=CARTESIAN_POINT('Ctrl Pts',(-38.0639433371245,-6.61674190342953,41.1855546388242));
#5260=CARTESIAN_POINT('Ctrl Pts',(-48.7497333136296,-6.84371188171234,39.4329583960872));
#5261=CARTESIAN_POINT('Ctrl Pts',(-59.4815583812038,-7.0249362250568,37.7282052624903));
#5262=CARTESIAN_POINT('Ctrl Pts',(-69.1149434559969,-7.18038398335964,35.7168387806818));
#5263=CARTESIAN_POINT('Ctrl Pts',(-78.1909642324533,-7.33134737031913,33.286598837265));
#5264=CARTESIAN_POINT('Ctrl Pts',(-87.7954734982874,-7.51773134395294,29.230026823723));
#5265=CARTESIAN_POINT('Ctrl Pts',(-94.6750586559632,-7.74911011468084,22.1471709291706));
#5266=CARTESIAN_POINT('Ctrl Pts',(-95.9705332820641,-7.98890370855988,12.5667486916027));
#5267=CARTESIAN_POINT('Ctrl Pts',(-92.9556136511998,-8.14985124938553,4.47277821044979));
#5268=CARTESIAN_POINT('Ctrl Pts',(-90.4795808457055,-8.22904581174731,-1.99589625133946E-13));
#5269=CARTESIAN_POINT('Ctrl Pts',(36.4299276952434,-0.681789132704241,75.));
#5270=CARTESIAN_POINT('Ctrl Pts',(35.0616385831414,-0.793136143237614,72.7667892938799));
#5271=CARTESIAN_POINT('Ctrl Pts',(30.351220673312,-1.05611314950383,68.4613884821493));
#5272=CARTESIAN_POINT('Ctrl Pts',(19.5915016731454,-1.5086822104963,62.4948326465037));
#5273=CARTESIAN_POINT('Ctrl Pts',(7.74451398374088,-1.94297402227892,57.0427745734769));
#5274=CARTESIAN_POINT('Ctrl Pts',(-1.98395306525982,-2.25287553851725,52.7018826260254));
#5275=CARTESIAN_POINT('Ctrl Pts',(-9.70860495778262,-2.44618683378084,49.3387369448303));
#5276=CARTESIAN_POINT('Ctrl Pts',(-16.1477126878448,-2.55851369921107,46.7877662605743));
#5277=CARTESIAN_POINT('Ctrl Pts',(-22.8319298465765,-2.62134193566549,44.5829970565234));
#5278=CARTESIAN_POINT('Ctrl Pts',(-30.2054966946022,-2.64279349389182,42.7067461020102));
#5279=CARTESIAN_POINT('Ctrl Pts',(-38.5461730346876,-2.63279628642504,41.0935108420453));
#5280=CARTESIAN_POINT('Ctrl Pts',(-49.3474942413381,-2.59662775290627,39.362326008103));
#5281=CARTESIAN_POINT('Ctrl Pts',(-60.1912066318116,-2.5485342223695,37.6802745160352));
#5282=CARTESIAN_POINT('Ctrl Pts',(-69.9241162496438,-2.50801066042725,35.6890247694967));
#5283=CARTESIAN_POINT('Ctrl Pts',(-79.0937438080124,-2.47452668313644,33.2773316360073));
#5284=CARTESIAN_POINT('Ctrl Pts',(-88.7981854456138,-2.45395652681865,29.2391880435851));
#5285=CARTESIAN_POINT('Ctrl Pts',(-95.7554155920811,-2.48119952847602,22.1667497098403));
#5286=CARTESIAN_POINT('Ctrl Pts',(-97.0771504550046,-2.56747146187315,12.5837003759782));
#5287=CARTESIAN_POINT('Ctrl Pts',(-94.0437468281881,-2.66412261958481,4.4796780954891));
#5288=CARTESIAN_POINT('Ctrl Pts',(-91.5493901165453,-2.72176974242047,-1.99739551841023E-13));
#5289=CARTESIAN_POINT('Ctrl Pts',(36.6468835142364,-0.00366653779571307,
75.));
#5290=CARTESIAN_POINT('Ctrl Pts',(35.2725326681036,-0.0636761676959703,
72.7643010767734));
#5291=CARTESIAN_POINT('Ctrl Pts',(30.5490249074644,-0.220357255622432,68.4536727991847));
#5292=CARTESIAN_POINT('Ctrl Pts',(19.7680415040149,-0.505173078802229,62.4789125570373));
#5293=CARTESIAN_POINT('Ctrl Pts',(7.8985700904782,-0.765980910617229,57.0186767570145));
#5294=CARTESIAN_POINT('Ctrl Pts',(-1.85037127387943,-0.918865986672773,
52.6708860004341));
#5295=CARTESIAN_POINT('Ctrl Pts',(-9.59294427608093,-0.974408982614885,
49.3022265628832));
#5296=CARTESIAN_POINT('Ctrl Pts',(-16.0471723906153,-0.969149429447959,
46.7470037478663));
#5297=CARTESIAN_POINT('Ctrl Pts',(-22.7463235361934,-0.915660990054972,
44.5385718813093));
#5298=CARTESIAN_POINT('Ctrl Pts',(-30.1343997836688,-0.822826323929273,
42.6593632546844));
#5299=CARTESIAN_POINT('Ctrl Pts',(-38.4887059178047,-0.701327867799629,
41.0439908351414));
#5300=CARTESIAN_POINT('Ctrl Pts',(-49.3049880048557,-0.539221545438317,
39.3114046888097));
#5301=CARTESIAN_POINT('Ctrl Pts',(-60.1614458885838,-0.380037022322976,
37.6294759612779));
#5302=CARTESIAN_POINT('Ctrl Pts',(-69.904416129761,-0.243102677150565,35.6397174808738));
#5303=CARTESIAN_POINT('Ctrl Pts',(-79.0831174374665,-0.117733731089467,
33.230499224738));
#5304=CARTESIAN_POINT('Ctrl Pts',(-88.7970008794667,0.00839868464799656,
29.1974153398007));
#5305=CARTESIAN_POINT('Ctrl Pts',(-95.7611695508242,0.0904082857332233,
22.1345843195265));
#5306=CARTESIAN_POINT('Ctrl Pts',(-97.0855015654865,0.0933750915174533,
12.5650678508441));
#5307=CARTESIAN_POINT('Ctrl Pts',(-94.0503766771154,0.041162898550416,4.47294443976108));
#5308=CARTESIAN_POINT('Ctrl Pts',(-91.5541250820974,0.00154503551328449,
-1.99425565736599E-13));
#5309=CARTESIAN_POINT('',(-91.5541250820976,0.00154503550683905,-9.71445146547012E-16));
#5310=CARTESIAN_POINT('Ctrl Pts',(-91.5541250820975,0.00154503550672258,
9.13169279775916E-15));
#5311=CARTESIAN_POINT('Ctrl Pts',(-91.5493901165446,-2.72176974242487,9.13042789522446E-15));
#5312=CARTESIAN_POINT('Ctrl Pts',(-91.0144854811247,-5.47540777708601,9.04369172142562E-15));
#5313=CARTESIAN_POINT('Ctrl Pts',(-90.0159706094161,-8.1461753519685,8.88178419700125E-15));
#5314=CARTESIAN_POINT('Ctrl Pts',(-89.0174557377067,-10.8169429268532,9.41954847455406E-15));
#5315=CARTESIAN_POINT('Ctrl Pts',(-87.5553306297078,-13.4048400419591,9.1824695995039E-15));
#5316=CARTESIAN_POINT('Ctrl Pts',(-85.8092181401145,-15.8279944694428,8.88178419700125E-15));
#5317=CARTESIAN_POINT('Ctrl Pts',(-84.0631056505212,-18.2511488969265,9.66240976119082E-15));
#5318=CARTESIAN_POINT('Ctrl Pts',(-82.0330057793335,-20.509560636788,9.29811783123569E-15));
#5319=CARTESIAN_POINT('Ctrl Pts',(-79.8156050279571,-22.5750566506479,8.88178419700125E-15));
#5320=CARTESIAN_POINT('Ctrl Pts',(-77.5982042765807,-24.6405526645078,5.45859653774035E-15));
#5321=CARTESIAN_POINT('Ctrl Pts',(-75.1935026450158,-26.5131329523661,4.97287396446685E-15));
#5322=CARTESIAN_POINT('Ctrl Pts',(-72.5480691489714,-28.2200658366604,4.44089209850063E-15));
#5323=CARTESIAN_POINT('Ctrl Pts',(-69.0208244875788,-30.4959763490528,5.96166634577363E-15));
#5324=CARTESIAN_POINT('Ctrl Pts',(-65.0656120671116,-32.4774025884426,5.22730007427678E-15));
#5325=CARTESIAN_POINT('Ctrl Pts',(-60.5233444711362,-34.1771166598451,4.44089209850063E-15));
#5326=CARTESIAN_POINT('Ctrl Pts',(-55.9810768751607,-35.8768307312477,2.84205529480867E-15));
#5327=CARTESIAN_POINT('Ctrl Pts',(-50.851754103677,-37.294832634663,1.98914958578674E-15));
#5328=CARTESIAN_POINT('Ctrl Pts',(-45.2692859066424,-38.2758263764474,1.11022302462516E-15));
#5329=CARTESIAN_POINT('Ctrl Pts',(-42.4780518081252,-38.7663232473396,-1.88289777288314E-16));
#5330=CARTESIAN_POINT('Ctrl Pts',(-39.5735313532202,-39.1475680778241,-6.47630097698011E-16));
#5331=CARTESIAN_POINT('Ctrl Pts',(-36.5964817719436,-39.4048749040514,-1.11022302462516E-15));
#5332=CARTESIAN_POINT('Ctrl Pts',(-33.619432190667,-39.6621817302788,-1.34151948808873E-15));
#5333=CARTESIAN_POINT('Ctrl Pts',(-30.5698534830188,-39.795550552249,-1.78098276866952E-15));
#5334=CARTESIAN_POINT('Ctrl Pts',(-27.4875219274087,-39.7935600655189,-2.22044604925031E-15));
#5335=CARTESIAN_POINT('Ctrl Pts',(-21.3228588161885,-39.7895790920588,-3.76782842483973E-15));
#5336=CARTESIAN_POINT('Ctrl Pts',(-15.0271843131206,-39.2441608837976,-4.67218856196421E-15));
#5337=CARTESIAN_POINT('Ctrl Pts',(-8.8868992667474,-38.392958336943,-5.55111512312579E-15));
#5338=CARTESIAN_POINT('Ctrl Pts',(-2.74661422037428,-37.5417557900884,-6.05563053405571E-15));
#5339=CARTESIAN_POINT('Ctrl Pts',(3.23828136930402,-36.3847689046403,-6.93889390390723E-15));
#5340=CARTESIAN_POINT('Ctrl Pts',(8.91665809325575,-35.4420848625296,-7.7715611723761E-15));
#5341=CARTESIAN_POINT('Ctrl Pts',(14.5950348172075,-34.4994008204189,-7.41883406559414E-15));
#5342=CARTESIAN_POINT('Ctrl Pts',(19.9668926754326,-33.7710196216455,-8.18789480661053E-15));
#5343=CARTESIAN_POINT('Ctrl Pts',(25.0068377567593,-33.5681703357727,-8.88178419700125E-15));
#5344=CARTESIAN_POINT('Ctrl Pts',(28.7867965677544,-33.416033371368,-1.02146300677101E-14));
#5345=CARTESIAN_POINT('Ctrl Pts',(32.380054441744,-33.55950810797,-1.06858966120171E-14));
#5346=CARTESIAN_POINT('Ctrl Pts',(35.8156490122214,-33.9574674350107,-1.11022302462516E-14));
#5347=CARTESIAN_POINT('Ctrl Pts',(39.2512435826987,-34.3554267620514,-1.04372529137938E-14));
#5348=CARTESIAN_POINT('Ctrl Pts',(42.5291748496637,-35.0078706795309,-1.08015448437489E-14));
#5349=CARTESIAN_POINT('Ctrl Pts',(45.6929228775571,-35.742407947777,-1.11022302462516E-14));
#5350=CARTESIAN_POINT('Ctrl Pts',(48.8566709054504,-36.4769452160232,-1.18134668714021E-14));
#5351=CARTESIAN_POINT('Ctrl Pts',(51.9062356942722,-37.293575835036,-1.20505457464522E-14));
#5352=CARTESIAN_POINT('Ctrl Pts',(54.8760542869442,-37.996689403768,-1.22124532708767E-14));
#5353=CARTESIAN_POINT('Ctrl Pts',(57.8458728796163,-38.6998029725001,-1.26808286093905E-14));
#5354=CARTESIAN_POINT('Ctrl Pts',(60.7359452761386,-39.2893994909513,-1.27675647831893E-14));
#5355=CARTESIAN_POINT('Ctrl Pts',(63.5526591472403,-39.6367131873549,-1.27675647831893E-14));
#5356=CARTESIAN_POINT('Ctrl Pts',(66.5408806781524,-40.0051745622293,-1.28774306033345E-14));
#5357=CARTESIAN_POINT('Ctrl Pts',(69.56077244725,-40.1150180411721,-1.28369537222284E-14));
#5358=CARTESIAN_POINT('Ctrl Pts',(72.5740661569505,-39.8627176875833,-1.27675647831893E-14));
#5359=CARTESIAN_POINT('Ctrl Pts',(75.5873598666508,-39.6104173339945,-1.2440858528547E-14));
#5360=CARTESIAN_POINT('Ctrl Pts',(78.594055516954,-38.9959731478741,-1.23367751199884E-14));
#5361=CARTESIAN_POINT('Ctrl Pts',(81.5063857621792,-38.032328950543,-1.22124532708767E-14));
#5362=CARTESIAN_POINT('Ctrl Pts',(84.4187160074044,-37.0686847532119,-1.25030194531028E-14));
#5363=CARTESIAN_POINT('Ctrl Pts',(87.2366808475516,-35.7558405446701,-1.2362795972128E-14));
#5364=CARTESIAN_POINT('Ctrl Pts',(89.8477499499305,-34.1804880823833,-1.22124532708767E-14));
#5365=CARTESIAN_POINT('Ctrl Pts',(92.4588190523094,-32.6051356200965,-1.19811568074131E-14));
#5366=CARTESIAN_POINT('Ctrl Pts',(94.8629924169199,-30.7672749040648,-1.18192492829886E-14));
#5367=CARTESIAN_POINT('Ctrl Pts',(96.9541640588418,-28.7650387599946,-1.16573417585641E-14));
#5368=CARTESIAN_POINT('Ctrl Pts',(99.0453357007637,-26.7628026159244,-1.14130348690307E-14));
#5369=CARTESIAN_POINT('Ctrl Pts',(100.823505619997,-24.5961910438157,-1.12525729475029E-14));
#5370=CARTESIAN_POINT('Ctrl Pts',(102.218865750905,-22.3232706556936,-1.11022302462516E-14));
#5371=CARTESIAN_POINT('Ctrl Pts',(103.614225881813,-20.0503502675715,-1.02666717719894E-14));
#5372=CARTESIAN_POINT('Ctrl Pts',(104.626776224395,-17.671121063436,-1.01192202765314E-14));
#5373=CARTESIAN_POINT('Ctrl Pts',(105.237600466142,-15.226342205017,-9.99200722162641E-15));
#5374=CARTESIAN_POINT('Ctrl Pts',(105.848424707888,-12.781563346598,-1.12785937996425E-14));
#5375=CARTESIAN_POINT('Ctrl Pts',(106.057522848799,-10.2712348338956,-1.11745103910839E-14));
#5376=CARTESIAN_POINT('Ctrl Pts',(105.905237376312,-7.75598786008149,-1.11022302462516E-14));
#5377=CARTESIAN_POINT('Ctrl Pts',(105.752951903825,-5.24074088626737,-1.11427071273577E-14));
#5378=CARTESIAN_POINT('Ctrl Pts',(105.23928281794,-2.7205754513416,-1.11022302462516E-14));
#5379=CARTESIAN_POINT('Ctrl Pts',(104.45501381106,-0.288694154403417,-1.11022302462516E-14));
#5380=CARTESIAN_POINT('Ctrl Pts',(103.134539003493,3.80586773626454,-1.02695629777827E-14));
#5381=CARTESIAN_POINT('Ctrl Pts',(101.003274019632,7.79050034613853,-9.71445146547012E-15));
#5382=CARTESIAN_POINT('Ctrl Pts',(98.4086548618154,11.1930658514213,-8.88178419700125E-15));
#5383=CARTESIAN_POINT('Ctrl Pts',(97.1113452829072,12.8943486040627,-8.2449961210281E-15));
#5384=CARTESIAN_POINT('Ctrl Pts',(95.6981971605099,14.4501145805562,-7.74843152602973E-15));
#5385=CARTESIAN_POINT('Ctrl Pts',(94.2013111315182,15.8207415546519,-7.21644966006351E-15));
#5386=CARTESIAN_POINT('Ctrl Pts',(92.7044251025264,17.1913685287475,-6.70759744044365E-15));
#5387=CARTESIAN_POINT('Ctrl Pts',(91.1238011669401,18.3768565004453,-6.12935628178471E-15));
#5388=CARTESIAN_POINT('Ctrl Pts',(89.4655778385167,19.3683420356264,-5.55111512312578E-15));
#5389=CARTESIAN_POINT('Ctrl Pts',(87.8073545100932,20.3598275708074,-4.42932727532744E-15));
#5390=CARTESIAN_POINT('Ctrl Pts',(86.0715317888325,21.1573106694718,-3.86265093984168E-15));
#5391=CARTESIAN_POINT('Ctrl Pts',(84.2484023612612,21.7828280134792,-3.33066907387546E-15));
#5392=CARTESIAN_POINT('Ctrl Pts',(82.4252729336898,22.4083453574865,-3.1456319031046E-15));
#5393=CARTESIAN_POINT('Ctrl Pts',(80.5148367998077,22.8618969468368,-2.64834450665792E-15));
#5394=CARTESIAN_POINT('Ctrl Pts',(78.4940056317262,23.1846931883344,-2.22044604925031E-15));
#5395=CARTESIAN_POINT('Ctrl Pts',(74.4523432955631,23.8302856713294,-1.71159382963045E-15));
#5396=CARTESIAN_POINT('Ctrl Pts',(69.9691008226024,23.9528567629135,-1.11022302462516E-15));
#5397=CARTESIAN_POINT('Ctrl Pts',(65.0334874181903,23.9395881413781,-1.11022302462516E-15));
#5398=CARTESIAN_POINT('Ctrl Pts',(62.3821416476875,23.9324604146488,-1.21430643318377E-15));
#5399=CARTESIAN_POINT('Ctrl Pts',(59.4783249440054,23.8820766802228,-1.17961196366423E-15));
#5400=CARTESIAN_POINT('Ctrl Pts',(56.3496772426747,23.8391557916131,-1.11022302462516E-15));
#5401=CARTESIAN_POINT('Ctrl Pts',(53.2210295413441,23.7962349030034,-8.0375521053592E-16));
#5402=CARTESIAN_POINT('Ctrl Pts',(49.8675508423648,23.7607768602101,-6.93889390390721E-16));
#5403=CARTESIAN_POINT('Ctrl Pts',(46.375856497061,23.7952210114748,-5.55111512312576E-16));
#5404=CARTESIAN_POINT('Ctrl Pts',(42.8841621517573,23.8296651627396,-3.45499092298713E-16));
#5405=CARTESIAN_POINT('Ctrl Pts',(39.254252160129,23.9340115080624,-1.8503717077086E-16));
#5406=CARTESIAN_POINT('Ctrl Pts',(35.5898471428357,24.1558159235583,-3.01776273343442E-30));
#5407=CARTESIAN_POINT('Ctrl Pts',(31.9254421255422,24.3776203390542,-5.36318674656165E-16));
#5408=CARTESIAN_POINT('Ctrl Pts',(28.2265420825836,24.7168828247232,-2.77555756156289E-16));
#5409=CARTESIAN_POINT('Ctrl Pts',(24.5689843145152,25.189702396224,2.26332205007582E-30));
#5410=CARTESIAN_POINT('Ctrl Pts',(19.6922406237574,25.8201284915585,1.50487261540988E-15));
#5411=CARTESIAN_POINT('Ctrl Pts',(14.8889943105821,26.6879894061495,1.85037170770859E-15));
#5412=CARTESIAN_POINT('Ctrl Pts',(9.99210391788466,27.6468715357849,2.22044604925031E-15));
#5413=CARTESIAN_POINT('Ctrl Pts',(5.09521352518717,28.6057536654202,1.49186218934005E-15));
#5414=CARTESIAN_POINT('Ctrl Pts',(0.104679052967488,29.6556570100999,1.8503717077086E-15));
#5415=CARTESIAN_POINT('Ctrl Pts',(-5.28407233074387,30.5356196068732,2.22044604925032E-15));
#5416=CARTESIAN_POINT('Ctrl Pts',(-7.97844802259951,30.9756009052598,2.9158262176282E-15));
#5417=CARTESIAN_POINT('Ctrl Pts',(-10.7723779423281,31.3730970166698,3.12250225675825E-15));
#5418=CARTESIAN_POINT('Ctrl Pts',(-13.6689649797637,31.7027623288309,3.33066907387547E-15));
#5419=CARTESIAN_POINT('Ctrl Pts',(-16.5655520171994,32.0324276409919,2.91433543964103E-15));
#5420=CARTESIAN_POINT('Ctrl Pts',(-19.5647961723421,32.2942621539041,3.12250225675825E-15));
#5421=CARTESIAN_POINT('Ctrl Pts',(-22.6418068804538,32.471802537894,3.33066907387547E-15));
#5422=CARTESIAN_POINT('Ctrl Pts',(-28.7958282966772,32.8268833058739,4.79940161686917E-15));
#5423=CARTESIAN_POINT('Ctrl Pts',(-35.2609159247761,32.844787558165,5.18104078158407E-15));
#5424=CARTESIAN_POINT('Ctrl Pts',(-41.4846016964045,32.517979880141,5.55111512312579E-15));
#5425=CARTESIAN_POINT('Ctrl Pts',(-43.8184838607651,32.395427000882,5.22513166993181E-15));
#5426=CARTESIAN_POINT('Ctrl Pts',(-46.1184188890596,32.2243990064224,5.38920759870128E-15));
#5427=CARTESIAN_POINT('Ctrl Pts',(-48.3543493480971,32.0066939745092,5.55111512312578E-15));
#5428=CARTESIAN_POINT('Ctrl Pts',(-52.0809001131596,31.643852254654,6.14381231075119E-15));
#5429=CARTESIAN_POINT('Ctrl Pts',(-55.6296604080639,31.1513520974277,6.406912037941E-15));
#5430=CARTESIAN_POINT('Ctrl Pts',(-58.8882630738789,30.529386873425,6.66133814775094E-15));
#5431=CARTESIAN_POINT('Ctrl Pts',(-64.1020273391829,29.5342425150208,8.19945962978371E-15));
#5432=CARTESIAN_POINT('Ctrl Pts',(-68.5729880740181,28.2076675856692,8.55796914815225E-15));
#5433=CARTESIAN_POINT('Ctrl Pts',(-72.40616193945,26.4391368604278,8.88178419700126E-15));
#5434=CARTESIAN_POINT('Ctrl Pts',(-75.2810423385239,25.1127388164968,6.26813415986287E-15));
#5435=CARTESIAN_POINT('Ctrl Pts',(-77.7971676235584,23.5377406373778,6.47630097698008E-15));
#5436=CARTESIAN_POINT('Ctrl Pts',(-80.0678489474584,21.6869531118094,6.66133814775094E-15));
#5437=CARTESIAN_POINT('Ctrl Pts',(-82.3385302713585,19.836165586241,8.57242517711872E-15));
#5438=CARTESIAN_POINT('Ctrl Pts',(-84.363767634124,17.7095887142232,8.74300631892311E-15));
#5439=CARTESIAN_POINT('Ctrl Pts',(-86.0766792125481,15.3767624723586,8.88178419700125E-15));
#5440=CARTESIAN_POINT('Ctrl Pts',(-87.7895907909723,13.043936230494,1.09085194581008E-14));
#5441=CARTESIAN_POINT('Ctrl Pts',(-89.190176585055,10.5048606187826,1.10212764840393E-14));
#5442=CARTESIAN_POINT('Ctrl Pts',(-90.1324459979231,7.89754108778699,1.11022302462516E-14));
#5443=CARTESIAN_POINT('Ctrl Pts',(-91.0747154107912,5.29022155679141,8.84130731589513E-15));
#5444=CARTESIAN_POINT('Ctrl Pts',(-91.5586684424446,2.61465810651172,8.88178419700125E-15));
#5445=CARTESIAN_POINT('Ctrl Pts',(-91.5541250820975,0.00154503551317971,
8.88178419700125E-15));
#5446=CARTESIAN_POINT('Ctrl Pts',(36.6468835142364,-0.00366653779571307,
75.));
#5447=CARTESIAN_POINT('Ctrl Pts',(35.2725326681036,-0.0636761676959703,
72.7643010767734));
#5448=CARTESIAN_POINT('Ctrl Pts',(30.5490249074644,-0.220357255622432,68.4536727991847));
#5449=CARTESIAN_POINT('Ctrl Pts',(19.7680415040149,-0.505173078802229,62.4789125570373));
#5450=CARTESIAN_POINT('Ctrl Pts',(7.8985700904782,-0.765980910617229,57.0186767570145));
#5451=CARTESIAN_POINT('Ctrl Pts',(-1.85037127387943,-0.918865986672773,
52.6708860004341));
#5452=CARTESIAN_POINT('Ctrl Pts',(-9.59294427608093,-0.974408982614885,
49.3022265628832));
#5453=CARTESIAN_POINT('Ctrl Pts',(-16.0471723906153,-0.969149429447959,
46.7470037478663));
#5454=CARTESIAN_POINT('Ctrl Pts',(-22.7463235361934,-0.915660990054972,
44.5385718813093));
#5455=CARTESIAN_POINT('Ctrl Pts',(-30.1343997836688,-0.822826323929273,
42.6593632546844));
#5456=CARTESIAN_POINT('Ctrl Pts',(-38.4887059178047,-0.701327867799629,
41.0439908351414));
#5457=CARTESIAN_POINT('Ctrl Pts',(-49.3049880048557,-0.539221545438317,
39.3114046888097));
#5458=CARTESIAN_POINT('Ctrl Pts',(-60.1614458885838,-0.380037022322976,
37.6294759612779));
#5459=CARTESIAN_POINT('Ctrl Pts',(-69.904416129761,-0.243102677150565,35.6397174808738));
#5460=CARTESIAN_POINT('Ctrl Pts',(-79.0831174374665,-0.117733731089467,
33.230499224738));
#5461=CARTESIAN_POINT('Ctrl Pts',(-88.7970008794667,0.00839868464799656,
29.1974153398007));
#5462=CARTESIAN_POINT('Ctrl Pts',(-95.7611695508242,0.0904082857332233,
22.1345843195265));
#5463=CARTESIAN_POINT('Ctrl Pts',(-97.0855015654865,0.0933750915174533,
12.5650678508441));
#5464=CARTESIAN_POINT('Ctrl Pts',(-94.0503766771154,0.041162898550416,4.47294443976108));
#5465=CARTESIAN_POINT('Ctrl Pts',(-91.5541250820974,0.00154503551328449,
-1.99425565736599E-13));
#5466=CARTESIAN_POINT('Ctrl Pts',(65.0209987959104,-28.822645063419,75.));
#5467=CARTESIAN_POINT('Ctrl Pts',(63.9056123515655,-28.8179665592689,75.));
#5468=CARTESIAN_POINT('Ctrl Pts',(61.6445343084476,-28.7109919588704,75.));
#5469=CARTESIAN_POINT('Ctrl Pts',(58.2255091730654,-28.2415245264766,75.));
#5470=CARTESIAN_POINT('Ctrl Pts',(54.8482329772157,-27.4546673296301,75.));
#5471=CARTESIAN_POINT('Ctrl Pts',(51.2202621034957,-26.2293997486635,75.));
#5472=CARTESIAN_POINT('Ctrl Pts',(47.4887496578425,-24.4455706234573,75.));
#5473=CARTESIAN_POINT('Ctrl Pts',(43.890546377897,-22.007706932141,75.));
#5474=CARTESIAN_POINT('Ctrl Pts',(41.3858073554156,-19.633714442541,75.));
#5475=CARTESIAN_POINT('Ctrl Pts',(39.7171626241434,-17.5817253547151,75.));
#5476=CARTESIAN_POINT('Ctrl Pts',(38.2775547412762,-15.4482936243155,75.));
#5477=CARTESIAN_POINT('Ctrl Pts',(36.9159342281225,-12.667681995076,75.));
#5478=CARTESIAN_POINT('Ctrl Pts',(36.0471154288672,-9.56104615075096,75.));
#5479=CARTESIAN_POINT('Ctrl Pts',(35.719430104495,-6.78898233938765,75.));
#5480=CARTESIAN_POINT('Ctrl Pts',(35.7478725069851,-4.38052705114488,75.));
#5481=CARTESIAN_POINT('Ctrl Pts',(36.0608393755498,-2.0982197518713,75.));
#5482=CARTESIAN_POINT('Ctrl Pts',(36.4299276952434,-0.681789132704241,75.));
#5483=CARTESIAN_POINT('Ctrl Pts',(36.6468835142364,-0.00366653779571307,
75.));
#5484=CARTESIAN_POINT('Origin',(-1.98205963856197,-3.81524861086826,0.));
#5485=CARTESIAN_POINT('Ctrl Pts',(65.0211564505657,-28.8226652659937,75.));
#5486=CARTESIAN_POINT('Ctrl Pts',(65.0157175716272,-30.1060996286412,75.3613093316665));
#5487=CARTESIAN_POINT('Ctrl Pts',(65.0102786926887,-31.3895339912887,75.722618663333));
#5488=CARTESIAN_POINT('Ctrl Pts',(65.0048398137502,-32.6729683539362,76.0839279949994));
#5489=CARTESIAN_POINT('Ctrl Pts',(62.4716840572793,-28.81186122949,75.));
#5490=CARTESIAN_POINT('Ctrl Pts',(62.3812800996274,-30.099313465415,75.3463950967074));
#5491=CARTESIAN_POINT('Ctrl Pts',(62.2902447110318,-31.385903458176,75.6939326516091));
#5492=CARTESIAN_POINT('Ctrl Pts',(62.1998407533799,-32.673355694101,76.0403277483165));
#5493=CARTESIAN_POINT('Ctrl Pts',(58.5293930589457,-28.4044413661261,75.));
#5494=CARTESIAN_POINT('Ctrl Pts',(58.3071637242525,-29.676941472651,75.3509196705263));
#5495=CARTESIAN_POINT('Ctrl Pts',(58.0852162545374,-30.9498420491445,75.7018597360324));
#5496=CARTESIAN_POINT('Ctrl Pts',(57.8629869198442,-32.2223421556694,76.0527794065587));
#5497=CARTESIAN_POINT('Ctrl Pts',(50.8675330427871,-26.3559209152766,75.));
#5498=CARTESIAN_POINT('Ctrl Pts',(50.3805419486485,-27.536473560913,75.4250606813252));
#5499=CARTESIAN_POINT('Ctrl Pts',(49.8931339446471,-28.7163398169583,75.8500923823781));
#5500=CARTESIAN_POINT('Ctrl Pts',(49.4061428505086,-29.8968924625947,76.2751530637033));
#5501=CARTESIAN_POINT('Ctrl Pts',(43.9860738213376,-22.6305471377015,75.));
#5502=CARTESIAN_POINT('Ctrl Pts',(43.2356045382959,-23.62179593743,75.551638566471));
#5503=CARTESIAN_POINT('Ctrl Pts',(42.4853762263529,-24.6134876802244,76.1035712048757));
#5504=CARTESIAN_POINT('Ctrl Pts',(41.7349069433113,-25.6047364799529,76.6552097713467));
#5505=CARTESIAN_POINT('Ctrl Pts',(38.6123817988833,-16.5324017731288,74.9999999999999));
#5506=CARTESIAN_POINT('Ctrl Pts',(37.6186327995893,-17.1746989129706,75.6514254686983));
#5507=CARTESIAN_POINT('Ctrl Pts',(36.6249530556748,-17.8170771113743,76.3028940607909));
#5508=CARTESIAN_POINT('Ctrl Pts',(35.6312040563807,-18.4593742512161,76.9543195294893));
#5509=CARTESIAN_POINT('Ctrl Pts',(36.0748810008511,-10.7224124274874,75.));
#5510=CARTESIAN_POINT('Ctrl Pts',(34.9505956363092,-11.0214024027091,75.6836917523546));
#5511=CARTESIAN_POINT('Ctrl Pts',(33.8261953032135,-11.3203114871969,76.3675851471601));
#5512=CARTESIAN_POINT('Ctrl Pts',(32.7019099386716,-11.6193014624187,77.0512768995147));
#5513=CARTESIAN_POINT('Ctrl Pts',(35.499235181113,-4.97315675683361,75.));
#5514=CARTESIAN_POINT('Ctrl Pts',(34.3341265977762,-4.92551729041732,75.6749001274759));
#5515=CARTESIAN_POINT('Ctrl Pts',(33.1691260830581,-4.87798033151702,76.3498503548719));
#5516=CARTESIAN_POINT('Ctrl Pts',(32.0040174997214,-4.83034086510073,77.0247504823479));
#5517=CARTESIAN_POINT('Ctrl Pts',(36.1509844993953,-1.55366104044378,75.));
#5518=CARTESIAN_POINT('Ctrl Pts',(35.0199900248241,-1.29562953729591,75.6647655078321));
#5519=CARTESIAN_POINT('Ctrl Pts',(33.8890828407273,-1.03743479565861,76.3294027066553));
#5520=CARTESIAN_POINT('Ctrl Pts',(32.7580883661562,-0.779403292510733,76.9941682144875));
#5521=CARTESIAN_POINT('Ctrl Pts',(36.6468835142364,-0.0036665377957161,
75.));
#5522=CARTESIAN_POINT('Ctrl Pts',(35.547081729622,0.348199627264257,75.6666363433107));
#5523=CARTESIAN_POINT('Ctrl Pts',(34.4472799450076,0.70006579232423,76.3332726866214));
#5524=CARTESIAN_POINT('Ctrl Pts',(33.3474781603931,1.0519319573842,76.9999090299322));
#5525=UNCERTAINTY_MEASURE_WITH_UNIT(LENGTH_MEASURE(0.01),#5529,
'DISTANCE_ACCURACY_VALUE',
'Maximum model space distance between geometric entities at asserted c
onnectivities');
#5526=UNCERTAINTY_MEASURE_WITH_UNIT(LENGTH_MEASURE(0.01),#5529,
'DISTANCE_ACCURACY_VALUE',
'Maximum model space distance between geometric entities at asserted c
onnectivities');
#5527=(
GEOMETRIC_REPRESENTATION_CONTEXT(3)
GLOBAL_UNCERTAINTY_ASSIGNED_CONTEXT((#5525))
GLOBAL_UNIT_ASSIGNED_CONTEXT((#5529,#5531,#5532))
REPRESENTATION_CONTEXT('','3D')
);
#5528=(
GEOMETRIC_REPRESENTATION_CONTEXT(3)
GLOBAL_UNCERTAINTY_ASSIGNED_CONTEXT((#5526))
GLOBAL_UNIT_ASSIGNED_CONTEXT((#5529,#5531,#5532))
REPRESENTATION_CONTEXT('','3D')
);
#5529=(
LENGTH_UNIT()
NAMED_UNIT(*)
SI_UNIT(.MILLI.,.METRE.)
);
#5530=(
LENGTH_UNIT()
NAMED_UNIT(*)
SI_UNIT($,.METRE.)
);
#5531=(
NAMED_UNIT(*)
PLANE_ANGLE_UNIT()
SI_UNIT($,.RADIAN.)
);
#5532=(
NAMED_UNIT(*)
SI_UNIT($,.STERADIAN.)
SOLID_ANGLE_UNIT()
);
#5533=SHAPE_DEFINITION_REPRESENTATION(#5534,#5535);
#5534=PRODUCT_DEFINITION_SHAPE('',$,#5537);
#5535=SHAPE_REPRESENTATION('',(#161),#5527);
#5536=PRODUCT_DEFINITION_CONTEXT('part definition',#5541,'design');
#5537=PRODUCT_DEFINITION('2026-10-03-22-24-32-383','simple-footwear',#5538,
#5536);
#5538=PRODUCT_DEFINITION_FORMATION('',$,#5543);
#5539=PRODUCT_RELATED_PRODUCT_CATEGORY('simple-footwear',
'simple-footwear',(#5543));
#5540=APPLICATION_PROTOCOL_DEFINITION('international standard',
'automotive_design',2009,#5541);
#5541=APPLICATION_CONTEXT(
'Core Data for Automotive Mechanical Design Process');
#5542=PRODUCT_CONTEXT('part definition',#5541,'mechanical');
#5543=PRODUCT('2026-10-03-22-24-32-383','simple-footwear',$,(#5542));
#5544=PRESENTATION_STYLE_ASSIGNMENT((#5545));
#5545=SURFACE_STYLE_USAGE(.BOTH.,#5546);
#5546=SURFACE_SIDE_STYLE('',(#5547));
#5547=SURFACE_STYLE_FILL_AREA(#5548);
#5548=FILL_AREA_STYLE('Steel - Satin',(#5549));
#5549=FILL_AREA_STYLE_COLOUR('Steel - Satin',#5550);
#5550=COLOUR_RGB('Steel - Satin',0.627450980392157,0.627450980392157,0.627450980392157);
ENDSEC;
END-ISO-10303-21;
